regime,replicate,reversal,recurrence,recurrence_time,final_backlog,late_slope,regions_over_final
fixed_post_lift,0,1,1,229.0,732.9613255199796,9.679188692255273,12.0
fixed_post_lift,1,1,1,232.0,550.9482249721896,7.888678450136101,12.0
fixed_post_lift,2,1,1,237.0,659.5768351150051,9.77415969110642,12.0
fixed_post_lift,3,1,1,223.0,693.8435241327938,8.849816853688209,12.0
fixed_post_lift,4,1,1,234.0,681.308096083657,9.984285893206355,12.0
fixed_post_lift,5,1,1,230.0,737.602563991108,10.738087527347592,12.0
fixed_post_lift,6,1,1,219.0,726.24251140383,9.446088380151641,12.0
fixed_post_lift,7,1,1,233.0,702.705625757039,10.208999891866162,12.0
fixed_post_lift,8,1,1,234.0,709.3358739603218,10.288872012749586,12.0
fixed_post_lift,9,1,1,245.0,566.4518939208132,10.955883666334906,12.0
fixed_post_lift,10,1,1,236.0,697.7077349606539,12.858638408288682,12.0
fixed_post_lift,11,1,1,229.0,722.6334065188399,10.7265257348377,12.0
fixed_post_lift,12,1,1,235.0,611.8944553600589,8.346441178623975,12.0
fixed_post_lift,13,1,1,231.0,698.2160917982334,10.652832965147997,12.0
fixed_post_lift,14,1,1,224.0,744.4907475890874,9.170611860196034,12.0
fixed_post_lift,15,1,1,223.0,600.3495917324419,7.115177665214434,12.0
fixed_post_lift,16,1,1,237.0,693.7330892650124,10.89825825908159,12.0
fixed_post_lift,17,1,1,224.0,739.9165435014393,11.933592227829632,12.0
fixed_post_lift,18,1,1,233.0,663.2599617134119,10.39367893469238,12.0
fixed_post_lift,19,1,1,226.0,677.5942650509128,10.796909236596308,12.0
fixed_post_lift,20,1,1,228.0,643.7981742002213,9.880446065327863,12.0
fixed_post_lift,21,1,1,231.0,706.9879688033394,10.305567194102723,12.0
fixed_post_lift,22,1,1,242.0,667.1305384970808,10.981427715915379,12.0
fixed_post_lift,23,1,1,228.0,745.7723709835009,11.043463784637805,12.0
fixed_post_lift,24,1,1,235.0,590.0162096137489,9.29271746178143,12.0
fixed_post_lift,25,1,1,233.0,760.0718238071073,10.804788915348361,12.0
fixed_post_lift,26,1,1,227.0,761.1099102059021,9.996864617701808,12.0
fixed_post_lift,27,1,1,233.0,628.5183892819507,8.741228266260375,12.0
fixed_post_lift,28,1,1,226.0,745.0788678605797,10.314324206768367,12.0
fixed_post_lift,29,1,1,230.0,680.1851305889503,10.352795220324797,12.0
fixed_post_lift,30,1,1,225.0,762.1774046692042,11.682832910721661,12.0
fixed_post_lift,31,1,1,226.0,730.9635231007586,11.292231855719342,12.0
fixed_post_lift,32,1,1,230.0,719.6283530382195,9.38305465469333,12.0
fixed_post_lift,33,1,1,224.0,670.7552714697665,10.0127429921057,12.0
fixed_post_lift,34,1,1,233.0,682.0226887701544,10.091180137070575,12.0
fixed_post_lift,35,1,1,234.0,710.0834183380404,11.63538306761423,12.0
fixed_post_lift,36,1,1,228.0,687.350331105116,9.570501715417873,12.0
fixed_post_lift,37,1,1,234.0,627.4983512467326,9.006669206736966,12.0
fixed_post_lift,38,1,1,222.0,675.6460146149357,10.656790442355287,12.0
fixed_post_lift,39,1,1,229.0,709.6867111718224,10.681157346453851,12.0
fixed_post_lift,40,1,1,230.0,641.9390356284953,9.03572315818929,12.0
fixed_post_lift,41,1,1,224.0,754.1111767969718,11.390917660900133,12.0
fixed_post_lift,42,1,1,231.0,687.4061058653454,8.568363748024584,12.0
fixed_post_lift,43,1,1,235.0,774.1387885897806,13.668860240161473,12.0
fixed_post_lift,44,1,1,229.0,701.2963877351142,9.860081189807289,12.0
fixed_post_lift,45,1,1,240.0,665.3829600795306,11.566702004293013,12.0
fixed_post_lift,46,1,1,234.0,802.3381966958191,13.387532702123156,12.0
fixed_post_lift,47,1,1,229.0,770.9291126720643,11.797858590970892,12.0
fixed_post_lift,48,1,1,237.0,692.7294320927197,9.953204878699166,12.0
fixed_post_lift,49,1,1,228.0,734.1055794775751,10.04185188476961,12.0
fixed_post_lift,50,1,1,231.0,720.9319059019417,10.937355744908283,12.0
fixed_post_lift,51,1,1,241.0,655.0247551347964,10.174408544135833,12.0
fixed_post_lift,52,1,1,243.0,703.1652390274229,11.375273948106974,12.0
fixed_post_lift,53,1,1,231.0,781.996027437661,12.594968273612027,12.0
fixed_post_lift,54,1,1,224.0,664.6013234647993,9.17351818564812,12.0
fixed_post_lift,55,1,1,235.0,695.3266739384233,9.89791605710875,12.0
fixed_post_lift,56,1,1,239.0,620.8080173340174,9.563630440129122,12.0
fixed_post_lift,57,1,1,243.0,583.2147851178852,8.649827862945157,12.0
fixed_post_lift,58,1,1,221.0,697.4067007775794,9.458305916967525,12.0
fixed_post_lift,59,1,1,227.0,719.3593401238784,9.22789918045917,12.0
fixed_post_lift,60,1,1,229.0,705.5406969371146,10.169601486705695,12.0
fixed_post_lift,61,1,1,226.0,766.2002936107546,9.69538684634843,12.0
fixed_post_lift,62,1,1,237.0,684.3072652037669,8.2158422281886,12.0
fixed_post_lift,63,1,1,243.0,578.4233639917222,9.618308996355479,12.0
fixed_post_lift,64,1,1,219.0,725.0356238427772,7.907810784196813,12.0
fixed_post_lift,65,1,1,228.0,728.0551333980245,7.830101189509823,12.0
fixed_post_lift,66,1,1,231.0,672.5877028626783,10.716465460609328,12.0
fixed_post_lift,67,1,1,229.0,746.3441099675975,9.7525250960834,12.0
fixed_post_lift,68,1,1,237.0,741.4346819971636,10.626407268199673,12.0
fixed_post_lift,69,1,1,236.0,747.8820697296663,11.604534681928648,12.0
fixed_post_lift,70,1,1,220.0,740.5826907709355,10.602372871877218,12.0
fixed_post_lift,71,1,1,226.0,764.5585154912327,11.254590677997415,12.0
fixed_post_lift,72,1,1,231.0,679.5103820129539,11.088315078178077,12.0
fixed_post_lift,73,1,1,235.0,673.9392578490953,8.860061233099549,12.0
fixed_post_lift,74,1,1,220.0,734.8670984657088,9.430279248882147,12.0
fixed_post_lift,75,1,1,231.0,666.5481274955007,11.535331598419944,12.0
fixed_post_lift,76,1,1,237.0,633.9138761692634,10.334023494463436,12.0
fixed_post_lift,77,1,1,236.0,625.3809293669468,8.77897388342237,12.0
fixed_post_lift,78,1,1,229.0,655.5108106106208,9.867253795149926,12.0
fixed_post_lift,79,1,1,232.0,636.2904824028378,9.2096249615358,12.0
fixed_post_lift,80,1,1,233.0,648.4820860836104,9.129255932203629,12.0
fixed_post_lift,81,1,1,223.0,778.5653735497225,11.21569137936573,12.0
fixed_post_lift,82,1,1,231.0,703.4605653847511,9.657896958898775,12.0
fixed_post_lift,83,1,1,228.0,661.0507393338543,9.86844441924018,12.0
fixed_post_lift,84,1,1,237.0,593.7998901570801,9.247460125753546,12.0
fixed_post_lift,85,1,1,228.0,632.6627097094525,7.763717096624325,12.0
fixed_post_lift,86,1,1,229.0,685.3610710138082,10.482941934122476,12.0
fixed_post_lift,87,1,1,230.0,689.8106751506147,11.011722191758448,12.0
fixed_post_lift,88,1,1,236.0,621.5870373510239,8.753038722557447,12.0
fixed_post_lift,89,1,1,231.0,735.1555618994933,10.411571814314843,12.0
fixed_post_lift,90,1,1,232.0,714.745525748845,10.408250074674168,12.0
fixed_post_lift,91,1,1,234.0,746.6415476388448,11.499670234966171,12.0
fixed_post_lift,92,1,1,236.0,692.1392312133754,11.952352284936852,12.0
fixed_post_lift,93,1,1,235.0,712.6939638999318,11.662236394564399,12.0
fixed_post_lift,94,1,1,231.0,716.84201611166,11.050745103871424,12.0
fixed_post_lift,95,1,1,233.0,702.9353179273086,9.961759733268014,12.0
fixed_post_lift,96,1,1,233.0,649.227302563696,9.243362323451572,12.0
fixed_post_lift,97,1,1,229.0,727.7298337994106,12.621021007044527,12.0
fixed_post_lift,98,1,1,226.0,723.9955441888736,11.05707492726158,12.0
fixed_post_lift,99,1,1,223.0,660.938716723,11.120910788240108,12.0
fixed_post_lift,100,1,1,224.0,670.8647311064403,9.405177914236317,12.0
fixed_post_lift,101,1,1,235.0,683.3637737213303,11.42546454451369,12.0
fixed_post_lift,102,1,1,233.0,655.3881122289779,10.352789830194018,12.0
fixed_post_lift,103,1,1,239.0,658.7513180006238,9.349472359268644,12.0
fixed_post_lift,104,1,1,231.0,737.8072776826382,11.476523669240573,12.0
fixed_post_lift,105,1,1,230.0,733.4347755789316,10.55119123906757,12.0
fixed_post_lift,106,1,1,232.0,635.2912027240865,9.215502460074935,12.0
fixed_post_lift,107,1,1,233.0,710.7009139201574,10.25648572669376,12.0
fixed_post_lift,108,1,1,231.0,710.5931194302142,10.974326429114363,12.0
fixed_post_lift,109,1,1,236.0,754.5352577393668,12.857039609305058,12.0
fixed_post_lift,110,1,1,243.0,683.8362195118519,10.942706813429615,12.0
fixed_post_lift,111,1,1,238.0,667.6965895620124,8.41065766364568,12.0
fixed_post_lift,112,1,1,238.0,656.7244533926296,9.856212503021835,12.0
fixed_post_lift,113,1,1,238.0,699.1668817462465,10.243630027126102,12.0
fixed_post_lift,114,1,1,226.0,735.1923349800115,10.914715813266264,12.0
fixed_post_lift,115,1,1,239.0,676.6477987053406,10.543157503365656,12.0
fixed_post_lift,116,1,1,236.0,678.9031342705986,11.10111548250949,12.0
fixed_post_lift,117,1,1,222.0,754.0331519941903,9.683200082239953,12.0
fixed_post_lift,118,1,1,236.0,708.441187391526,8.069999573303832,12.0
fixed_post_lift,119,1,1,240.0,693.6840417035753,10.294506524130654,12.0
fixed_post_lift,120,1,1,221.0,767.7872919457742,10.450719119404335,12.0
fixed_post_lift,121,1,1,230.0,675.0782097466092,10.820573329647221,12.0
fixed_post_lift,122,1,1,234.0,669.7163449075753,10.425117391778377,12.0
fixed_post_lift,123,1,1,232.0,640.7431187291207,9.180205997320488,12.0
fixed_post_lift,124,1,1,232.0,651.343970405233,9.41368351609897,12.0
fixed_post_lift,125,1,1,226.0,663.4087405553314,10.98653090125043,12.0
fixed_post_lift,126,1,1,219.0,781.3534921453065,13.338190879370146,12.0
fixed_post_lift,127,1,1,236.0,723.7378646193607,10.602739047033827,12.0
fixed_post_lift,128,1,1,227.0,776.062873815574,11.067401093573851,12.0
fixed_post_lift,129,1,1,237.0,622.8292447138269,8.336190158019045,12.0
fixed_post_lift,130,1,1,232.0,777.0573471406829,13.448826973694302,12.0
fixed_post_lift,131,1,1,226.0,803.4963475945623,11.534281265804996,12.0
fixed_post_lift,132,1,1,239.0,698.2486202108034,12.143090865816054,12.0
fixed_post_lift,133,1,1,247.0,667.2813717169946,9.8921185624918,12.0
fixed_post_lift,134,1,1,235.0,679.2781887385387,10.631174024003649,12.0
fixed_post_lift,135,1,1,233.0,776.4821761528368,10.874152577333588,12.0
fixed_post_lift,136,1,1,228.0,672.8581208955164,8.587582764154352,12.0
fixed_post_lift,137,1,1,238.0,694.97711815231,10.93606691825896,12.0
fixed_post_lift,138,1,1,238.0,665.6283574136952,8.294383977784454,12.0
fixed_post_lift,139,1,1,224.0,744.9578500660084,9.825695794071144,12.0
fixed_post_lift,140,1,1,248.0,587.8580944944684,8.783863866847218,12.0
fixed_post_lift,141,1,1,223.0,670.675137308609,9.01843849855706,12.0
fixed_post_lift,142,1,1,228.0,719.1698562741495,10.987652220159761,12.0
fixed_post_lift,143,1,1,237.0,671.3272857386057,11.51865029245695,12.0
fixed_post_lift,144,1,1,230.0,707.9111483869185,11.807853085678849,12.0
fixed_post_lift,145,1,1,226.0,801.6427795309011,10.437919879475848,12.0
fixed_post_lift,146,1,1,219.0,685.475024233415,8.600217603750737,12.0
fixed_post_lift,147,1,1,234.0,744.2542358289784,11.699584203460397,12.0
fixed_post_lift,148,1,1,235.0,576.1869768639524,8.129814180468644,12.0
fixed_post_lift,149,1,1,234.0,649.7548399123665,9.973053316549505,12.0
fixed_post_lift,150,1,1,228.0,726.490462157107,9.823502138114367,12.0
fixed_post_lift,151,1,1,243.0,649.1626186758987,9.552643506075395,12.0
fixed_post_lift,152,1,1,226.0,714.3071429293451,9.910087388090844,12.0
fixed_post_lift,153,1,1,221.0,783.484561451842,10.78353207336826,12.0
fixed_post_lift,154,1,1,237.0,799.9429001499238,13.482081869039414,12.0
fixed_post_lift,155,1,1,222.0,736.8508039605902,9.793838046288915,12.0
fixed_post_lift,156,1,1,236.0,643.1411008853647,10.523938144692785,12.0
fixed_post_lift,157,1,1,234.0,779.3726371246149,10.570293935131563,12.0
fixed_post_lift,158,1,1,231.0,747.1820213195381,10.975570513677242,12.0
fixed_post_lift,159,1,1,235.0,660.2601661381084,9.950641063283317,12.0
fixed_post_lift,160,1,1,239.0,557.1805108967037,6.42159905888047,12.0
fixed_post_lift,161,1,1,239.0,696.4255201092843,10.798799097252907,12.0
fixed_post_lift,162,1,1,231.0,712.7258460245184,12.277401904318069,12.0
fixed_post_lift,163,1,1,231.0,639.3183813608639,8.671325395130394,12.0
fixed_post_lift,164,1,1,224.0,723.1942498314206,9.508027145345666,12.0
fixed_post_lift,165,1,1,234.0,658.7611446792446,11.192796149576575,12.0
fixed_post_lift,166,1,1,254.0,596.7420227413895,10.933440741796442,12.0
fixed_post_lift,167,1,1,230.0,718.3847534738702,11.51341186700224,12.0
fixed_post_lift,168,1,1,224.0,789.1112266105085,11.19915597902578,12.0
fixed_post_lift,169,1,1,239.0,780.3431192695107,11.218824676005926,12.0
fixed_post_lift,170,1,1,224.0,638.379117282828,7.963341912290226,12.0
fixed_post_lift,171,1,1,224.0,662.4362394179301,10.02124556931888,12.0
fixed_post_lift,172,1,1,229.0,668.4218016649306,7.8955439444916165,12.0
fixed_post_lift,173,1,1,236.0,624.0220304364045,10.17524697096628,12.0
fixed_post_lift,174,1,1,249.0,579.4472197599285,11.673113162990608,12.0
fixed_post_lift,175,1,1,227.0,812.0233881345279,11.802100782826145,12.0
fixed_post_lift,176,1,1,229.0,672.4140382814168,10.590249288640965,12.0
fixed_post_lift,177,1,1,226.0,689.72582420307,8.985999743716855,12.0
fixed_post_lift,178,1,1,230.0,641.5511716434924,9.302132387728962,12.0
fixed_post_lift,179,1,1,222.0,746.4875839667092,9.641315611868533,12.0
fixed_post_lift,180,1,1,224.0,803.6056520153275,9.651664968977443,12.0
fixed_post_lift,181,1,1,231.0,739.8695078190859,11.648540270592363,12.0
fixed_post_lift,182,1,1,232.0,745.8195888400339,11.248886900499569,12.0
fixed_post_lift,183,1,1,239.0,722.2449787560199,10.06103153425645,12.0
fixed_post_lift,184,1,1,233.0,703.0048278661267,9.976517311877757,12.0
fixed_post_lift,185,1,1,223.0,731.6822534928841,10.077254293883733,12.0
fixed_post_lift,186,1,1,226.0,709.7498745652911,8.850018089737869,12.0
fixed_post_lift,187,1,1,239.0,736.8326240395029,11.922522731539422,12.0
fixed_post_lift,188,1,1,228.0,696.5053151115744,10.929136541103215,12.0
fixed_post_lift,189,1,1,236.0,707.8625938134087,8.261500805417642,12.0
fixed_post_lift,190,1,1,226.0,709.7494018319868,10.89983898364663,12.0
fixed_post_lift,191,1,1,238.0,681.1243646467902,9.960954374459755,12.0
fixed_post_lift,192,1,1,228.0,792.1501552382107,10.781225499084378,12.0
fixed_post_lift,193,1,1,222.0,799.8331845236731,12.656875571191456,12.0
fixed_post_lift,194,1,1,230.0,653.62849659205,8.515410728662255,12.0
fixed_post_lift,195,1,1,240.0,638.4995152602808,10.76890279253807,12.0
fixed_post_lift,196,1,1,226.0,769.1808518017652,11.848596988811888,12.0
fixed_post_lift,197,1,1,233.0,696.0551020772201,11.303512981518994,12.0
fixed_post_lift,198,1,1,234.0,677.2261685882032,11.841140469410092,12.0
fixed_post_lift,199,1,1,227.0,652.1854636323883,9.080029196841252,12.0
fixed_post_lift,200,1,1,230.0,783.4789062827812,12.290371561695483,12.0
fixed_post_lift,201,1,1,232.0,681.316516367072,9.222683926482388,12.0
fixed_post_lift,202,1,1,229.0,635.7531612692612,9.344006887299788,12.0
fixed_post_lift,203,1,1,232.0,656.9463182563481,10.183643577090876,12.0
fixed_post_lift,204,1,1,237.0,644.2391075880313,9.163863993014168,12.0
fixed_post_lift,205,1,1,240.0,689.8806974782647,7.874829855647566,12.0
fixed_post_lift,206,1,1,228.0,684.1977333737168,9.075160554150111,12.0
fixed_post_lift,207,1,1,233.0,746.0796980304187,10.437245140219254,12.0
fixed_post_lift,208,1,1,234.0,684.4210141427396,9.257267060382619,12.0
fixed_post_lift,209,1,1,242.0,632.2380440693275,9.634378520933208,12.0
fixed_post_lift,210,1,1,232.0,813.4345220889253,12.825302617676048,12.0
fixed_post_lift,211,1,1,232.0,693.4895027346964,9.652621176583851,12.0
fixed_post_lift,212,1,1,224.0,760.3602348983079,10.714905202445564,12.0
fixed_post_lift,213,1,1,228.0,701.1176782853057,11.381577257803745,12.0
fixed_post_lift,214,1,1,232.0,655.5696554842018,7.858334337871265,12.0
fixed_post_lift,215,1,1,241.0,578.309356051633,7.984919555716893,12.0
fixed_post_lift,216,1,1,228.0,687.2483166096665,10.308107452719522,12.0
fixed_post_lift,217,1,1,241.0,655.0114332068551,9.685524291541316,12.0
fixed_post_lift,218,1,1,235.0,697.772788469511,9.083109059040966,12.0
fixed_post_lift,219,1,1,243.0,533.2416352694869,8.497165853185145,12.0
fixed_post_lift,220,1,1,226.0,711.4684453347237,10.271127726070462,12.0
fixed_post_lift,221,1,1,224.0,728.6332274040116,7.831422203309553,12.0
fixed_post_lift,222,1,1,231.0,703.0474037569297,9.973561150707328,12.0
fixed_post_lift,223,1,1,233.0,769.6727295636806,11.356836660818093,12.0
fixed_post_lift,224,1,1,232.0,731.0754650556732,9.503120588864187,12.0
fixed_post_lift,225,1,1,229.0,743.7940322825455,11.160565436285422,12.0
fixed_post_lift,226,1,1,229.0,652.4413849005523,8.330555444838602,12.0
fixed_post_lift,227,1,1,224.0,705.5122071871295,9.335638147976775,12.0
fixed_post_lift,228,1,1,243.0,617.5541025688495,9.08787781116726,12.0
fixed_post_lift,229,1,1,230.0,761.1499371655799,11.855469164954203,12.0
fixed_post_lift,230,1,1,226.0,712.3373920411406,10.337277268236953,12.0
fixed_post_lift,231,1,1,232.0,729.4388319859852,10.190468531009667,12.0
fixed_post_lift,232,1,1,232.0,735.1354264218261,10.775329542983615,12.0
fixed_post_lift,233,1,1,233.0,677.7081637960181,9.052518408132793,12.0
fixed_post_lift,234,1,1,241.0,689.646278108943,9.881027039177877,12.0
fixed_post_lift,235,1,1,230.0,710.7699494468284,10.893672343134902,12.0
fixed_post_lift,236,1,1,235.0,749.3490873644048,11.243617469377881,12.0
fixed_post_lift,237,1,1,227.0,741.4485124243533,10.593177572404448,12.0
fixed_post_lift,238,1,1,233.0,654.7192575527972,10.391431758067979,12.0
fixed_post_lift,239,1,1,240.0,712.7858943948486,11.724652854735918,12.0
fixed_post_lift,240,1,1,240.0,683.9028629552646,12.520126551953949,12.0
fixed_post_lift,241,1,1,235.0,677.8431371943798,11.099500642337931,12.0
fixed_post_lift,242,1,1,233.0,757.3694358515241,11.8603128715488,12.0
fixed_post_lift,243,1,1,239.0,691.2167997302012,11.470483771471311,12.0
fixed_post_lift,244,1,1,240.0,590.1274312745711,7.803288633952454,12.0
fixed_post_lift,245,1,1,232.0,728.7847093580807,12.049429395184756,12.0
fixed_post_lift,246,1,1,234.0,655.316109467797,9.508143578824045,12.0
fixed_post_lift,247,1,1,239.0,613.9196525243659,9.703514084899197,12.0
fixed_post_lift,248,1,1,236.0,670.3594859879996,9.983562575162916,12.0
fixed_post_lift,249,1,1,229.0,718.23426700524,11.623932318572734,12.0
fixed_post_lift,250,1,1,236.0,693.7356886323722,12.37825301475016,12.0
fixed_post_lift,251,1,1,228.0,759.3834648239716,9.371164633013978,12.0
fixed_post_lift,252,1,1,230.0,626.6505866327857,8.341760547342343,12.0
fixed_post_lift,253,1,1,228.0,720.071477311223,10.547778417189365,12.0
fixed_post_lift,254,1,1,227.0,734.2855530458422,10.408703602998004,12.0
fixed_post_lift,255,1,1,237.0,710.9985308571681,10.986930744334213,12.0
fixed_post_lift,256,1,1,225.0,746.7870548857253,10.451621327975499,12.0
fixed_post_lift,257,1,1,234.0,677.1057052507269,10.369447455487883,12.0
fixed_post_lift,258,1,1,228.0,676.0281690727836,10.169926265381672,12.0
fixed_post_lift,259,1,1,219.0,683.8877742159581,10.555095984673958,12.0
fixed_post_lift,260,1,1,238.0,720.4218469748381,11.346536569102469,12.0
fixed_post_lift,261,1,1,231.0,663.7082434619131,9.680084048760135,12.0
fixed_post_lift,262,1,1,222.0,692.9802348829676,11.293330527733541,12.0
fixed_post_lift,263,1,1,233.0,732.5881956395496,11.081101832173708,12.0
fixed_post_lift,264,1,1,225.0,646.7137084196744,9.391212677016693,12.0
fixed_post_lift,265,1,1,231.0,678.5786150873247,11.722743889424466,12.0
fixed_post_lift,266,1,1,227.0,743.2568898937617,11.668012127309904,12.0
fixed_post_lift,267,1,1,244.0,622.6615062674633,11.046587720397795,12.0
fixed_post_lift,268,1,1,239.0,722.2894160037009,10.770848463669278,12.0
fixed_post_lift,269,1,1,233.0,756.5089729577422,11.596023215790735,12.0
fixed_post_lift,270,1,1,230.0,743.61977571794,10.058453297477953,12.0
fixed_post_lift,271,1,1,237.0,676.7850948001548,9.767640456168063,12.0
fixed_post_lift,272,1,1,226.0,566.1179594489116,7.5864067660025,12.0
fixed_post_lift,273,1,1,227.0,739.8529300950935,7.919149431883029,12.0
fixed_post_lift,274,1,1,231.0,688.2469532827524,10.453712222295595,12.0
fixed_post_lift,275,1,1,236.0,738.1014629748161,10.533071720348895,12.0
fixed_post_lift,276,1,1,237.0,689.9201874467886,12.009770654832742,12.0
fixed_post_lift,277,1,1,227.0,732.2935816727049,9.901156753925918,12.0
fixed_post_lift,278,1,1,243.0,614.6902817142634,9.139179833728608,12.0
fixed_post_lift,279,1,1,224.0,772.0305917929325,11.032025470794913,12.0
fixed_post_lift,280,1,1,236.0,684.9456414500482,12.927991558319748,12.0
fixed_post_lift,281,1,1,239.0,686.0673818522584,11.251728367954872,12.0
fixed_post_lift,282,1,1,236.0,677.6880805101852,10.259325121549825,12.0
fixed_post_lift,283,1,1,232.0,730.1841259829118,9.82461462344484,12.0
fixed_post_lift,284,1,1,223.0,595.8346397946747,8.577069958738132,12.0
fixed_post_lift,285,1,1,240.0,718.5201325059012,11.2153029599499,12.0
fixed_post_lift,286,1,1,233.0,709.5002744282954,11.289189874770642,12.0
fixed_post_lift,287,1,1,234.0,688.7861849501664,10.946230331170801,12.0
fixed_post_lift,288,1,1,222.0,623.9613807044302,7.893437983242983,12.0
fixed_post_lift,289,1,1,237.0,663.6353052077261,10.96893179711845,12.0
fixed_post_lift,290,1,1,229.0,659.9851453827608,9.015267949472813,12.0
fixed_post_lift,291,1,1,246.0,660.0239905234494,9.528306082845658,12.0
fixed_post_lift,292,1,1,236.0,660.7524298407725,10.629815458222179,12.0
fixed_post_lift,293,1,1,226.0,775.5383576372271,11.030284034907467,12.0
fixed_post_lift,294,1,1,231.0,726.0719188765712,10.14913553020243,12.0
fixed_post_lift,295,1,1,233.0,779.8867694513068,10.628424963678437,12.0
fixed_post_lift,296,1,1,237.0,689.7407872915009,9.678661876472642,12.0
fixed_post_lift,297,1,1,236.0,610.8404795544199,10.436743718038326,12.0
fixed_post_lift,298,1,1,235.0,726.1402872958469,11.485822439479174,12.0
fixed_post_lift,299,1,1,233.0,644.400197211271,9.949553731914676,12.0
fixed_post_lift,300,1,1,219.0,681.7213620988093,9.583412452082388,12.0
fixed_post_lift,301,1,1,233.0,704.330347216445,10.123066929191937,12.0
fixed_post_lift,302,1,1,234.0,738.0540847447315,11.858125854009428,12.0
fixed_post_lift,303,1,1,232.0,668.8651090022212,9.263815000913375,12.0
fixed_post_lift,304,1,1,235.0,609.9340825639862,8.476671991039359,12.0
fixed_post_lift,305,1,1,236.0,753.4340990298064,11.486181171478666,12.0
fixed_post_lift,306,1,1,224.0,680.5118432683935,9.43110403507177,12.0
fixed_post_lift,307,1,1,236.0,638.8976199556546,9.771137219271724,12.0
fixed_post_lift,308,1,1,224.0,783.9050587146842,11.343347563435767,12.0
fixed_post_lift,309,1,1,234.0,669.9424743846721,10.190912362791256,12.0
fixed_post_lift,310,1,1,225.0,716.3151644554799,10.15034538818815,12.0
fixed_post_lift,311,1,1,227.0,685.6215087506622,11.967426836804997,12.0
fixed_post_lift,312,1,1,238.0,684.2794116875091,9.502395046259089,12.0
fixed_post_lift,313,1,1,236.0,670.527792386488,10.539060337558048,12.0
fixed_post_lift,314,1,1,227.0,682.8034692227318,9.978352308969049,12.0
fixed_post_lift,315,1,1,228.0,790.2613715300108,12.531421970848234,12.0
fixed_post_lift,316,1,1,239.0,703.2258786710765,10.930364648366693,12.0
fixed_post_lift,317,1,1,223.0,671.6597922344064,8.867413850983088,12.0
fixed_post_lift,318,1,1,237.0,577.7724038104706,8.257881466965559,11.0
fixed_post_lift,319,1,1,221.0,755.5050970871772,10.635077991546899,12.0
fixed_post_lift,320,1,1,221.0,754.7969581913915,9.547336973556188,12.0
fixed_post_lift,321,1,1,238.0,727.2744075493094,11.264368549152154,12.0
fixed_post_lift,322,1,1,221.0,770.6107382823279,11.204684460522543,12.0
fixed_post_lift,323,1,1,225.0,694.015863175875,9.94977530214514,12.0
fixed_post_lift,324,1,1,227.0,750.065925474465,9.446575973369976,12.0
fixed_post_lift,325,1,1,235.0,667.6526715450088,10.590149087845019,12.0
fixed_post_lift,326,1,1,226.0,629.0144678277032,9.017875630272004,11.0
fixed_post_lift,327,1,1,225.0,705.489465300169,13.18809941919072,12.0
fixed_post_lift,328,1,1,238.0,645.6729594141891,10.29689432172037,12.0
fixed_post_lift,329,1,1,240.0,686.0313248697944,11.73991905478302,12.0
fixed_post_lift,330,1,1,237.0,620.507340365103,10.176688142287835,12.0
fixed_post_lift,331,1,1,234.0,727.0817825784414,11.221690078165956,12.0
fixed_post_lift,332,1,1,228.0,687.7753998463062,9.706741333786098,12.0
fixed_post_lift,333,1,1,236.0,665.6104224244976,11.175264691615224,12.0
fixed_post_lift,334,1,1,219.0,712.015424005471,9.237832376223086,12.0
fixed_post_lift,335,1,1,231.0,738.8397920700907,10.683487252777912,12.0
fixed_post_lift,336,1,1,240.0,599.1360661097542,8.898426377305542,12.0
fixed_post_lift,337,1,1,239.0,637.5178813931957,10.19437910573609,12.0
fixed_post_lift,338,1,1,238.0,644.0215373413671,8.58552749275277,12.0
fixed_post_lift,339,1,1,229.0,677.715955387832,9.524672767516185,12.0
fixed_post_lift,340,1,1,226.0,810.2812572981111,10.736882344665924,12.0
fixed_post_lift,341,1,1,229.0,671.1243719683815,7.221776051213908,12.0
fixed_post_lift,342,1,1,233.0,683.1084023722481,11.792910775861197,12.0
fixed_post_lift,343,1,1,226.0,736.5222168629773,9.787962568290721,12.0
fixed_post_lift,344,1,1,230.0,663.4591158366993,9.521570892500256,12.0
fixed_post_lift,345,1,1,236.0,700.0640613311054,11.507200119849093,12.0
fixed_post_lift,346,1,1,231.0,756.018817872408,10.96935783318927,12.0
fixed_post_lift,347,1,1,223.0,709.7960580445667,9.834432701329938,12.0
fixed_post_lift,348,1,1,224.0,711.445957945232,8.689996008510303,12.0
fixed_post_lift,349,1,1,235.0,691.7335092268913,11.55053986699633,12.0
fixed_post_lift,350,1,1,234.0,714.4639016478058,10.078123110692301,12.0
fixed_post_lift,351,1,1,235.0,593.2325152936473,8.751494250776208,12.0
fixed_post_lift,352,1,1,236.0,647.2420752448303,11.7901633957888,12.0
fixed_post_lift,353,1,1,233.0,672.8593533630052,10.704268769017554,12.0
fixed_post_lift,354,1,1,227.0,752.9109568980796,10.016276855857067,12.0
fixed_post_lift,355,1,1,233.0,678.4103039063214,9.735867722878833,12.0
fixed_post_lift,356,1,1,219.0,650.700478029622,9.090593816861857,12.0
fixed_post_lift,357,1,1,228.0,714.4940571833143,10.532868311792534,12.0
fixed_post_lift,358,1,1,228.0,665.739280425931,9.025417045244076,12.0
fixed_post_lift,359,1,1,230.0,706.4422954947938,10.439162973412007,12.0
fixed_post_lift,360,1,1,228.0,732.9186948142461,9.333552899855299,12.0
fixed_post_lift,361,1,1,240.0,610.8702058598391,8.475810215313157,12.0
fixed_post_lift,362,1,1,238.0,677.6171798706248,12.025149301427284,12.0
fixed_post_lift,363,1,1,242.0,595.6520317942891,10.279410400653411,12.0
fixed_post_lift,364,1,1,224.0,735.871736596608,11.017470386333025,12.0
fixed_post_lift,365,1,1,219.0,762.2620404948741,11.061611436821565,12.0
fixed_post_lift,366,1,1,234.0,619.1194983518933,7.087190446099873,12.0
fixed_post_lift,367,1,1,229.0,743.4636787266281,11.058664596426658,12.0
fixed_post_lift,368,1,1,233.0,697.9817521272843,10.341872886373947,12.0
fixed_post_lift,369,1,1,242.0,622.3996111695702,11.002917410752397,12.0
fixed_post_lift,370,1,1,227.0,719.5276693898757,11.213715213531547,12.0
fixed_post_lift,371,1,1,233.0,714.6897449148197,10.509532177108813,12.0
fixed_post_lift,372,1,1,227.0,760.390719674645,12.739744340355367,12.0
fixed_post_lift,373,1,1,237.0,806.3769585759585,12.61820257520771,12.0
fixed_post_lift,374,1,1,221.0,764.080406275912,9.389779112237578,12.0
fixed_post_lift,375,1,1,240.0,738.7499839574897,12.968173954050641,12.0
fixed_post_lift,376,1,1,240.0,694.3697389478727,11.243194353653571,12.0
fixed_post_lift,377,1,1,223.0,729.2502218277112,9.503095186153024,12.0
fixed_post_lift,378,1,1,228.0,612.3832022468125,8.821010862410013,12.0
fixed_post_lift,379,1,1,235.0,662.4216029325772,10.52187882277778,12.0
fixed_post_lift,380,1,1,235.0,685.5628969989418,10.739914157679607,12.0
fixed_post_lift,381,1,1,234.0,739.9243673002719,10.036843182358902,12.0
fixed_post_lift,382,1,1,230.0,723.0027437620921,10.745200090779399,12.0
fixed_post_lift,383,1,1,224.0,633.7241811338536,8.722885023642295,12.0
fixed_post_lift,384,1,1,237.0,622.2357819190591,9.522655538176709,12.0
fixed_post_lift,385,1,1,241.0,750.342293686279,11.266830735802086,12.0
fixed_post_lift,386,1,1,226.0,690.4441297299478,9.447729183113582,12.0
fixed_post_lift,387,1,1,231.0,753.6920384250321,10.55098793811943,12.0
fixed_post_lift,388,1,1,226.0,659.0982013187482,8.683245210279091,12.0
fixed_post_lift,389,1,1,244.0,737.7246059493518,11.964410716747647,12.0
fixed_post_lift,390,1,1,228.0,704.8630952858994,10.315446730875014,12.0
fixed_post_lift,391,1,1,231.0,655.4973896707377,9.328301269219429,12.0
fixed_post_lift,392,1,1,229.0,684.4959566677848,9.25966395583412,12.0
fixed_post_lift,393,1,1,231.0,654.8741513099761,8.042941817216505,12.0
fixed_post_lift,394,1,1,224.0,706.4913254593545,10.620511851957165,12.0
fixed_post_lift,395,1,1,233.0,692.7020854267062,10.452369670854972,12.0
fixed_post_lift,396,1,1,229.0,810.7273988152263,13.042843567865651,12.0
fixed_post_lift,397,1,1,233.0,710.1066792358378,10.137006002660971,12.0
fixed_post_lift,398,1,1,238.0,660.4231322480215,10.0535486010758,12.0
fixed_post_lift,399,1,1,235.0,704.411305526982,10.961275640040503,12.0
fixed_post_lift,400,1,1,242.0,596.1160463674106,8.212442776516967,12.0
fixed_post_lift,401,1,1,226.0,695.4044647676005,8.969637044491291,12.0
fixed_post_lift,402,1,1,227.0,670.1263405939435,6.926184934468778,12.0
fixed_post_lift,403,1,1,229.0,744.7590157143275,10.457650725810378,12.0
fixed_post_lift,404,1,1,236.0,665.8613456403466,8.929779835224661,12.0
fixed_post_lift,405,1,1,243.0,691.8981544687172,10.769840365445862,12.0
fixed_post_lift,406,1,1,228.0,723.4970635170479,10.33721007665755,12.0
fixed_post_lift,407,1,1,231.0,677.627028044476,10.078751060283384,12.0
fixed_post_lift,408,1,1,245.0,555.9062896713981,7.5938372130565925,12.0
fixed_post_lift,409,1,1,241.0,737.096620309106,12.182998800938707,12.0
fixed_post_lift,410,1,1,229.0,704.4987623070497,8.89554904829124,12.0
fixed_post_lift,411,1,1,219.0,669.3190347782761,9.819246602427757,12.0
fixed_post_lift,412,1,1,235.0,696.1830118309963,10.351951572723415,12.0
fixed_post_lift,413,1,1,230.0,654.9048529328016,11.073314491340946,12.0
fixed_post_lift,414,1,1,228.0,685.9560104265234,9.39489442171709,12.0
fixed_post_lift,415,1,1,227.0,678.6390949603591,10.498470304010628,12.0
fixed_post_lift,416,1,1,226.0,728.8087080620205,9.830750994154943,12.0
fixed_post_lift,417,1,1,233.0,667.4073077418592,9.323875091677431,12.0
fixed_post_lift,418,1,1,232.0,733.7967138581678,11.51295859559217,12.0
fixed_post_lift,419,1,1,236.0,640.5942028558067,9.996756499050404,12.0
fixed_post_lift,420,1,1,229.0,682.6647510924473,8.540133810450364,12.0
fixed_post_lift,421,1,1,240.0,587.9723810497433,9.69728740001294,12.0
fixed_post_lift,422,1,1,230.0,705.6192482308159,10.411170579554646,12.0
fixed_post_lift,423,1,1,222.0,711.4889885945416,10.431506128012266,12.0
fixed_post_lift,424,1,1,235.0,737.3258685328653,11.824403331438706,12.0
fixed_post_lift,425,1,1,230.0,773.189102652592,11.968286428334194,12.0
fixed_post_lift,426,1,1,233.0,665.652594289318,9.086737263465695,12.0
fixed_post_lift,427,1,1,225.0,737.5322595515245,9.478304301225789,12.0
fixed_post_lift,428,1,1,230.0,619.7337427493802,9.133705991564753,12.0
fixed_post_lift,429,1,1,232.0,620.7089793864934,8.185277277713254,12.0
fixed_post_lift,430,1,1,234.0,660.4235631241088,9.33336993277918,12.0
fixed_post_lift,431,1,1,234.0,656.1543339828671,9.591270680270437,12.0
fixed_post_lift,432,1,1,234.0,738.0048939335942,11.119957999700153,12.0
fixed_post_lift,433,1,1,234.0,654.2416808542854,9.241020864733855,12.0
fixed_post_lift,434,1,1,223.0,661.2565564036523,8.653756710610796,12.0
fixed_post_lift,435,1,1,234.0,748.6527806559524,10.19432472532272,12.0
fixed_post_lift,436,1,1,224.0,796.0600361504493,10.687659415581154,12.0
fixed_post_lift,437,1,1,231.0,688.8227758080534,11.487283942857614,12.0
fixed_post_lift,438,1,1,232.0,686.7180268330598,9.1763434253396,12.0
fixed_post_lift,439,1,1,238.0,687.9427267907076,8.932586242548851,12.0
fixed_post_lift,440,1,1,233.0,675.3987258410859,10.119128000924324,12.0
fixed_post_lift,441,1,1,229.0,797.0624660234395,11.259254575527486,12.0
fixed_post_lift,442,1,1,231.0,667.5408411812175,9.347151321705535,12.0
fixed_post_lift,443,1,1,233.0,663.50330362563,9.418503439850452,12.0
fixed_post_lift,444,1,1,239.0,674.1804528731863,10.601635916675656,12.0
fixed_post_lift,445,1,1,235.0,658.5403174624098,8.816060876957444,12.0
fixed_post_lift,446,1,1,230.0,665.4868435959548,10.484122604477111,12.0
fixed_post_lift,447,1,1,220.0,757.8034058589958,9.504105276374458,12.0
fixed_post_lift,448,1,1,226.0,710.8689655954938,10.3836780539376,12.0
fixed_post_lift,449,1,1,228.0,679.2878994665191,10.929262015228453,12.0
fixed_post_lift,450,1,1,232.0,734.0438422281512,12.1313176401465,12.0
fixed_post_lift,451,1,1,234.0,585.2788569569561,8.65937007269777,11.0
fixed_post_lift,452,1,1,243.0,657.2572835466374,10.138334216288198,12.0
fixed_post_lift,453,1,1,232.0,702.2510288629044,10.229832358412782,12.0
fixed_post_lift,454,1,1,238.0,708.2123043809926,9.539370230615301,12.0
fixed_post_lift,455,1,1,235.0,758.3611109743848,10.816754816556259,12.0
fixed_post_lift,456,1,1,239.0,696.7799009861452,9.043287730997998,12.0
fixed_post_lift,457,1,1,232.0,697.4379030865327,9.890772237733632,12.0
fixed_post_lift,458,1,1,226.0,710.7531849470847,10.640971865243827,12.0
fixed_post_lift,459,1,1,226.0,706.721403483352,8.367035367505151,12.0
fixed_post_lift,460,1,1,235.0,699.7230417270957,10.531836548330677,12.0
fixed_post_lift,461,1,1,224.0,644.5240261243641,8.692814444840465,12.0
fixed_post_lift,462,1,1,228.0,724.4878285566894,10.017138065007336,12.0
fixed_post_lift,463,1,1,228.0,796.3891713334456,10.245982942979888,12.0
fixed_post_lift,464,1,1,235.0,721.822779425113,10.985833870615986,12.0
fixed_post_lift,465,1,1,234.0,763.7727144952459,12.050262119728012,12.0
fixed_post_lift,466,1,1,231.0,643.6188903373716,7.887838685105885,12.0
fixed_post_lift,467,1,1,224.0,714.0947827641622,9.079295451580851,12.0
fixed_post_lift,468,1,1,223.0,716.9158426174855,9.703145780486496,12.0
fixed_post_lift,469,1,1,223.0,765.0692921609973,10.86267448437629,12.0
fixed_post_lift,470,1,1,227.0,712.2281287741289,10.231989824989999,12.0
fixed_post_lift,471,1,1,232.0,722.9029110921352,10.836303115302748,12.0
fixed_post_lift,472,1,1,241.0,673.6114699290576,11.144221040635399,12.0
fixed_post_lift,473,1,1,226.0,888.1260501054053,12.635963928919782,12.0
fixed_post_lift,474,1,1,230.0,758.8920946516837,10.914245214341056,12.0
fixed_post_lift,475,1,1,227.0,774.0663584408568,11.778055343059687,12.0
fixed_post_lift,476,1,1,242.0,623.7416388140942,9.498795060601124,12.0
fixed_post_lift,477,1,1,233.0,553.5824432735168,6.364610337809918,12.0
fixed_post_lift,478,1,1,229.0,636.3435717800451,9.834030878161943,12.0
fixed_post_lift,479,1,1,242.0,684.5379985664089,11.893345037256623,12.0
fixed_post_lift,480,1,1,230.0,635.3403039293513,8.960829058257783,12.0
fixed_post_lift,481,1,1,234.0,696.3873985292613,8.555445460652875,12.0
fixed_post_lift,482,1,1,234.0,671.0108764650282,8.571942963755543,12.0
fixed_post_lift,483,1,1,227.0,629.0481028333304,9.184216927090992,12.0
fixed_post_lift,484,1,1,234.0,718.5014754641256,12.958322682290147,12.0
fixed_post_lift,485,1,1,239.0,642.5043149373109,11.792679231692325,12.0
fixed_post_lift,486,1,1,238.0,584.3038523082391,8.900807168584825,12.0
fixed_post_lift,487,1,1,229.0,727.5741274175926,10.517599325197716,12.0
fixed_post_lift,488,1,1,233.0,706.1860874828857,9.652357373618589,12.0
fixed_post_lift,489,1,1,219.0,750.1589842042229,11.261140600920267,12.0
fixed_post_lift,490,1,1,241.0,567.6303392141641,6.661259595410297,12.0
fixed_post_lift,491,1,1,243.0,661.766054425613,11.696399973313605,12.0
fixed_post_lift,492,1,1,228.0,688.5828649952701,10.419905483825229,12.0
fixed_post_lift,493,1,1,228.0,733.7931312061057,10.860394114152667,12.0
fixed_post_lift,494,1,1,219.0,742.6914135792334,9.697345413197493,12.0
fixed_post_lift,495,1,1,240.0,745.2664720027859,11.674796664623777,12.0
fixed_post_lift,496,1,1,229.0,763.5716792723268,11.538763604601042,12.0
fixed_post_lift,497,1,1,222.0,698.717128180889,8.869142395177349,12.0
fixed_post_lift,498,1,1,242.0,701.9587493339216,10.588273585412901,12.0
fixed_post_lift,499,1,1,230.0,728.8834776765187,10.040436207012245,12.0
fixed_post_lift,500,1,1,229.0,734.5472575042073,10.696176586186622,12.0
fixed_post_lift,501,1,1,234.0,700.8526264616717,10.197415541383851,12.0
fixed_post_lift,502,1,1,227.0,773.0340268561081,11.88374250644644,12.0
fixed_post_lift,503,1,1,230.0,740.7982336057303,11.892098246928684,12.0
fixed_post_lift,504,1,1,235.0,687.6954857715796,10.957919841395137,12.0
fixed_post_lift,505,1,1,235.0,704.1983881756684,11.130030681412999,12.0
fixed_post_lift,506,1,1,235.0,684.2481482105212,9.860881807483521,12.0
fixed_post_lift,507,1,1,219.0,757.2147453867108,9.71631783411009,12.0
fixed_post_lift,508,1,1,234.0,691.6317444508809,10.089156530853389,12.0
fixed_post_lift,509,1,1,227.0,745.8220061445896,9.342190445571214,12.0
fixed_post_lift,510,1,1,232.0,709.1008724464058,10.096426580824337,12.0
fixed_post_lift,511,1,1,237.0,610.6001741016823,9.023812938570437,12.0
fixed_post_lift,512,1,1,238.0,661.762869622319,11.461012514529898,12.0
fixed_post_lift,513,1,1,236.0,665.8281211154947,9.022369978058805,12.0
fixed_post_lift,514,1,1,231.0,711.8998476759784,13.937332916159619,12.0
fixed_post_lift,515,1,1,230.0,652.0998061184491,9.53156479237025,12.0
fixed_post_lift,516,1,1,227.0,658.6580796653438,8.610444565009066,12.0
fixed_post_lift,517,1,1,225.0,783.9174671266173,10.956069708527979,12.0
fixed_post_lift,518,1,1,221.0,827.9484771164555,11.731182268168084,12.0
fixed_post_lift,519,1,1,248.0,561.9809701000164,10.61376423489896,12.0
fixed_post_lift,520,1,1,231.0,711.5792115081172,9.537206038685436,12.0
fixed_post_lift,521,1,1,237.0,684.3156491829119,9.438824809372417,12.0
fixed_post_lift,522,1,1,232.0,730.968159779489,10.792561306198616,12.0
fixed_post_lift,523,1,1,234.0,636.9650583775637,9.758608322616173,12.0
fixed_post_lift,524,1,1,228.0,687.8853324456808,9.233526061075,12.0
fixed_post_lift,525,1,1,230.0,672.8061825967494,8.764601123167495,12.0
fixed_post_lift,526,1,1,225.0,719.9604964658937,9.482249483233685,12.0
fixed_post_lift,527,1,1,231.0,648.550700358709,10.123908842440557,12.0
fixed_post_lift,528,1,1,231.0,746.4355162196201,11.287065226180879,12.0
fixed_post_lift,529,1,1,225.0,754.7877909110599,11.132811158213391,12.0
fixed_post_lift,530,1,1,230.0,682.6763451944842,10.95545333785046,12.0
fixed_post_lift,531,1,1,234.0,714.4798229798035,11.617392493848524,12.0
fixed_post_lift,532,1,1,237.0,740.1127716444975,12.35326102482449,12.0
fixed_post_lift,533,1,1,223.0,696.4529796343855,8.974732431624933,12.0
fixed_post_lift,534,1,1,219.0,749.7993249887901,10.47712092776991,12.0
fixed_post_lift,535,1,1,229.0,624.84288598248,8.6086338433181,12.0
fixed_post_lift,536,1,1,229.0,796.7530597968274,11.6380966173162,12.0
fixed_post_lift,537,1,1,232.0,671.0526139013966,12.242630973990591,12.0
fixed_post_lift,538,1,1,224.0,759.7088895273714,9.35072958222127,12.0
fixed_post_lift,539,1,1,238.0,625.1455860254932,8.705037753366875,12.0
fixed_post_lift,540,1,1,242.0,761.3836332577681,12.914785360783874,12.0
fixed_post_lift,541,1,1,227.0,607.2190711827244,9.337894932482287,12.0
fixed_post_lift,542,1,1,238.0,664.6983563693692,10.087978832018399,12.0
fixed_post_lift,543,1,1,235.0,738.6137745726094,9.884302044498227,12.0
fixed_post_lift,544,1,1,236.0,602.2219769831011,9.87736148626982,12.0
fixed_post_lift,545,1,1,228.0,673.0991189454686,11.857117267284877,12.0
fixed_post_lift,546,1,1,228.0,733.1867498462694,9.797421023003032,12.0
fixed_post_lift,547,1,1,241.0,652.929903288317,9.692726948642886,12.0
fixed_post_lift,548,1,1,235.0,662.793361070324,9.634892586784552,12.0
fixed_post_lift,549,1,1,230.0,682.7688452156489,9.385334554459915,12.0
fixed_post_lift,550,1,1,233.0,678.8788504458946,10.27460122435782,12.0
fixed_post_lift,551,1,1,229.0,733.6058093598906,10.338858277195914,12.0
fixed_post_lift,552,1,1,225.0,753.8076741775741,10.981542964298153,12.0
fixed_post_lift,553,1,1,235.0,657.8914113740998,10.914445358909376,12.0
fixed_post_lift,554,1,1,225.0,721.1143266834385,11.355121290413113,12.0
fixed_post_lift,555,1,1,247.0,704.0629931674173,10.870612340988345,12.0
fixed_post_lift,556,1,1,228.0,774.875175389818,12.614033299341212,12.0
fixed_post_lift,557,1,1,238.0,600.1716580272392,7.907805692464802,12.0
fixed_post_lift,558,1,1,226.0,816.4394790395866,11.933359334030095,12.0
fixed_post_lift,559,1,1,229.0,709.7673970478138,10.126929434443314,12.0
fixed_post_lift,560,1,1,233.0,768.0959433082111,12.371077246244397,12.0
fixed_post_lift,561,1,1,231.0,639.0408081353071,9.43748633953695,12.0
fixed_post_lift,562,1,1,233.0,706.4189480200595,10.720232398543969,12.0
fixed_post_lift,563,1,1,228.0,751.3014734903608,11.243553255925203,12.0
fixed_post_lift,564,1,1,235.0,584.9361780734841,7.575695215159868,12.0
fixed_post_lift,565,1,1,230.0,739.7958211855065,9.179399363660483,12.0
fixed_post_lift,566,1,1,232.0,711.8116132653103,10.976029111762994,12.0
fixed_post_lift,567,1,1,224.0,754.4100315716433,8.776269916379343,12.0
fixed_post_lift,568,1,1,228.0,661.224440098795,9.673578335503498,12.0
fixed_post_lift,569,1,1,228.0,736.6351095517776,9.522686282055417,12.0
fixed_post_lift,570,1,1,243.0,594.8758363729503,8.70061052998057,12.0
fixed_post_lift,571,1,1,234.0,692.3599721952236,10.097199089568504,12.0
fixed_post_lift,572,1,1,226.0,685.2721950453321,8.412805952006396,12.0
fixed_post_lift,573,1,1,223.0,724.6227383773776,7.961387556719767,12.0
fixed_post_lift,574,1,1,233.0,698.4909939387682,10.709920305230241,12.0
fixed_post_lift,575,1,1,238.0,638.7392955732792,7.792976020409554,12.0
fixed_post_lift,576,1,1,231.0,622.0484698481717,10.554145751759204,12.0
fixed_post_lift,577,1,1,238.0,650.8045359908301,9.172719729534617,12.0
fixed_post_lift,578,1,1,240.0,652.754048508948,9.022479549026446,12.0
fixed_post_lift,579,1,1,224.0,669.1443813539495,11.548670566503649,12.0
fixed_post_lift,580,1,1,236.0,672.7874987194953,9.177830693305639,12.0
fixed_post_lift,581,1,1,229.0,614.7111785732826,8.565543333994059,12.0
fixed_post_lift,582,1,1,238.0,667.8700074116351,9.747873175383369,12.0
fixed_post_lift,583,1,1,219.0,699.5441736931541,10.362010863285786,12.0
fixed_post_lift,584,1,1,235.0,622.2266634213837,11.454816907340446,12.0
fixed_post_lift,585,1,1,230.0,715.207941625597,10.218570946130738,12.0
fixed_post_lift,586,1,1,236.0,660.3129887906165,10.728339437610376,12.0
fixed_post_lift,587,1,1,228.0,663.5489332585255,9.260471061014757,12.0
fixed_post_lift,588,1,1,232.0,700.2649605874137,11.429471940774715,12.0
fixed_post_lift,589,1,1,241.0,639.4046291650716,10.502189672123832,12.0
fixed_post_lift,590,1,1,237.0,561.5953920875523,9.066976769935673,12.0
fixed_post_lift,591,1,1,239.0,672.7790467773374,12.017634484818508,12.0
fixed_post_lift,592,1,1,235.0,632.9446763013215,7.588415830381715,12.0
fixed_post_lift,593,1,1,228.0,731.505876552691,11.806365652697545,12.0
fixed_post_lift,594,1,1,223.0,784.1763811953919,9.777139485171794,12.0
fixed_post_lift,595,1,1,231.0,649.0092697440218,8.604393593752148,12.0
fixed_post_lift,596,1,1,234.0,612.0104863168784,7.496240250558383,12.0
fixed_post_lift,597,1,1,231.0,645.8160737205897,10.074390959707593,12.0
fixed_post_lift,598,1,1,232.0,735.8325253397676,11.520104037137816,12.0
fixed_post_lift,599,1,1,222.0,762.9800403284067,10.928671082418319,12.0
fixed_post_lift,600,1,1,222.0,751.8403949680423,11.071094167110713,12.0
fixed_post_lift,601,1,1,224.0,721.5141432650464,9.678989534142639,12.0
fixed_post_lift,602,1,1,229.0,696.4737932724477,8.942773417813402,12.0
fixed_post_lift,603,1,1,226.0,731.4657076274818,10.138844751620969,12.0
fixed_post_lift,604,1,1,231.0,684.3726180272732,9.319065170911912,12.0
fixed_post_lift,605,1,1,230.0,758.8408601689463,9.821166687376992,12.0
fixed_post_lift,606,1,1,231.0,727.7835082278689,10.656434515107609,12.0
fixed_post_lift,607,1,1,235.0,652.2001385348277,8.597572672741773,12.0
fixed_post_lift,608,1,1,232.0,651.2329992079722,8.925051307507943,12.0
fixed_post_lift,609,1,1,227.0,726.3250584992461,12.321397263330176,12.0
fixed_post_lift,610,1,1,219.0,731.2281051651356,10.041149686685488,12.0
fixed_post_lift,611,1,1,235.0,715.8693331276384,9.581395390874375,12.0
fixed_post_lift,612,1,1,229.0,747.8224318584113,10.01250239410621,12.0
fixed_post_lift,613,1,1,228.0,685.951882192086,9.202199350847204,12.0
fixed_post_lift,614,1,1,233.0,711.2479424767627,11.365220979381492,12.0
fixed_post_lift,615,1,1,230.0,623.1519472788891,8.337590709126127,12.0
fixed_post_lift,616,1,1,243.0,665.1897267745702,9.382337244467546,12.0
fixed_post_lift,617,1,1,236.0,703.0700558418982,11.126865697416608,12.0
fixed_post_lift,618,1,1,232.0,710.5279831262371,12.701859876048239,12.0
fixed_post_lift,619,1,1,232.0,728.9156771086625,9.983269937403705,12.0
fixed_post_lift,620,1,1,229.0,693.5881635818506,8.212986601631766,12.0
fixed_post_lift,621,1,1,241.0,642.3441103134286,10.661060342227756,12.0
fixed_post_lift,622,1,1,230.0,763.6465913844696,11.169768798212957,12.0
fixed_post_lift,623,1,1,230.0,661.4197502972646,9.837591711240929,12.0
fixed_post_lift,624,1,1,224.0,705.0508229971747,10.658300706423345,12.0
fixed_post_lift,625,1,1,233.0,751.063940059823,12.609857768271125,12.0
fixed_post_lift,626,1,1,239.0,589.4775758299121,8.161556932186839,12.0
fixed_post_lift,627,1,1,238.0,658.9908227635196,9.338866120784312,12.0
fixed_post_lift,628,1,1,233.0,784.6352807043357,11.55473329383541,12.0
fixed_post_lift,629,1,1,232.0,724.3250326441729,9.753066361342988,12.0
fixed_post_lift,630,1,1,224.0,707.9950598369829,9.450856038167291,12.0
fixed_post_lift,631,1,1,231.0,728.1391582333395,9.91778579456504,12.0
fixed_post_lift,632,1,1,240.0,587.6479438441503,7.289779241992804,12.0
fixed_post_lift,633,1,1,227.0,739.9468480249855,10.612905584830107,12.0
fixed_post_lift,634,1,1,223.0,676.5644542923255,9.229834594298534,12.0
fixed_post_lift,635,1,1,224.0,796.7936403251562,12.537272572483905,12.0
fixed_post_lift,636,1,1,231.0,619.6149784095568,9.195629475119269,12.0
fixed_post_lift,637,1,1,219.0,737.3897307957931,9.585510452769785,12.0
fixed_post_lift,638,1,1,245.0,608.4543844094401,9.957516896191766,12.0
fixed_post_lift,639,1,1,231.0,708.7762890714472,11.603069154072687,12.0
fixed_post_lift,640,1,1,240.0,665.1403953315241,12.401931093183544,12.0
fixed_post_lift,641,1,1,233.0,716.876055012946,11.006109708348468,12.0
fixed_post_lift,642,1,1,225.0,717.1289004835788,8.824898791061125,12.0
fixed_post_lift,643,1,1,243.0,668.6172060234118,10.062617212095969,12.0
fixed_post_lift,644,1,1,240.0,657.2113766955105,10.426141348654138,12.0
fixed_post_lift,645,1,1,233.0,682.6985230230406,10.10741743920736,12.0
fixed_post_lift,646,1,1,237.0,694.3814753403417,12.177115517444175,12.0
fixed_post_lift,647,1,1,245.0,627.8599156302165,8.98630986333258,12.0
fixed_post_lift,648,1,1,223.0,795.3893279023679,9.136046180114606,12.0
fixed_post_lift,649,1,1,241.0,689.9844585461796,10.914460451716938,12.0
fixed_post_lift,650,1,1,236.0,643.0336634628981,9.991532272790547,12.0
fixed_post_lift,651,1,1,228.0,739.6656708306798,9.812147217123984,12.0
fixed_post_lift,652,1,1,229.0,719.7567746501411,11.178056978231245,12.0
fixed_post_lift,653,1,1,232.0,567.6990584361923,7.318381607745428,12.0
fixed_post_lift,654,1,1,232.0,634.5318172878051,8.456593209482108,12.0
fixed_post_lift,655,1,1,225.0,805.687715504199,11.862905446636937,12.0
fixed_post_lift,656,1,1,226.0,671.1904122151132,8.840282095196788,12.0
fixed_post_lift,657,1,1,226.0,684.5668144899626,8.535252948416566,12.0
fixed_post_lift,658,1,1,229.0,733.1555739958735,11.179050489361252,12.0
fixed_post_lift,659,1,1,224.0,725.5059800481596,11.264050634681256,12.0
fixed_post_lift,660,1,1,240.0,649.5526767732986,10.28251687425713,12.0
fixed_post_lift,661,1,1,234.0,687.5851069351429,10.30025609039381,12.0
fixed_post_lift,662,1,1,231.0,725.1598115401084,10.67664610625758,12.0
fixed_post_lift,663,1,1,228.0,761.8276420572545,11.506149778411096,12.0
fixed_post_lift,664,1,1,242.0,639.4759499459456,10.705500008497555,12.0
fixed_post_lift,665,1,1,236.0,643.0915402588315,10.791493887988047,12.0
fixed_post_lift,666,1,1,235.0,677.9763966562479,9.520821831164184,12.0
fixed_post_lift,667,1,1,240.0,581.3181422534984,9.704624783173129,12.0
fixed_post_lift,668,1,1,219.0,757.7698169023549,9.535659328611299,12.0
fixed_post_lift,669,1,1,237.0,708.6635231075743,10.127014207256124,12.0
fixed_post_lift,670,1,1,242.0,596.165468810972,10.172100364920468,12.0
fixed_post_lift,671,1,1,244.0,692.2761199067153,10.972462597612607,12.0
fixed_post_lift,672,1,1,244.0,675.2646224979761,10.669750382888065,12.0
fixed_post_lift,673,1,1,234.0,678.1534777964746,9.715503818210903,12.0
fixed_post_lift,674,1,1,234.0,670.6592485079785,11.37025692432757,12.0
fixed_post_lift,675,1,1,232.0,717.9154874544578,9.999048565056876,12.0
fixed_post_lift,676,1,1,231.0,711.1271106615013,12.295273159146602,12.0
fixed_post_lift,677,1,1,230.0,686.5112714384841,9.634109094877015,12.0
fixed_post_lift,678,1,1,225.0,644.1408712625364,8.09100606587674,12.0
fixed_post_lift,679,1,1,229.0,711.777180550138,10.229581875053896,12.0
fixed_post_lift,680,1,1,244.0,633.9460073085107,10.29798640729156,12.0
fixed_post_lift,681,1,1,231.0,718.4606175512627,9.535813690046075,12.0
fixed_post_lift,682,1,1,233.0,701.2356378639782,11.501085549878997,12.0
fixed_post_lift,683,1,1,230.0,651.1007541471823,9.140467943394187,12.0
fixed_post_lift,684,1,1,227.0,699.9256485933468,9.879662422251249,12.0
fixed_post_lift,685,1,1,230.0,761.9515338802358,10.015039583507498,12.0
fixed_post_lift,686,1,1,244.0,633.1211363876347,10.337764515279847,12.0
fixed_post_lift,687,1,1,225.0,824.6855818169995,13.016224010028747,12.0
fixed_post_lift,688,1,1,246.0,579.6306096547521,10.3096667486655,12.0
fixed_post_lift,689,1,1,234.0,767.0009979542797,12.293148372026439,12.0
fixed_post_lift,690,1,1,230.0,784.4196172603702,10.151512342942178,12.0
fixed_post_lift,691,1,1,225.0,732.136249794387,11.216085189268542,12.0
fixed_post_lift,692,1,1,242.0,679.4832445268204,11.522818893531069,12.0
fixed_post_lift,693,1,1,228.0,679.1152018879176,11.34103637071745,12.0
fixed_post_lift,694,1,1,219.0,715.8022143687197,7.724672276805621,12.0
fixed_post_lift,695,1,1,233.0,723.1770345284733,11.126438284053277,12.0
fixed_post_lift,696,1,1,241.0,634.6687702856428,8.73759017400767,12.0
fixed_post_lift,697,1,1,231.0,636.6060589274599,10.844519216696828,12.0
fixed_post_lift,698,1,1,236.0,644.8894736942556,11.79724139910337,12.0
fixed_post_lift,699,1,1,237.0,723.504155795952,10.797993387782258,12.0
fixed_post_lift,700,1,1,226.0,705.1607532111206,9.682424026853093,12.0
fixed_post_lift,701,1,1,226.0,760.7015060749629,9.916703055792206,12.0
fixed_post_lift,702,1,1,234.0,626.7498319000946,9.810817092217578,12.0
fixed_post_lift,703,1,1,227.0,610.7490056325935,9.275147791365429,12.0
fixed_post_lift,704,1,1,231.0,627.3563307188924,7.850661520771468,12.0
fixed_post_lift,705,1,1,231.0,621.4646300270949,9.338854970041604,12.0
fixed_post_lift,706,1,1,234.0,695.3286951320567,10.287330174242095,12.0
fixed_post_lift,707,1,1,235.0,655.3664887540033,10.340630072033337,12.0
fixed_post_lift,708,1,1,234.0,638.6158192175976,9.941433528246339,12.0
fixed_post_lift,709,1,1,236.0,718.9876886803083,10.440238036035904,12.0
fixed_post_lift,710,1,1,242.0,642.6372765187197,10.644484682898291,12.0
fixed_post_lift,711,1,1,233.0,653.8192742503159,9.914441093048303,12.0
fixed_post_lift,712,1,1,227.0,662.5983592975634,7.953043128557556,12.0
fixed_post_lift,713,1,1,243.0,622.8510595796616,10.102849563704957,12.0
fixed_post_lift,714,1,1,227.0,751.4628044621085,10.325743200909816,12.0
fixed_post_lift,715,1,1,230.0,643.628481703007,9.871984607122132,12.0
fixed_post_lift,716,1,1,239.0,624.1775460225354,8.817292107684235,12.0
fixed_post_lift,717,1,1,230.0,740.5377073578009,8.309984687695378,12.0
fixed_post_lift,718,1,1,226.0,731.683110528283,10.74530008783619,12.0
fixed_post_lift,719,1,1,232.0,633.9520195990887,8.451570151460928,12.0
fixed_post_lift,720,1,1,227.0,677.9587346712735,8.587565810767563,12.0
fixed_post_lift,721,1,1,222.0,659.4949494683731,9.007984770060038,12.0
fixed_post_lift,722,1,1,234.0,692.6477065726817,10.901934590026011,12.0
fixed_post_lift,723,1,1,233.0,674.3383146360361,9.478818265937582,12.0
fixed_post_lift,724,1,1,234.0,595.8990544153633,9.949706034813147,12.0
fixed_post_lift,725,1,1,242.0,610.6577560143321,8.884145978720591,12.0
fixed_post_lift,726,1,1,234.0,668.7605773631244,10.41007240201955,12.0
fixed_post_lift,727,1,1,231.0,686.5910743747213,8.538986539430931,12.0
fixed_post_lift,728,1,1,223.0,751.398495630096,10.675246445316047,12.0
fixed_post_lift,729,1,1,223.0,755.5414043619973,9.993633259232345,12.0
fixed_post_lift,730,1,1,235.0,707.3774849873821,11.664289313590288,12.0
fixed_post_lift,731,1,1,224.0,776.560932130514,11.354443023890385,12.0
fixed_post_lift,732,1,1,242.0,589.9163278502284,10.362480002652621,12.0
fixed_post_lift,733,1,1,233.0,745.9899198944061,10.967852519227998,12.0
fixed_post_lift,734,1,1,229.0,791.2506778509502,11.407864988484299,12.0
fixed_post_lift,735,1,1,235.0,742.5950970381897,10.614484737884325,12.0
fixed_post_lift,736,1,1,230.0,699.3695887086849,10.821066167559273,12.0
fixed_post_lift,737,1,1,231.0,696.3363669490936,10.318613210957391,12.0
fixed_post_lift,738,1,1,228.0,697.3301395237527,10.738027358444182,12.0
fixed_post_lift,739,1,1,228.0,693.6330922359832,11.373422433424786,12.0
fixed_post_lift,740,1,1,243.0,735.2331057647239,10.370991753934668,12.0
fixed_post_lift,741,1,1,230.0,684.063922761949,10.668391226058729,12.0
fixed_post_lift,742,1,1,232.0,726.8494603183032,10.829079562478697,12.0
fixed_post_lift,743,1,1,234.0,614.5117669669916,9.034223276369666,12.0
fixed_post_lift,744,1,1,236.0,640.0161342784991,9.361973125070458,12.0
fixed_post_lift,745,1,1,226.0,668.689035807401,10.206906990390351,12.0
fixed_post_lift,746,1,1,233.0,763.4838828065662,11.624934905861826,12.0
fixed_post_lift,747,1,1,239.0,711.7946572053365,11.104839900069635,12.0
fixed_post_lift,748,1,1,223.0,766.7917549707204,9.80274025655018,12.0
fixed_post_lift,749,1,1,232.0,732.9680749950223,10.228851361794048,12.0
fixed_post_lift,750,1,1,224.0,728.6878287883728,10.27567937817621,12.0
fixed_post_lift,751,1,1,237.0,685.4850058035163,8.893367805189953,12.0
fixed_post_lift,752,1,1,235.0,671.780328310892,10.357190669250231,12.0
fixed_post_lift,753,1,1,232.0,726.3214130096795,12.023219491970943,12.0
fixed_post_lift,754,1,1,229.0,720.9289851834363,9.599294866833178,12.0
fixed_post_lift,755,1,1,229.0,632.4598271509747,8.658703844413518,12.0
fixed_post_lift,756,1,1,227.0,671.4782163572675,11.54126956641674,12.0
fixed_post_lift,757,1,1,224.0,740.0010201114094,9.803210161010336,12.0
fixed_post_lift,758,1,1,232.0,666.629712187628,9.744623901985827,12.0
fixed_post_lift,759,1,1,228.0,641.9286736613379,8.93675948046259,12.0
fixed_post_lift,760,1,1,231.0,686.3372599541543,11.232694061743842,12.0
fixed_post_lift,761,1,1,234.0,697.4685002045269,10.48914655519666,12.0
fixed_post_lift,762,1,1,233.0,613.6368961172054,11.254166120932679,12.0
fixed_post_lift,763,1,1,220.0,872.5622891552729,12.448189466102448,12.0
fixed_post_lift,764,1,1,227.0,721.2103155341971,8.8676238448846,12.0
fixed_post_lift,765,1,1,232.0,691.0257579395461,9.197315183077823,12.0
fixed_post_lift,766,1,1,234.0,583.0460067540319,8.407987665285797,12.0
fixed_post_lift,767,1,1,230.0,731.7691022425975,10.783118244270305,12.0
fixed_post_lift,768,1,1,232.0,714.2047973318157,10.364174915768679,11.0
fixed_post_lift,769,1,1,223.0,782.059297384067,11.67979951725636,12.0
fixed_post_lift,770,1,1,230.0,599.7908024311807,8.105691669482976,12.0
fixed_post_lift,771,1,1,238.0,586.5433064055359,10.486463585204207,12.0
fixed_post_lift,772,1,1,231.0,678.9968134071494,8.478320785115196,12.0
fixed_post_lift,773,1,1,222.0,757.3951661119963,11.123925279289143,12.0
fixed_post_lift,774,1,1,232.0,804.2082920912575,11.601461515638778,12.0
fixed_post_lift,775,1,1,228.0,772.1356682417452,9.85888545813083,12.0
fixed_post_lift,776,1,1,238.0,741.8360915592568,11.61312263738782,12.0
fixed_post_lift,777,1,1,233.0,722.4883330343586,13.098756246398134,12.0
fixed_post_lift,778,1,1,239.0,687.5700882450515,10.693480452234454,12.0
fixed_post_lift,779,1,1,230.0,736.4377124528785,11.587158936977103,12.0
fixed_post_lift,780,1,1,231.0,666.9568281111602,11.301396882381487,12.0
fixed_post_lift,781,1,1,223.0,710.0704429749725,9.240873849123835,12.0
fixed_post_lift,782,1,1,243.0,655.0837888085316,12.233215873960406,12.0
fixed_post_lift,783,1,1,232.0,714.1586132551702,9.968838426605231,12.0
fixed_post_lift,784,1,1,241.0,582.3066537944942,7.110433044906689,12.0
fixed_post_lift,785,1,1,238.0,740.2260794061049,10.55489933032549,12.0
fixed_post_lift,786,1,1,230.0,704.7140455327988,7.679709601591486,12.0
fixed_post_lift,787,1,1,234.0,719.646846429433,10.744488310863694,12.0
fixed_post_lift,788,1,1,235.0,653.0576509476988,9.024790032504244,12.0
fixed_post_lift,789,1,1,229.0,698.9147081116404,9.203270793806743,12.0
fixed_post_lift,790,1,1,224.0,750.0248709466074,11.868837644295647,12.0
fixed_post_lift,791,1,1,230.0,613.5730956207206,7.5810463136453015,12.0
fixed_post_lift,792,1,1,239.0,716.9839588497579,10.205005629363235,12.0
fixed_post_lift,793,1,1,232.0,699.0071083528518,11.241046969029027,12.0
fixed_post_lift,794,1,1,236.0,675.6535951851183,9.947545560188598,12.0
fixed_post_lift,795,1,1,231.0,608.6667896476728,8.267886921580445,12.0
fixed_post_lift,796,1,1,220.0,764.6658072950015,12.01415672863483,12.0
fixed_post_lift,797,1,1,236.0,625.7098554231384,9.257980367893516,12.0
fixed_post_lift,798,1,1,234.0,642.7972004901211,9.122547883360943,12.0
fixed_post_lift,799,1,1,225.0,683.0225955892201,11.72535875452624,12.0
fixed_post_lift,800,1,1,236.0,735.1822298663859,10.725397200344977,12.0
fixed_post_lift,801,1,1,221.0,737.3108335014729,11.267340851563352,12.0
fixed_post_lift,802,1,1,230.0,777.2188056280845,10.89638006850778,12.0
fixed_post_lift,803,1,1,227.0,646.8924087242011,8.691231151490822,12.0
fixed_post_lift,804,1,1,227.0,683.353774509175,10.752789551953466,12.0
fixed_post_lift,805,1,1,223.0,787.904530992238,12.6997356278102,12.0
fixed_post_lift,806,1,1,222.0,707.4177040728708,10.017761899709829,12.0
fixed_post_lift,807,1,1,238.0,641.5437870762181,8.799991375003378,12.0
fixed_post_lift,808,1,1,235.0,742.8513754194208,11.607306264205048,12.0
fixed_post_lift,809,1,1,234.0,615.0185039202235,8.475401462851334,11.0
fixed_post_lift,810,1,1,235.0,709.3330777748599,10.807637354768946,12.0
fixed_post_lift,811,1,1,242.0,682.0855502796924,10.43677846665103,12.0
fixed_post_lift,812,1,1,219.0,782.7669259060096,9.93546019566399,12.0
fixed_post_lift,813,1,1,231.0,675.9575203835083,8.217902719088949,12.0
fixed_post_lift,814,1,1,231.0,750.2978252790219,10.03918510711851,12.0
fixed_post_lift,815,1,1,225.0,602.4472625469224,7.10329554005857,12.0
fixed_post_lift,816,1,1,227.0,738.3350221522162,10.225148251282077,12.0
fixed_post_lift,817,1,1,241.0,640.8515607207823,10.414179315100622,12.0
fixed_post_lift,818,1,1,241.0,662.3802917775816,10.50210179322509,12.0
fixed_post_lift,819,1,1,230.0,669.5781305912907,10.490721660285546,12.0
fixed_post_lift,820,1,1,227.0,787.5853681464699,10.481009310458097,12.0
fixed_post_lift,821,1,1,235.0,732.1235153674022,10.49383580444954,12.0
fixed_post_lift,822,1,1,227.0,632.1016761313468,9.346706064843229,12.0
fixed_post_lift,823,1,1,245.0,719.1792232163629,12.223382582244785,12.0
fixed_post_lift,824,1,1,234.0,649.4845614512797,8.802456418320808,12.0
fixed_post_lift,825,1,1,239.0,630.5347021203331,9.003625432542618,12.0
fixed_post_lift,826,1,1,227.0,752.0142130051125,10.426613650631205,12.0
fixed_post_lift,827,1,1,234.0,735.4745947919196,10.975054444547824,12.0
fixed_post_lift,828,1,1,237.0,708.5724083970209,11.351101563294561,12.0
fixed_post_lift,829,1,1,230.0,652.2209080647823,9.730399737933688,12.0
fixed_post_lift,830,1,1,236.0,719.2242572994485,8.811966601407672,12.0
fixed_post_lift,831,1,1,222.0,828.9329450845889,12.901733783799061,12.0
fixed_post_lift,832,1,1,225.0,685.799826131723,9.94752056068154,12.0
fixed_post_lift,833,1,1,227.0,715.913258241196,9.65668331976427,12.0
fixed_post_lift,834,1,1,225.0,625.4314402212008,9.415845109939678,12.0
fixed_post_lift,835,1,1,239.0,709.7068609184199,12.01962270466902,12.0
fixed_post_lift,836,1,1,224.0,804.4323030371775,12.301777454696252,12.0
fixed_post_lift,837,1,1,233.0,662.8385412623937,10.488714155375279,12.0
fixed_post_lift,838,1,1,226.0,704.6040320414273,10.428947261218466,12.0
fixed_post_lift,839,1,1,239.0,587.8326529413948,9.662164277385804,12.0
fixed_post_lift,840,1,1,228.0,705.379453750041,9.169443111063394,12.0
fixed_post_lift,841,1,1,237.0,626.1910190976124,9.974289416594102,12.0
fixed_post_lift,842,1,1,230.0,690.4185709453949,12.046702933851341,12.0
fixed_post_lift,843,1,1,234.0,680.8846686545339,9.637739354763948,12.0
fixed_post_lift,844,1,1,239.0,624.7061329101992,10.200097096729074,12.0
fixed_post_lift,845,1,1,242.0,637.2982427594762,10.113064123573638,12.0
fixed_post_lift,846,1,1,222.0,687.2368526069729,9.77959070964894,12.0
fixed_post_lift,847,1,1,230.0,667.3262623621753,9.871918039341883,12.0
fixed_post_lift,848,1,1,233.0,731.3191765172987,11.31372468012627,12.0
fixed_post_lift,849,1,1,219.0,800.6190739745116,10.312663383225072,12.0
fixed_post_lift,850,1,1,234.0,602.7930212868986,8.80207386736464,12.0
fixed_post_lift,851,1,1,242.0,640.0684862504374,8.35117977781108,12.0
fixed_post_lift,852,1,1,226.0,752.7567703496331,11.12572584913549,12.0
fixed_post_lift,853,1,1,227.0,708.1472651237575,9.978240293518468,12.0
fixed_post_lift,854,1,1,223.0,715.454485854233,7.802015314188367,12.0
fixed_post_lift,855,1,1,224.0,777.851517049482,10.059835176839055,12.0
fixed_post_lift,856,1,1,233.0,728.4793551835793,11.566727281924196,12.0
fixed_post_lift,857,1,1,236.0,728.0304815360624,10.31400223028695,12.0
fixed_post_lift,858,1,1,230.0,646.5894672433949,7.956086110962954,12.0
fixed_post_lift,859,1,1,231.0,638.2511254726528,9.234930085059688,12.0
fixed_post_lift,860,1,1,243.0,635.7711339812595,9.362569780772422,12.0
fixed_post_lift,861,1,1,219.0,692.5670289402225,8.611079286311401,12.0
fixed_post_lift,862,1,1,236.0,649.4753325404722,9.369607906964529,12.0
fixed_post_lift,863,1,1,237.0,671.9485690087184,11.343652483586904,12.0
fixed_post_lift,864,1,1,239.0,737.4591004889193,9.595963014499779,12.0
fixed_post_lift,865,1,1,235.0,698.7201937185373,12.480709680168841,12.0
fixed_post_lift,866,1,1,233.0,645.6465214932393,11.75825823093718,12.0
fixed_post_lift,867,1,1,229.0,710.582296072168,10.104844983253749,12.0
fixed_post_lift,868,1,1,229.0,647.435276987723,9.230764442801448,12.0
fixed_post_lift,869,1,1,239.0,630.9886352803364,8.824437498884814,12.0
fixed_post_lift,870,1,1,233.0,700.3034503433234,10.561152734207191,12.0
fixed_post_lift,871,1,1,225.0,700.437628048117,9.134440102181882,12.0
fixed_post_lift,872,1,1,229.0,837.2072346678683,12.439452400086354,12.0
fixed_post_lift,873,1,1,219.0,738.4901325380234,10.694903092020558,12.0
fixed_post_lift,874,1,1,234.0,633.6289297475225,9.184252551958114,12.0
fixed_post_lift,875,1,1,236.0,665.9916660676179,10.957592173725812,12.0
fixed_post_lift,876,1,1,226.0,674.0329456959693,9.329338721656343,12.0
fixed_post_lift,877,1,1,229.0,710.689795067133,11.16153265948304,12.0
fixed_post_lift,878,1,1,225.0,714.3751408467919,9.552837177724173,12.0
fixed_post_lift,879,1,1,234.0,653.4092395561021,8.553208253804302,12.0
fixed_post_lift,880,1,1,226.0,792.5459073176363,10.144682617182847,12.0
fixed_post_lift,881,1,1,242.0,707.2300494628637,11.74955895067434,12.0
fixed_post_lift,882,1,1,242.0,647.2799493387381,8.720452961563861,12.0
fixed_post_lift,883,1,1,225.0,721.3413874810177,9.725690336632232,12.0
fixed_post_lift,884,1,1,225.0,671.9836963282254,8.355124449963935,12.0
fixed_post_lift,885,1,1,230.0,652.3252574061052,11.728012258969107,12.0
fixed_post_lift,886,1,1,231.0,657.0614664574676,9.726556718944508,12.0
fixed_post_lift,887,1,1,222.0,701.2175316932048,7.715681099041747,12.0
fixed_post_lift,888,1,1,233.0,714.1432075291291,11.510315569296035,12.0
fixed_post_lift,889,1,1,236.0,714.7010371525357,10.037913608846896,12.0
fixed_post_lift,890,1,1,241.0,633.410216502316,11.041587315612507,12.0
fixed_post_lift,891,1,1,223.0,728.3764249189978,12.389010634306157,12.0
fixed_post_lift,892,1,1,236.0,712.8875491718113,10.668905702499199,12.0
fixed_post_lift,893,1,1,236.0,581.2465567272458,8.140687414192817,12.0
fixed_post_lift,894,1,1,240.0,656.2518151214558,8.976411709441438,12.0
fixed_post_lift,895,1,1,232.0,655.6071320798341,9.2572766713636,12.0
fixed_post_lift,896,1,1,220.0,742.3554580987068,10.552176364537068,12.0
fixed_post_lift,897,1,1,231.0,697.8503369480843,11.167984468764892,12.0
fixed_post_lift,898,1,1,224.0,688.9874291792751,8.695804680034447,12.0
fixed_post_lift,899,1,1,237.0,709.1913639946077,11.575209689591324,12.0
fixed_post_lift,900,1,1,242.0,656.8015233248798,10.599142572958806,12.0
fixed_post_lift,901,1,1,240.0,561.0611566178211,8.57212011313101,12.0
fixed_post_lift,902,1,1,243.0,672.3838008482525,10.170113359865585,12.0
fixed_post_lift,903,1,1,229.0,672.4187215994602,8.89055236046836,12.0
fixed_post_lift,904,1,1,233.0,687.8639856569368,8.405964310201862,12.0
fixed_post_lift,905,1,1,225.0,732.1941849073052,10.0278487869977,12.0
fixed_post_lift,906,1,1,230.0,757.7657684362256,10.389888845964455,12.0
fixed_post_lift,907,1,1,231.0,671.1360555511,11.210367677006467,12.0
fixed_post_lift,908,1,1,228.0,727.8245707250485,11.126517482884957,12.0
fixed_post_lift,909,1,1,232.0,714.7489848843329,11.113414085659505,12.0
fixed_post_lift,910,1,1,234.0,796.7113542928962,11.923344979803312,12.0
fixed_post_lift,911,1,1,239.0,716.1997411246908,11.223062985528559,12.0
fixed_post_lift,912,1,1,231.0,752.8632151408556,11.870733342979664,12.0
fixed_post_lift,913,1,1,230.0,661.3846300979807,10.28832970121013,12.0
fixed_post_lift,914,1,1,234.0,569.7167992457476,7.44574156126504,12.0
fixed_post_lift,915,1,1,239.0,629.0511930377257,11.317106225686496,12.0
fixed_post_lift,916,1,1,224.0,757.4324338155874,11.74779957541096,12.0
fixed_post_lift,917,1,1,221.0,701.588613216048,9.205329941284813,12.0
fixed_post_lift,918,1,1,232.0,620.8115167018832,9.550789009590401,12.0
fixed_post_lift,919,1,1,227.0,724.1220084269339,10.36891986954502,12.0
fixed_post_lift,920,1,1,234.0,651.956706445759,10.700191325268671,12.0
fixed_post_lift,921,1,1,226.0,656.1758789191176,8.876893926834702,12.0
fixed_post_lift,922,1,1,233.0,692.2045204180283,10.856047536015177,12.0
fixed_post_lift,923,1,1,228.0,754.5541175233176,12.61723209096769,12.0
fixed_post_lift,924,1,1,233.0,701.3566707824561,9.544306100128557,12.0
fixed_post_lift,925,1,1,232.0,760.387314276462,10.48711222051286,12.0
fixed_post_lift,926,1,1,242.0,708.4463426790024,12.284719839589211,12.0
fixed_post_lift,927,1,1,236.0,689.035498380224,9.845768053240748,12.0
fixed_post_lift,928,1,1,233.0,732.7794854079733,10.75094941523681,12.0
fixed_post_lift,929,1,1,239.0,680.7796908886195,11.174417716109529,12.0
fixed_post_lift,930,1,1,223.0,679.8737336750958,10.153368605239972,12.0
fixed_post_lift,931,1,1,236.0,697.3518587954421,10.472384979328147,12.0
fixed_post_lift,932,1,1,233.0,736.0409346892906,9.554044014026275,12.0
fixed_post_lift,933,1,1,242.0,675.6013366397035,10.236135091268238,12.0
fixed_post_lift,934,1,1,240.0,643.8378744570082,8.983414395509723,12.0
fixed_post_lift,935,1,1,228.0,755.1266525966209,8.758893964415059,12.0
fixed_post_lift,936,1,1,225.0,718.3359503092812,9.990086329225306,12.0
fixed_post_lift,937,1,1,234.0,709.7849970633915,9.56986509871954,12.0
fixed_post_lift,938,1,1,226.0,713.1794397941937,9.135682676297362,12.0
fixed_post_lift,939,1,1,229.0,699.6249333152813,10.766112548132641,12.0
fixed_post_lift,940,1,1,227.0,746.1675497745939,12.02212743957364,12.0
fixed_post_lift,941,1,1,238.0,612.8690831785868,8.937334160685221,12.0
fixed_post_lift,942,1,1,243.0,635.1257710671133,8.693163427008432,12.0
fixed_post_lift,943,1,1,229.0,789.0669110183361,8.764765954811041,12.0
fixed_post_lift,944,1,1,227.0,738.7852678720428,10.274214796332464,12.0
fixed_post_lift,945,1,1,246.0,669.9933918782956,11.059902176398664,12.0
fixed_post_lift,946,1,1,238.0,642.9775111353612,8.11541534737406,12.0
fixed_post_lift,947,1,1,231.0,770.6375616480566,11.167103314906859,12.0
fixed_post_lift,948,1,1,229.0,718.2355020493495,9.424879474018349,12.0
fixed_post_lift,949,1,1,226.0,678.5838618953795,9.578166404210002,12.0
fixed_post_lift,950,1,1,251.0,512.0680669060329,7.602385613400644,12.0
fixed_post_lift,951,1,1,241.0,672.1548662706325,11.30268572919178,12.0
fixed_post_lift,952,1,1,229.0,675.1396330876898,9.269203813531893,12.0
fixed_post_lift,953,1,1,233.0,677.2518043988221,10.084399753810478,12.0
fixed_post_lift,954,1,1,236.0,774.5983177469789,12.399149191615852,12.0
fixed_post_lift,955,1,1,228.0,704.7885104927701,9.154982689500748,12.0
fixed_post_lift,956,1,1,235.0,644.9689343300404,9.110379786046924,12.0
fixed_post_lift,957,1,1,248.0,581.9283545070585,11.24692417645445,12.0
fixed_post_lift,958,1,1,244.0,630.8540655545463,8.995023101886874,12.0
fixed_post_lift,959,1,1,219.0,799.4602239335862,10.383306776591553,12.0
fixed_post_lift,960,1,1,235.0,674.305895533502,10.333299208598765,12.0
fixed_post_lift,961,1,1,235.0,707.2745052501981,9.660393293328921,12.0
fixed_post_lift,962,1,1,232.0,685.4375030776476,10.209596958000635,12.0
fixed_post_lift,963,1,1,236.0,694.4988472207273,11.993780045094741,12.0
fixed_post_lift,964,1,1,237.0,667.0916329086577,8.227093817010118,12.0
fixed_post_lift,965,1,1,221.0,740.5314565027217,11.959337345923615,12.0
fixed_post_lift,966,1,1,240.0,700.4614568367203,9.595243167503327,12.0
fixed_post_lift,967,1,1,230.0,775.9042323577908,11.745771353979288,12.0
fixed_post_lift,968,1,1,230.0,730.4644432543894,11.068652872809384,12.0
fixed_post_lift,969,1,1,224.0,809.7553382200595,11.684547882998409,12.0
fixed_post_lift,970,1,1,250.0,621.3232176647753,9.90560815369435,12.0
fixed_post_lift,971,1,1,230.0,748.0164066146751,11.132232590223262,12.0
fixed_post_lift,972,1,1,233.0,688.4610905065368,9.583612854007354,12.0
fixed_post_lift,973,1,1,223.0,689.3695605167626,10.508662468279075,12.0
fixed_post_lift,974,1,1,239.0,642.1659232503107,12.60426584101822,12.0
fixed_post_lift,975,1,1,232.0,695.5252627024595,11.052466259048385,12.0
fixed_post_lift,976,1,1,229.0,675.2784397887449,9.172694341113889,12.0
fixed_post_lift,977,1,1,229.0,632.885067542522,10.21480714592432,12.0
fixed_post_lift,978,1,1,226.0,721.0181923589989,10.971454746219836,12.0
fixed_post_lift,979,1,1,236.0,667.0107675725636,10.216532301184143,12.0
fixed_post_lift,980,1,1,232.0,674.4984225724202,11.160688761026266,12.0
fixed_post_lift,981,1,1,231.0,700.2339046247765,10.050950421327398,12.0
fixed_post_lift,982,1,1,234.0,686.2868761304903,10.695428930115655,12.0
fixed_post_lift,983,1,1,232.0,759.5608133113284,10.349455856831371,12.0
fixed_post_lift,984,1,1,246.0,619.9355099297981,9.476974183177884,12.0
fixed_post_lift,985,1,1,226.0,669.8530766630566,10.127090262010835,12.0
fixed_post_lift,986,1,1,235.0,743.6754488778362,12.070462432744542,12.0
fixed_post_lift,987,1,1,244.0,690.7288165589748,12.488043904402586,12.0
fixed_post_lift,988,1,1,225.0,813.0800467787074,10.259147391405904,12.0
fixed_post_lift,989,1,1,229.0,712.4751922212837,9.595258384467712,12.0
fixed_post_lift,990,1,1,240.0,633.8936003695819,10.001738623126654,12.0
fixed_post_lift,991,1,1,219.0,735.7588038901055,8.881286716284906,12.0
fixed_post_lift,992,1,1,221.0,793.7815895717657,10.704496922621207,12.0
fixed_post_lift,993,1,1,227.0,701.0442584325324,11.129455323617147,12.0
fixed_post_lift,994,1,1,226.0,708.5923940897147,11.0633649140959,12.0
fixed_post_lift,995,1,1,234.0,756.3786358246863,12.0655823432188,12.0
fixed_post_lift,996,1,1,236.0,646.3244398606533,9.80527881083598,12.0
fixed_post_lift,997,1,1,243.0,636.5872031472417,9.54743804711231,12.0
fixed_post_lift,998,1,1,227.0,718.6381771952462,12.215675435233559,12.0
fixed_post_lift,999,1,1,234.0,750.5761542565497,12.16074208704926,12.0
proportional_service,0,1,0,-1.0,55.83270668389961,0.9895482280269766,2.0
proportional_service,1,1,0,-1.0,19.068274374961067,-0.4580901882026624,0.0
proportional_service,2,1,0,-1.0,17.012585352941223,-0.46520550516855236,0.0
proportional_service,3,1,0,-1.0,27.09596329068061,-0.4964251110294892,0.0
proportional_service,4,1,0,-1.0,38.036343835806235,0.06007909213053538,0.0
proportional_service,5,1,0,-1.0,64.50086430340274,0.31686983602085744,1.0
proportional_service,6,1,0,-1.0,46.23394438739546,0.34844851717016934,1.0
proportional_service,7,1,0,-1.0,31.47193961513026,-0.09194756824343162,0.0
proportional_service,8,1,0,-1.0,40.561672467932084,0.8911293979530381,0.0
proportional_service,9,1,0,-1.0,42.138541537819876,0.45820375945404335,0.0
proportional_service,10,1,0,-1.0,34.18683558774533,-0.3242091691281718,1.0
proportional_service,11,1,0,-1.0,22.316217793992145,-0.22089434703880398,0.0
proportional_service,12,1,0,-1.0,19.05704999676961,-0.3875496142870584,0.0
proportional_service,13,1,0,-1.0,26.392451274099358,0.1553467501408961,0.0
proportional_service,14,1,0,-1.0,23.786911877590253,-0.8063313655678616,0.0
proportional_service,15,1,0,-1.0,32.570101342291416,0.3693983764291428,0.0
proportional_service,16,1,0,-1.0,28.159857061507946,0.07800524624142939,0.0
proportional_service,17,1,0,-1.0,42.06400191512529,0.8864398715596058,0.0
proportional_service,18,1,0,-1.0,18.34398944029965,-1.1453494100127057,0.0
proportional_service,19,1,0,-1.0,17.914595791214317,-0.43710826806235076,0.0
proportional_service,20,1,0,-1.0,36.09072073047872,0.3641885497984222,1.0
proportional_service,21,1,0,-1.0,42.49020051110704,-0.27604950167880044,0.0
proportional_service,22,1,0,-1.0,32.39797579271604,-0.050571496338854785,0.0
proportional_service,23,1,0,-1.0,14.465801369933256,-0.9923582387789734,0.0
proportional_service,24,1,0,-1.0,14.909413831866114,0.12780734297275145,0.0
proportional_service,25,1,0,-1.0,29.815257392364572,-0.3913049591041478,0.0
proportional_service,26,1,0,-1.0,32.03268043953789,-0.9519185190390567,1.0
proportional_service,27,1,0,-1.0,27.277832285703756,0.5707044664007725,0.0
proportional_service,28,1,0,-1.0,26.726819567312425,-0.25026772972732847,0.0
proportional_service,29,1,0,-1.0,18.685291418069237,-0.42003719412195817,0.0
proportional_service,30,1,0,-1.0,73.94006841071976,1.3394141418400318,2.0
proportional_service,31,1,0,-1.0,56.29809100196036,0.9892583872937971,1.0
proportional_service,32,1,0,-1.0,22.50431439769248,-0.5017445239558088,0.0
proportional_service,33,1,0,-1.0,35.44021474479289,0.6786317023618288,0.0
proportional_service,34,1,0,-1.0,32.66934472022368,0.6533372357488797,1.0
proportional_service,35,1,0,-1.0,51.956788070659364,1.305552967043706,2.0
proportional_service,36,1,0,-1.0,18.34774673843654,-0.7474373269329708,0.0
proportional_service,37,1,0,-1.0,21.609407030050093,-0.514337541402569,0.0
proportional_service,38,1,0,-1.0,37.77182630369661,0.43460341251970536,0.0
proportional_service,39,1,0,-1.0,57.407444349096636,0.4345096812107892,1.0
proportional_service,40,1,0,-1.0,19.55187296951322,0.3246299332878048,0.0
proportional_service,41,1,0,-1.0,39.24840700933663,0.4138506715817586,0.0
proportional_service,42,1,0,-1.0,15.627073475577234,-0.6177951394570583,0.0
proportional_service,43,1,0,-1.0,62.913652380434,0.9479310450487907,2.0
proportional_service,44,1,0,-1.0,38.64703099295829,-0.9596482943039472,1.0
proportional_service,45,1,0,-1.0,38.63207464832766,1.0131670651819753,1.0
proportional_service,46,1,0,-1.0,44.00013786014781,0.6095062345492771,0.0
proportional_service,47,1,0,-1.0,31.98772600221127,-0.32830730416629234,0.0
proportional_service,48,1,0,-1.0,24.92463413012268,0.36908394648947235,0.0
proportional_service,49,1,0,-1.0,54.5885117257213,-0.2417998560752873,1.0
proportional_service,50,1,0,-1.0,40.47055663733901,-0.6845842950435571,1.0
proportional_service,51,1,0,-1.0,33.530278263079964,0.3795600601469796,1.0
proportional_service,52,1,0,-1.0,51.772341740988274,1.0443728036185427,1.0
proportional_service,53,1,0,-1.0,73.85932617928844,0.6158589219835826,3.0
proportional_service,54,1,0,-1.0,18.18812271594317,0.5487533437500139,0.0
proportional_service,55,1,0,-1.0,44.89384641082799,0.0002301404295172281,0.0
proportional_service,56,1,0,-1.0,17.85690617546097,-1.1724462924979624,0.0
proportional_service,57,1,0,-1.0,39.07264240267285,0.4520472992328215,0.0
proportional_service,58,1,0,-1.0,16.366670513054306,-0.19107609752109725,0.0
proportional_service,59,1,0,-1.0,54.15880311288414,-0.37040036045208385,0.0
proportional_service,60,1,0,-1.0,43.214415428899585,0.17343935082976059,0.0
proportional_service,61,1,0,-1.0,42.00604612334548,-0.44230390973690403,0.0
proportional_service,62,1,0,-1.0,34.651680958200956,0.14292012401004975,0.0
proportional_service,63,1,0,-1.0,47.314409908639306,0.635966936618069,1.0
proportional_service,64,1,0,-1.0,33.87480602337403,0.7094734562683755,0.0
proportional_service,65,1,0,-1.0,8.6106308026248,-0.8824030491678669,0.0
proportional_service,66,1,0,-1.0,24.562175026227493,0.6252312802844449,0.0
proportional_service,67,1,0,-1.0,22.747242623045587,-0.5280033402417191,0.0
proportional_service,68,1,0,-1.0,31.154841929436444,-0.4896027613623324,0.0
proportional_service,69,1,0,-1.0,27.381470941482128,1.0062378303173098,0.0
proportional_service,70,1,0,-1.0,21.409319968641682,-0.47694411994139513,0.0
proportional_service,71,1,0,-1.0,42.823467231810746,0.6898345109430759,1.0
proportional_service,72,1,0,-1.0,35.030314371941344,0.7122216001832842,0.0
proportional_service,73,1,0,-1.0,41.95189681201465,0.1972636148211565,0.0
proportional_service,74,1,0,-1.0,18.256347478186527,-0.6690385133622803,0.0
proportional_service,75,1,0,-1.0,27.968638833805574,0.5055928536577008,1.0
proportional_service,76,1,0,-1.0,46.05150985020498,0.99706631152791,0.0
proportional_service,77,1,0,-1.0,9.889500772157824,0.048701894684576384,0.0
proportional_service,78,1,0,-1.0,25.042418050847576,0.3893341318695238,0.0
proportional_service,79,1,0,-1.0,21.75304267243866,-0.520404219559203,0.0
proportional_service,80,1,0,-1.0,25.332922208076162,-0.18090343829488342,0.0
proportional_service,81,1,0,-1.0,28.85217753299304,0.5487746407661819,0.0
proportional_service,82,1,0,-1.0,26.495112958743206,-0.7179442196170617,0.0
proportional_service,83,1,0,-1.0,29.273991042648802,-0.10063641834645709,0.0
proportional_service,84,1,0,-1.0,46.503990566789156,0.7560689615197884,2.0
proportional_service,85,1,0,-1.0,43.39999140998585,-0.3539517026604479,0.0
proportional_service,86,1,0,-1.0,11.16065395181988,0.0846449252868608,0.0
proportional_service,87,1,0,-1.0,29.791312472390953,0.12750466060952453,1.0
proportional_service,88,1,0,-1.0,15.811028884651646,-0.18518389343642463,0.0
proportional_service,89,1,0,-1.0,29.093454870916748,-0.2006217535139134,0.0
proportional_service,90,1,0,-1.0,35.476263752505034,-0.23961620267656802,0.0
proportional_service,91,1,0,-1.0,34.93286755434983,0.08772133514136539,0.0
proportional_service,92,1,0,-1.0,18.710520583835287,0.5088364991422585,0.0
proportional_service,93,1,0,-1.0,46.45643909265452,0.9608095874494005,1.0
proportional_service,94,1,0,-1.0,24.683284096389723,-0.6482490502640524,0.0
proportional_service,95,1,0,-1.0,38.067775647183346,0.13769258046890762,2.0
proportional_service,96,1,0,-1.0,33.74012176695431,-0.3635308869306497,0.0
proportional_service,97,1,0,-1.0,35.78723046617342,0.9205259871023266,0.0
proportional_service,98,1,0,-1.0,30.55442529068966,0.9207595914535558,0.0
proportional_service,99,1,0,-1.0,46.04315513417083,1.0693147976973374,1.0
proportional_service,100,1,0,-1.0,26.049193498056713,-0.015201398972540107,0.0
proportional_service,101,1,0,-1.0,31.350203277974455,0.5142156166591092,1.0
proportional_service,102,1,0,-1.0,27.31647480995547,0.12236690871438789,0.0
proportional_service,103,1,0,-1.0,27.866387287888454,-0.7226889771839915,0.0
proportional_service,104,1,0,-1.0,38.60091855718373,0.4019552308137841,2.0
proportional_service,105,1,0,-1.0,35.433766831230486,-0.09832840417203591,0.0
proportional_service,106,1,0,-1.0,34.612883527583925,0.3567730206483861,1.0
proportional_service,107,1,0,-1.0,37.42997436432521,0.07716407398810358,1.0
proportional_service,108,1,0,-1.0,48.51652511840896,0.6570470076317096,1.0
proportional_service,109,1,0,-1.0,34.797799332968104,0.1359584495175648,0.0
proportional_service,110,1,0,-1.0,28.88994977134698,0.2140695256585552,0.0
proportional_service,111,1,0,-1.0,37.45013426801356,-0.45541135575926456,0.0
proportional_service,112,1,0,-1.0,22.039661391729435,0.41350919795147123,0.0
proportional_service,113,1,0,-1.0,17.935620745226824,0.12206718164445789,0.0
proportional_service,114,1,0,-1.0,38.703028839284045,0.3177228203585902,0.0
proportional_service,115,1,0,-1.0,27.562226675691484,0.3355939743787671,1.0
proportional_service,116,1,0,-1.0,48.181364736578836,0.9644203152897867,1.0
proportional_service,117,1,0,-1.0,36.200529678325424,0.14393226112588625,1.0
proportional_service,118,1,0,-1.0,37.07996000971853,-0.5877179767702563,0.0
proportional_service,119,1,0,-1.0,11.455118727627847,-0.18701165748181364,0.0
proportional_service,120,1,0,-1.0,18.79235347297668,-0.5330701723188284,0.0
proportional_service,121,1,0,-1.0,20.969155366061756,-0.5488996429834687,0.0
proportional_service,122,1,0,-1.0,33.85424338314696,-0.38041381807311603,0.0
proportional_service,123,1,0,-1.0,23.31729011913976,0.19315468445021627,0.0
proportional_service,124,1,0,-1.0,11.895913397190322,-0.17504004319673103,0.0
proportional_service,125,1,0,-1.0,17.766968540639294,0.4830717026346994,0.0
proportional_service,126,1,0,-1.0,21.603550497452105,0.19791492599368868,0.0
proportional_service,127,1,0,-1.0,29.64063345163477,-0.4198475080098145,0.0
proportional_service,128,1,0,-1.0,43.76254538416109,0.3247166935779608,0.0
proportional_service,129,1,0,-1.0,13.0893158450725,-0.3313872137354776,0.0
proportional_service,130,1,0,-1.0,64.26065439220496,2.431304215852272,1.0
proportional_service,131,1,0,-1.0,52.8575119910089,0.11224854671652425,1.0
proportional_service,132,1,0,-1.0,41.9124085277123,0.4706450301587084,0.0
proportional_service,133,1,0,-1.0,35.44379613457846,0.08389355056217727,0.0
proportional_service,134,1,0,-1.0,47.45791082303306,0.683049913205106,2.0
proportional_service,135,1,0,-1.0,23.568983034803452,-0.5399809979190014,0.0
proportional_service,136,1,0,-1.0,35.61835584451479,0.060744608049239354,0.0
proportional_service,137,1,0,-1.0,49.840120051997246,-0.13227844008778084,2.0
proportional_service,138,1,0,-1.0,24.132053174368416,-1.0024969336981773,0.0
proportional_service,139,1,0,-1.0,33.47507333227678,0.06578370834227484,0.0
proportional_service,140,1,0,-1.0,28.088956755698508,0.5453855111782387,0.0
proportional_service,141,1,0,-1.0,38.967207799151446,0.2892291009006789,1.0
proportional_service,142,1,0,-1.0,30.160771844864765,0.506520915048097,0.0
proportional_service,143,1,0,-1.0,47.89807055177134,1.8030085903539887,1.0
proportional_service,144,1,0,-1.0,49.84466660080668,0.7312640828951358,1.0
proportional_service,145,1,0,-1.0,68.3579993171774,-0.6404395440710925,2.0
proportional_service,146,1,0,-1.0,28.89009034852627,0.08176082477573154,0.0
proportional_service,147,1,0,-1.0,31.342535704069654,-0.10843201922477143,0.0
proportional_service,148,1,0,-1.0,28.913825873582333,0.2608586929146022,0.0
proportional_service,149,1,0,-1.0,35.12820418259876,0.3471404084575938,1.0
proportional_service,150,1,0,-1.0,31.652930056588723,-0.8384445604716425,0.0
proportional_service,151,1,0,-1.0,8.590355174483724,-1.4690509570465773,0.0
proportional_service,152,1,0,-1.0,19.89197108168694,-0.38570269775874855,0.0
proportional_service,153,1,0,-1.0,48.26269144230746,0.605257074759847,0.0
proportional_service,154,1,0,-1.0,51.5900815618478,1.059231464700611,1.0
proportional_service,155,1,0,-1.0,39.97139633979067,0.4202755162405243,1.0
proportional_service,156,1,0,-1.0,24.748145990312118,0.693953326687803,0.0
proportional_service,157,1,0,-1.0,65.59281808823647,-0.10186661177535515,1.0
proportional_service,158,1,0,-1.0,30.403407561133896,0.3078964472099242,1.0
proportional_service,159,1,0,-1.0,28.6544570212752,0.38519468164708587,0.0
proportional_service,160,1,0,-1.0,23.378193002105743,-0.5192235494233159,0.0
proportional_service,161,1,0,-1.0,55.60662263547195,0.048255534105970395,1.0
proportional_service,162,1,0,-1.0,64.67378771312295,1.8124422096202137,2.0
proportional_service,163,1,0,-1.0,34.47029932477445,0.048182233493051535,0.0
proportional_service,164,1,0,-1.0,26.129661688860825,0.1197943902142105,0.0
proportional_service,165,1,0,-1.0,40.59729677504585,0.8828456312864366,1.0
proportional_service,166,1,0,-1.0,37.30349400374362,-0.10554264368175532,1.0
proportional_service,167,1,0,-1.0,25.833564880853366,0.23496699593725004,0.0
proportional_service,168,1,0,-1.0,38.536417419575294,0.22492093675696181,0.0
proportional_service,169,1,0,-1.0,30.242827683979694,-0.8031081250554503,0.0
proportional_service,170,1,0,-1.0,15.437708392388883,-0.8986882999829793,0.0
proportional_service,171,1,0,-1.0,37.66776304692005,0.8119197664579791,0.0
proportional_service,172,1,0,-1.0,32.59033334863856,-0.17070938886481768,0.0
proportional_service,173,1,0,-1.0,19.56691235587138,0.24449350664401354,0.0
proportional_service,174,1,0,-1.0,22.19698166688374,0.37470527787521585,0.0
proportional_service,175,1,0,-1.0,66.56714272958497,1.0732387297336825,3.0
proportional_service,176,1,0,-1.0,23.77332834355533,0.15277066279813162,0.0
proportional_service,177,1,0,-1.0,27.90986039611456,-0.24337835056012333,0.0
proportional_service,178,1,0,-1.0,15.9937221968489,-0.39071683215414565,0.0
proportional_service,179,1,0,-1.0,18.471938241473666,-0.6324633863721364,0.0
proportional_service,180,1,0,-1.0,76.64982166342695,0.7971491914420864,1.0
proportional_service,181,1,0,-1.0,48.85753201024336,0.9404713590104729,2.0
proportional_service,182,1,0,-1.0,53.75697757865266,1.4190775529523545,1.0
proportional_service,183,1,0,-1.0,28.02373411234486,-0.9810167214760057,0.0
proportional_service,184,1,0,-1.0,29.950126939846356,-0.8150078545275093,0.0
proportional_service,185,1,0,-1.0,37.86309065494153,0.3108037710523454,1.0
proportional_service,186,1,0,-1.0,31.32129590479964,-0.153802981955221,0.0
proportional_service,187,1,0,-1.0,51.065178663056045,0.381419133380443,2.0
proportional_service,188,1,0,-1.0,30.712375416995958,0.03721332934427959,0.0
proportional_service,189,1,0,-1.0,35.89877898613034,0.37722490492214117,0.0
proportional_service,190,1,0,-1.0,21.939645868177475,0.023353812104382008,0.0
proportional_service,191,1,0,-1.0,26.569193800628877,-1.041272809979263,0.0
proportional_service,192,1,0,-1.0,62.162877596795795,0.7439580943520309,1.0
proportional_service,193,1,0,-1.0,46.9151621785612,0.7812523487211364,2.0
proportional_service,194,1,0,-1.0,29.60788652075308,-0.3691376746221283,0.0
proportional_service,195,1,0,-1.0,27.264209482113955,0.6950421508429303,0.0
proportional_service,196,1,0,-1.0,64.60879531551738,0.9515001132272399,3.0
proportional_service,197,1,0,-1.0,26.33275689083549,-0.43515384315524014,0.0
proportional_service,198,1,0,-1.0,63.20585815741211,1.8255439809230924,2.0
proportional_service,199,1,0,-1.0,24.509232130854,0.21969680392427404,0.0
proportional_service,200,1,0,-1.0,60.5750283032439,0.5996305109251984,1.0
proportional_service,201,1,0,-1.0,18.59096032166327,-0.4603386178809367,0.0
proportional_service,202,1,0,-1.0,39.05239621075952,0.5883391274557669,0.0
proportional_service,203,1,0,-1.0,34.72591460288601,-0.168457798770563,0.0
proportional_service,204,1,0,-1.0,14.306289234672803,-0.5856439234568047,0.0
proportional_service,205,1,0,-1.0,24.059008172373247,-1.8888682897898923,1.0
proportional_service,206,1,0,-1.0,19.232149943482163,-0.6613535573607103,0.0
proportional_service,207,1,0,-1.0,48.561007149539485,0.12136509359011108,1.0
proportional_service,208,1,0,-1.0,18.054081173269704,0.2430887871621131,0.0
proportional_service,209,1,0,-1.0,28.27654761911677,0.21273060329160393,1.0
proportional_service,210,1,0,-1.0,81.39456967470801,0.13430847813856928,2.0
proportional_service,211,1,0,-1.0,31.771884422811514,0.7963361948982689,0.0
proportional_service,212,1,0,-1.0,43.72751757043757,-0.514524014993992,0.0
proportional_service,213,1,0,-1.0,37.42745339494904,0.6450291925984035,1.0
proportional_service,214,1,0,-1.0,40.17915635246105,0.13072711096307574,1.0
proportional_service,215,1,0,-1.0,18.413343669089215,-0.907497269473289,0.0
proportional_service,216,1,0,-1.0,35.320311748132525,0.29415441448760593,0.0
proportional_service,217,1,0,-1.0,13.00352628336272,-0.35441140112260605,0.0
proportional_service,218,1,0,-1.0,34.61454130886371,0.22106526647662272,1.0
proportional_service,219,1,0,-1.0,23.380425417225066,-0.5433930530347301,0.0
proportional_service,220,1,0,-1.0,27.940260704412538,-0.3412872839943347,0.0
proportional_service,221,1,0,-1.0,13.858897342908751,-1.3040303068822072,0.0
proportional_service,222,1,0,-1.0,21.259795215196455,-0.34060472807451037,0.0
proportional_service,223,1,0,-1.0,37.16439649696626,-0.1741480032010552,0.0
proportional_service,224,1,0,-1.0,45.16211181998771,-0.1940313844299149,1.0
proportional_service,225,1,0,-1.0,38.4606268402921,-0.20573528103562871,0.0
proportional_service,226,1,0,-1.0,25.734370092516073,-0.061228825060691244,0.0
proportional_service,227,1,0,-1.0,36.87656301121766,0.6162472257133217,0.0
proportional_service,228,1,0,-1.0,43.30085194144523,1.1745324290661359,1.0
proportional_service,229,1,0,-1.0,84.73191461838827,1.7449516670785217,3.0
proportional_service,230,1,0,-1.0,40.82606175561267,0.6069280213122394,0.0
proportional_service,231,1,0,-1.0,48.665390569487556,0.17490011357781637,0.0
proportional_service,232,1,0,-1.0,31.13264613968807,0.1098447495900781,0.0
proportional_service,233,1,0,-1.0,41.45676347636871,0.47387931690783336,1.0
proportional_service,234,1,0,-1.0,18.806496152766993,-1.1075697491734557,0.0
proportional_service,235,1,0,-1.0,27.306770002023356,0.23150616687653977,0.0
proportional_service,236,1,0,-1.0,41.1994588608313,-0.3231491583479212,1.0
proportional_service,237,1,0,-1.0,33.18905109068189,0.035496477343506055,0.0
proportional_service,238,1,0,-1.0,28.20432710898665,0.913193895221868,0.0
proportional_service,239,1,0,-1.0,49.84620275412915,0.7323253500541024,0.0
proportional_service,240,1,0,-1.0,51.85593157672475,1.2705782286333613,1.0
proportional_service,241,1,0,-1.0,24.765282956953975,0.023160995450179016,0.0
proportional_service,242,1,0,-1.0,56.07819297927234,0.6503907419854567,1.0
proportional_service,243,1,0,-1.0,44.497435645195736,1.1674449431931455,0.0
proportional_service,244,1,0,-1.0,28.24709503191223,-0.5460714861017365,0.0
proportional_service,245,1,0,-1.0,43.02633592151488,0.5599110425737077,0.0
proportional_service,246,1,0,-1.0,30.4650561576723,0.915829810245292,0.0
proportional_service,247,1,0,-1.0,28.445636073418306,-0.25174734438442975,0.0
proportional_service,248,1,0,-1.0,51.12126395495205,0.6974651888845897,1.0
proportional_service,249,1,0,-1.0,47.136139958539005,1.1226676701709388,0.0
proportional_service,250,1,0,-1.0,48.472079936175206,1.3557001806865117,0.0
proportional_service,251,1,0,-1.0,27.254348889478944,-1.605418874945779,0.0
proportional_service,252,1,0,-1.0,23.574590808110486,-0.5172408671782294,0.0
proportional_service,253,1,0,-1.0,17.174142379101518,-0.4995426073474791,0.0
proportional_service,254,1,0,-1.0,22.694372845055447,-0.1829117998591155,0.0
proportional_service,255,1,0,-1.0,30.623119155421747,0.20067936398779165,1.0
proportional_service,256,1,0,-1.0,32.398524177589195,0.24616871836843746,0.0
proportional_service,257,1,0,-1.0,20.017436798813467,-0.36561390394134413,0.0
proportional_service,258,1,0,-1.0,28.873543509504334,0.8921735333925327,0.0
proportional_service,259,1,0,-1.0,27.59293750422908,0.1035881383407733,0.0
proportional_service,260,1,0,-1.0,27.03778557134606,-0.5505337703073787,0.0
proportional_service,261,1,0,-1.0,68.03970700330197,0.608974679637859,3.0
proportional_service,262,1,0,-1.0,34.478794474609245,0.7919771752517104,0.0
proportional_service,263,1,0,-1.0,22.829909593882867,-0.30542510041579035,0.0
proportional_service,264,1,0,-1.0,40.368474319578866,0.30232332868143064,0.0
proportional_service,265,1,0,-1.0,53.959518472068766,0.771561569510139,1.0
proportional_service,266,1,0,-1.0,61.524540349495645,1.2379363920821034,2.0
proportional_service,267,1,0,-1.0,48.561347903724744,1.267921584997444,1.0
proportional_service,268,1,0,-1.0,33.794735606254136,0.44324134350268013,0.0
proportional_service,269,1,0,-1.0,57.49080812334625,1.0225318285854703,1.0
proportional_service,270,1,0,-1.0,33.975736957872016,-0.3212354120793041,1.0
proportional_service,271,1,0,-1.0,61.91458912957244,0.7824363661741064,2.0
proportional_service,272,1,0,-1.0,19.894721494691943,0.1347877079103375,0.0
proportional_service,273,1,0,-1.0,35.242746444681565,-0.1692316646934541,0.0
proportional_service,274,1,0,-1.0,44.346171233641726,-0.11801152554452621,1.0
proportional_service,275,1,0,-1.0,28.85380981944136,-0.28633386540443967,0.0
proportional_service,276,1,0,-1.0,48.16132961064212,1.0469687980783051,0.0
proportional_service,277,1,0,-1.0,15.836519795798278,-0.42938234899831335,0.0
proportional_service,278,1,0,-1.0,24.134580086583348,0.09828132645227639,0.0
proportional_service,279,1,0,-1.0,33.18419478326084,0.497310530102798,0.0
proportional_service,280,1,0,-1.0,55.317841981788995,1.7367563754673205,2.0
proportional_service,281,1,0,-1.0,55.714427629404426,1.1097527874834123,2.0
proportional_service,282,1,0,-1.0,42.28148749376564,-0.07541178335858735,1.0
proportional_service,283,1,0,-1.0,39.28118747408549,0.17692540819816624,0.0
proportional_service,284,1,0,-1.0,5.504782340980645,-0.42412455867838905,0.0
proportional_service,285,1,0,-1.0,44.888564268489816,-0.23786631323749985,0.0
proportional_service,286,1,0,-1.0,29.219142680557674,1.1096200667736797,0.0
proportional_service,287,1,0,-1.0,38.94833613821634,0.4545622707399057,1.0
proportional_service,288,1,0,-1.0,38.791226493947335,0.6364301592935517,1.0
proportional_service,289,1,0,-1.0,43.386025108993486,0.6830304866338379,1.0
proportional_service,290,1,0,-1.0,18.482063782593464,-0.11938905008116356,0.0
proportional_service,291,1,0,-1.0,37.35737080560842,-0.5608269418390639,1.0
proportional_service,292,1,0,-1.0,38.01110768330312,0.42009504743519055,0.0
proportional_service,293,1,0,-1.0,38.11445494340779,0.03576222079813665,0.0
proportional_service,294,1,0,-1.0,37.05977120702676,-0.16869046255671646,0.0
proportional_service,295,1,0,-1.0,54.65275273379302,0.09132953923040515,2.0
proportional_service,296,1,0,-1.0,30.126862647749412,-0.5834938827832186,1.0
proportional_service,297,1,0,-1.0,28.560771906754056,0.34479207463335154,0.0
proportional_service,298,1,0,-1.0,57.721519748553234,1.6046479210296725,1.0
proportional_service,299,1,0,-1.0,37.94624978896712,-0.3829475280028187,0.0
proportional_service,300,1,0,-1.0,36.620482494485465,0.35571794074036145,1.0
proportional_service,301,1,0,-1.0,19.15573337632829,-0.33094028585213586,0.0
proportional_service,302,1,0,-1.0,39.722507190569644,0.6700630886422511,1.0
proportional_service,303,1,0,-1.0,22.28526923162567,-0.5777255251583833,0.0
proportional_service,304,1,0,-1.0,24.40342446696284,-0.019968523465908997,0.0
proportional_service,305,1,0,-1.0,61.60221490173611,0.12221902552194673,2.0
proportional_service,306,1,0,-1.0,30.431355852191828,0.20211940810475934,0.0
proportional_service,307,1,0,-1.0,41.36083900236376,0.6172771760120748,0.0
proportional_service,308,1,0,-1.0,32.80866322379944,0.5991585866197319,0.0
proportional_service,309,1,0,-1.0,26.781458656048628,-0.36116020117392794,0.0
proportional_service,310,1,0,-1.0,50.154534340742735,0.7008271229903866,1.0
proportional_service,311,1,0,-1.0,60.68114601392812,1.1503736759716416,2.0
proportional_service,312,1,0,-1.0,27.802646253370796,0.14996882882919274,0.0
proportional_service,313,1,0,-1.0,62.94125959922867,0.9658807809182962,1.0
proportional_service,314,1,0,-1.0,46.633130079966875,0.22428922962568568,0.0
proportional_service,315,1,0,-1.0,96.25602676904239,1.2950432017700484,4.0
proportional_service,316,1,0,-1.0,56.44302877950314,0.7716184260318167,2.0
proportional_service,317,1,0,-1.0,33.46440310255894,0.5310058345698131,0.0
proportional_service,318,1,0,-1.0,19.73599361139922,0.07691185924162997,0.0
proportional_service,319,1,0,-1.0,37.60795324968545,0.5929015989550894,0.0
proportional_service,320,1,0,-1.0,26.6204824928028,-0.575438782816499,0.0
proportional_service,321,1,0,-1.0,51.869289903663756,0.3881745185387845,1.0
proportional_service,322,1,0,-1.0,58.00327567628798,0.3211528798749519,1.0
proportional_service,323,1,0,-1.0,35.43695163247098,0.0631734212251931,0.0
proportional_service,324,1,0,-1.0,46.6947714242257,-0.19521882922171388,0.0
proportional_service,325,1,0,-1.0,39.808210999734754,0.8046611877072283,1.0
proportional_service,326,1,0,-1.0,15.467226259910907,-0.3566283875492473,0.0
proportional_service,327,1,0,-1.0,46.48612632347731,1.3725320691259637,1.0
proportional_service,328,1,0,-1.0,38.30142858493908,0.38221012980374364,0.0
proportional_service,329,1,0,-1.0,35.70683107390434,0.06005970252413911,0.0
proportional_service,330,1,0,-1.0,36.76129043660049,-0.5311244692745771,0.0
proportional_service,331,1,0,-1.0,25.485244206179843,0.19077259219634146,0.0
proportional_service,332,1,0,-1.0,52.182810700681664,1.412377818541137,1.0
proportional_service,333,1,0,-1.0,33.34950819063708,0.7417934716183971,1.0
proportional_service,334,1,0,-1.0,37.79806141312833,0.042328990681983064,1.0
proportional_service,335,1,0,-1.0,40.74702849058252,0.8072777504334978,0.0
proportional_service,336,1,0,-1.0,26.628796285923247,-0.011664204350578317,0.0
proportional_service,337,1,0,-1.0,56.34072383842108,0.9478585966459476,1.0
proportional_service,338,1,0,-1.0,22.03208949138882,-0.35924905667175894,0.0
proportional_service,339,1,0,-1.0,28.106913018778705,-0.5911090738170287,1.0
proportional_service,340,1,0,-1.0,58.22225181082259,0.19404584817042117,2.0
proportional_service,341,1,0,-1.0,29.32572872791688,-0.489232200264909,0.0
proportional_service,342,1,0,-1.0,39.771369834578636,0.7129413202881619,0.0
proportional_service,343,1,0,-1.0,40.74008196451906,0.3852485193744354,2.0
proportional_service,344,1,0,-1.0,35.499068737228214,0.8164242310862139,0.0
proportional_service,345,1,0,-1.0,58.481767491795004,0.740109891319397,0.0
proportional_service,346,1,0,-1.0,38.58213381280606,-0.18490541556608753,0.0
proportional_service,347,1,0,-1.0,37.442894606655415,0.23815078282892346,0.0
proportional_service,348,1,0,-1.0,11.781255466521753,-0.3970048513693788,0.0
proportional_service,349,1,0,-1.0,48.40642041717309,1.3134790584789584,1.0
proportional_service,350,1,0,-1.0,42.166386657231754,-0.2665800689329303,1.0
proportional_service,351,1,0,-1.0,26.905948973282932,0.5078305010734274,0.0
proportional_service,352,1,0,-1.0,26.01925131514609,0.781620626126164,0.0
proportional_service,353,1,0,-1.0,42.670670709920174,0.44114611564982426,0.0
proportional_service,354,1,0,-1.0,20.530145716585814,-0.8013356963895671,0.0
proportional_service,355,1,0,-1.0,17.181949216307437,-0.6801162057939164,0.0
proportional_service,356,1,0,-1.0,30.10201858794732,0.5787791590283223,0.0
proportional_service,357,1,0,-1.0,56.816144705406714,1.5042737159119137,1.0
proportional_service,358,1,0,-1.0,25.483863911800746,-0.24324198393290153,0.0
proportional_service,359,1,0,-1.0,24.017397148627666,-0.20565030164406914,0.0
proportional_service,360,1,0,-1.0,41.00160873483708,0.4837157730216327,1.0
proportional_service,361,1,0,-1.0,15.33328157703894,-0.3590642531393669,0.0
proportional_service,362,1,0,-1.0,43.70620108929371,0.7325322514674085,0.0
proportional_service,363,1,0,-1.0,44.742717912691305,0.30188700863354506,0.0
proportional_service,364,1,0,-1.0,46.67016580268973,-0.05083380672941929,1.0
proportional_service,365,1,0,-1.0,23.210438038882756,0.2581934129844559,0.0
proportional_service,366,1,0,-1.0,33.20144123405284,-0.2803245156975733,0.0
proportional_service,367,1,0,-1.0,52.92708458979669,-0.0932901131800108,1.0
proportional_service,368,1,0,-1.0,40.82826778376866,0.16036179194941236,1.0
proportional_service,369,1,0,-1.0,40.13133180056016,-0.14365118632741197,1.0
proportional_service,370,1,0,-1.0,18.338495837013973,-0.1532524386379573,0.0
proportional_service,371,1,0,-1.0,40.69252355905773,0.0036547302327007577,1.0
proportional_service,372,1,0,-1.0,62.40753684535406,1.5827482658732195,0.0
proportional_service,373,1,0,-1.0,83.29716883544575,0.9426645657330138,2.0
proportional_service,374,1,0,-1.0,26.176816122682915,-0.975138745504538,0.0
proportional_service,375,1,0,-1.0,81.1680004832908,1.3494956174962158,3.0
proportional_service,376,1,0,-1.0,45.100933988934734,0.788597905772403,0.0
proportional_service,377,1,0,-1.0,42.009964752208056,0.036015071625182325,1.0
proportional_service,378,1,0,-1.0,14.217993617654438,-0.6324218581149695,0.0
proportional_service,379,1,0,-1.0,23.410572348065244,-0.5403846211447346,0.0
proportional_service,380,1,0,-1.0,39.94484111295815,0.7673449365137508,1.0
proportional_service,381,1,0,-1.0,35.19839642912246,0.3845742207549667,0.0
proportional_service,382,1,0,-1.0,48.02163948414722,0.23595427424682294,1.0
proportional_service,383,1,0,-1.0,25.61024355774768,-0.028852243814545313,0.0
proportional_service,384,1,0,-1.0,56.6463571780173,1.0920169279915897,2.0
proportional_service,385,1,0,-1.0,57.821776551861774,-0.25569753896244374,3.0
proportional_service,386,1,0,-1.0,27.179604628236486,-1.028792450888972,0.0
proportional_service,387,1,0,-1.0,63.576529300546625,0.3738313971476514,1.0
proportional_service,388,1,0,-1.0,24.69770640471498,0.018629324543114886,0.0
proportional_service,389,1,0,-1.0,71.00426164021259,1.0372153745511636,1.0
proportional_service,390,1,0,-1.0,42.28384535380671,0.4090943783541438,0.0
proportional_service,391,1,0,-1.0,23.4323442375799,-0.45529130151077657,0.0
proportional_service,392,1,0,-1.0,43.818293811625686,1.1206235466535965,1.0
proportional_service,393,1,0,-1.0,34.25397792628958,-0.33527494655827095,0.0
proportional_service,394,1,0,-1.0,38.909404579669236,0.4019699999009895,0.0
proportional_service,395,1,0,-1.0,26.933809606784802,-1.372264177176959,0.0
proportional_service,396,1,0,-1.0,61.617334354067644,1.405185945077455,1.0
proportional_service,397,1,0,-1.0,43.74236495449199,0.16240636171690623,0.0
proportional_service,398,1,0,-1.0,16.527185059199024,-0.7887228241836715,0.0
proportional_service,399,1,0,-1.0,40.19734662107948,0.5095685408518662,0.0
proportional_service,400,1,0,-1.0,26.405659428258588,-0.5281000374223985,0.0
proportional_service,401,1,0,-1.0,15.990992339038566,-1.2028986195588978,0.0
proportional_service,402,1,0,-1.0,31.905809852557276,-0.6834726891430724,0.0
proportional_service,403,1,0,-1.0,44.2460435755399,-0.4268737375400133,0.0
proportional_service,404,1,0,-1.0,41.734045535252854,0.4709505086071625,1.0
proportional_service,405,1,0,-1.0,37.251984428447585,-0.43531084886990945,0.0
proportional_service,406,1,0,-1.0,47.611492663337415,0.34205555228121354,2.0
proportional_service,407,1,0,-1.0,12.21728150517281,-0.1701178134775737,0.0
proportional_service,408,1,0,-1.0,23.560272933595073,-0.9589887572646257,0.0
proportional_service,409,1,0,-1.0,54.254727579961006,0.19392229710100467,1.0
proportional_service,410,1,0,-1.0,23.984397829892618,-1.1027940608016527,0.0
proportional_service,411,1,0,-1.0,23.379260978615658,-0.04178335040903781,0.0
proportional_service,412,1,0,-1.0,32.29679608136019,-0.02108302908119551,0.0
proportional_service,413,1,0,-1.0,21.767958200475064,0.39709835674179816,0.0
proportional_service,414,1,0,-1.0,20.301499233116765,-0.27333229690798505,0.0
proportional_service,415,1,0,-1.0,34.032070531585155,0.9808161348525226,0.0
proportional_service,416,1,0,-1.0,27.437491300243565,-0.8402990075029488,0.0
proportional_service,417,1,0,-1.0,42.37003898620712,0.7820641448997702,0.0
proportional_service,418,1,0,-1.0,45.79659433387679,0.4145800570704659,0.0
proportional_service,419,1,0,-1.0,24.207911989197942,-0.31080968564588546,0.0
proportional_service,420,1,0,-1.0,20.078493798626642,-0.05927729100032236,0.0
proportional_service,421,1,0,-1.0,34.233991585732994,0.9358266232635872,0.0
proportional_service,422,1,0,-1.0,47.50583337906158,0.2712765764604763,1.0
proportional_service,423,1,0,-1.0,19.600223037876773,0.3542808732957278,0.0
proportional_service,424,1,0,-1.0,38.52354434052596,1.1168314612620565,1.0
proportional_service,425,1,0,-1.0,61.94384105215283,0.37430884214925036,1.0
proportional_service,426,1,0,-1.0,37.47119941478024,-0.00013683542992344794,0.0
proportional_service,427,1,0,-1.0,21.44662787438469,-0.6629833224660268,0.0
proportional_service,428,1,0,-1.0,26.00654228345878,0.1854505464559672,0.0
proportional_service,429,1,0,-1.0,35.19285031239204,0.20884632519809715,1.0
proportional_service,430,1,0,-1.0,32.209309147928906,-0.3635803087727791,0.0
proportional_service,431,1,0,-1.0,29.03784487858382,0.009624375844646187,0.0
proportional_service,432,1,0,-1.0,34.94698283208933,0.37835081994104813,0.0
proportional_service,433,1,0,-1.0,39.30582876010047,0.5163506350645496,1.0
proportional_service,434,1,0,-1.0,33.33480356562513,0.08418605894807278,1.0
proportional_service,435,1,0,-1.0,26.091988283902424,0.03140819285305274,0.0
proportional_service,436,1,0,-1.0,38.06484749533942,-0.4639878088286071,1.0
proportional_service,437,1,0,-1.0,53.49915161548202,1.0750360606740703,3.0
proportional_service,438,1,0,-1.0,22.098292198261817,-0.6139277347930129,0.0
proportional_service,439,1,0,-1.0,48.572683145452466,-0.027271240699984968,1.0
proportional_service,440,1,0,-1.0,19.034210039271994,0.24193989127872173,0.0
proportional_service,441,1,0,-1.0,56.73629483299944,-0.6317465739023027,1.0
proportional_service,442,1,0,-1.0,29.04322712195728,-0.3371260655077006,0.0
proportional_service,443,1,0,-1.0,36.83600620085211,0.5597472498037938,0.0
proportional_service,444,1,0,-1.0,73.40631704682568,1.137797735370217,2.0
proportional_service,445,1,0,-1.0,24.97216517348208,0.1286700739006655,0.0
proportional_service,446,1,0,-1.0,20.45630745668844,0.054761997485100834,0.0
proportional_service,447,1,0,-1.0,25.378117472245094,-1.3164404799843963,0.0
proportional_service,448,1,0,-1.0,51.5751753759425,0.5022453445057238,1.0
proportional_service,449,1,0,-1.0,54.32793941332113,1.0534893351329213,1.0
proportional_service,450,1,0,-1.0,66.69191173705036,1.7082419406311622,1.0
proportional_service,451,1,0,-1.0,38.16834525402235,0.44696834411900244,0.0
proportional_service,452,1,0,-1.0,44.247457290598746,0.18650205527738914,1.0
proportional_service,453,1,0,-1.0,37.235452663381075,0.09543859833676203,1.0
proportional_service,454,1,0,-1.0,35.833230443382504,0.16344340547362957,1.0
proportional_service,455,1,0,-1.0,60.16028301141946,0.9838426953769844,0.0
proportional_service,456,1,0,-1.0,34.75234518915873,-1.0669013396408566,0.0
proportional_service,457,1,0,-1.0,29.424369553774778,-0.007752951919672543,0.0
proportional_service,458,1,0,-1.0,25.835107574772657,-0.17912038316214465,0.0
proportional_service,459,1,0,-1.0,31.717169766039845,-0.18469368442827436,0.0
proportional_service,460,1,0,-1.0,24.942562438121733,-0.5402495362626794,0.0
proportional_service,461,1,0,-1.0,41.02157010936159,0.6766595810614127,1.0
proportional_service,462,1,0,-1.0,25.297900757479876,-0.10293834280574873,0.0
proportional_service,463,1,0,-1.0,27.610527668948066,-0.6906104974458851,0.0
proportional_service,464,1,0,-1.0,32.88284876422388,0.748800815405363,1.0
proportional_service,465,1,0,-1.0,61.238439372532326,0.9199618759662708,1.0
proportional_service,466,1,0,-1.0,21.96237408290215,-0.3669824587237399,0.0
proportional_service,467,1,0,-1.0,26.671399050627617,-1.5988877325054873,0.0
proportional_service,468,1,0,-1.0,40.87712910329261,0.12762716063929097,0.0
proportional_service,469,1,0,-1.0,23.050623357593775,0.11603004112009442,0.0
proportional_service,470,1,0,-1.0,20.575420071947846,-0.031439221761043745,0.0
proportional_service,471,1,0,-1.0,38.30989918454748,0.40990429191779526,1.0
proportional_service,472,1,0,-1.0,62.28755133078462,1.2459961383412477,1.0
proportional_service,473,1,0,-1.0,84.44295139552264,-0.137822748717005,1.0
proportional_service,474,1,0,-1.0,22.177722972195223,-0.5412297721153465,0.0
proportional_service,475,1,0,-1.0,37.0865001059154,0.5837529526746243,0.0
proportional_service,476,1,0,-1.0,12.49066048008289,-0.47943006010759415,0.0
proportional_service,477,1,0,-1.0,18.29262563584018,-0.20612087968256043,0.0
proportional_service,478,1,0,-1.0,15.937909311630278,-0.3778274613643466,0.0
proportional_service,479,1,0,-1.0,60.969248584410394,1.534028442040738,2.0
proportional_service,480,1,0,-1.0,24.420806950759626,0.7877834009691069,0.0
proportional_service,481,1,0,-1.0,23.715092448996216,-0.7337335601663378,0.0
proportional_service,482,1,0,-1.0,42.3290893471971,0.6234865445179077,0.0
proportional_service,483,1,0,-1.0,23.722031045240257,0.095539754748075,0.0
proportional_service,484,1,0,-1.0,41.98538498190518,0.4619827363068133,0.0
proportional_service,485,1,0,-1.0,41.164507516110085,0.34071899156010954,2.0
proportional_service,486,1,0,-1.0,15.752875411849942,0.02996739962699292,0.0
proportional_service,487,1,0,-1.0,82.57822627979515,1.2410685873552543,2.0
proportional_service,488,1,0,-1.0,32.176993180140634,0.5825953678822839,0.0
proportional_service,489,1,0,-1.0,48.530938803198794,1.0563812668794987,1.0
proportional_service,490,1,0,-1.0,33.451105458738205,-0.020348065458068436,0.0
proportional_service,491,1,0,-1.0,51.901751318478695,1.217440712480524,1.0
proportional_service,492,1,0,-1.0,28.17765793666521,0.5659433406734324,0.0
proportional_service,493,1,0,-1.0,35.92144380723471,0.7441233968107706,0.0
proportional_service,494,1,0,-1.0,35.84536766637129,-0.023833498216269233,0.0
proportional_service,495,1,0,-1.0,40.6585658646177,-0.07641489163929707,1.0
proportional_service,496,1,0,-1.0,40.008365932986344,0.499890282256051,1.0
proportional_service,497,1,0,-1.0,30.79277026630829,-0.2836094779035581,1.0
proportional_service,498,1,0,-1.0,42.07544031291323,0.31931335305446484,1.0
proportional_service,499,1,0,-1.0,32.82852998739753,-0.7833663707857108,0.0
proportional_service,500,1,0,-1.0,30.566096851304657,-0.14400207286908637,0.0
proportional_service,501,1,0,-1.0,51.09288846016617,0.7239021390888484,1.0
proportional_service,502,1,0,-1.0,63.89450937281548,0.8526153800354619,1.0
proportional_service,503,1,0,-1.0,44.488572896661466,-0.5132956610548447,1.0
proportional_service,504,1,0,-1.0,45.91229373660522,1.148628494755461,0.0
proportional_service,505,1,0,-1.0,60.8283356701596,0.8533481486899681,1.0
proportional_service,506,1,0,-1.0,26.666295105778623,-0.33804104767591686,0.0
proportional_service,507,1,0,-1.0,27.786880587884855,-0.3350654553519603,0.0
proportional_service,508,1,0,-1.0,54.14057633712881,0.2626064586112875,2.0
proportional_service,509,1,0,-1.0,49.827372995729256,-0.8284965697613039,1.0
proportional_service,510,1,0,-1.0,38.91937253874811,-0.17042667469576167,0.0
proportional_service,511,1,0,-1.0,20.606871551693715,0.18309591485764534,0.0
proportional_service,512,1,0,-1.0,63.60148044839662,1.0484026477126969,2.0
proportional_service,513,1,0,-1.0,49.24606841716787,0.6573452404262773,1.0
proportional_service,514,1,0,-1.0,35.382092432872994,1.7285236523014862,0.0
proportional_service,515,1,0,-1.0,26.232038134438127,0.020102526946039905,0.0
proportional_service,516,1,0,-1.0,25.33213349525255,0.39863526181906755,0.0
proportional_service,517,1,0,-1.0,18.35520837131991,-0.45374207579263665,0.0
proportional_service,518,1,0,-1.0,56.80228692361811,-0.36483893102084775,2.0
proportional_service,519,1,0,-1.0,19.409504528237004,0.21313977651492844,0.0
proportional_service,520,1,0,-1.0,33.774383248396205,-0.05175221457573865,1.0
proportional_service,521,1,0,-1.0,42.88936264017665,0.06686606080304963,1.0
proportional_service,522,1,0,-1.0,51.68472348302208,0.814627858227187,1.0
proportional_service,523,1,0,-1.0,15.84871475164477,0.17787331653428798,0.0
proportional_service,524,1,0,-1.0,33.33622985892623,-0.6811123585551397,1.0
proportional_service,525,1,0,-1.0,15.976474531600857,-1.1477395964933528,0.0
proportional_service,526,1,0,-1.0,48.93543314825278,0.48853511304480846,0.0
proportional_service,527,1,0,-1.0,31.27347453829266,0.485786697958048,1.0
proportional_service,528,1,0,-1.0,30.317274693920144,-0.32799428369105754,0.0
proportional_service,529,1,0,-1.0,43.411803184169685,0.7107445972849982,1.0
proportional_service,530,1,0,-1.0,33.038543964860565,0.3000591485201779,0.0
proportional_service,531,1,0,-1.0,39.79697939469535,0.2990439621497114,1.0
proportional_service,532,1,0,-1.0,33.01987541282374,1.1776479689378592,0.0
proportional_service,533,1,0,-1.0,24.69173698732311,-0.2663624301015289,0.0
proportional_service,534,1,0,-1.0,46.379264787094144,0.8694144826286235,0.0
proportional_service,535,1,0,-1.0,21.578115761666936,-0.10321123269687943,0.0
proportional_service,536,1,0,-1.0,56.442511299176196,0.9493681419934195,2.0
proportional_service,537,1,0,-1.0,50.03573821513165,1.7685918659688042,1.0
proportional_service,538,1,0,-1.0,21.758304344029312,-0.6007198872309913,0.0
proportional_service,539,1,0,-1.0,20.280140636409683,-0.6463319414588319,0.0
proportional_service,540,1,0,-1.0,52.469487555095185,1.246941789448051,1.0
proportional_service,541,1,0,-1.0,26.75220428822528,0.10053657566826842,0.0
proportional_service,542,1,0,-1.0,63.187453819344526,0.7114625485132576,1.0
proportional_service,543,1,0,-1.0,67.79268355246894,1.2514166415840144,0.0
proportional_service,544,1,0,-1.0,35.16756352944759,0.6697011250559984,0.0
proportional_service,545,1,0,-1.0,44.807567371702504,1.6356880439734716,1.0
proportional_service,546,1,0,-1.0,21.46500990139443,-1.5767243525916248,0.0
proportional_service,547,1,0,-1.0,34.613918333551275,0.6628906137908936,0.0
proportional_service,548,1,0,-1.0,18.819408996644206,-0.24882191776607177,0.0
proportional_service,549,1,0,-1.0,34.72715400711883,-1.42026043786282,0.0
proportional_service,550,1,0,-1.0,41.28738549334039,0.9414645441109925,0.0
proportional_service,551,1,0,-1.0,29.377393280315502,-0.972440522383671,0.0
proportional_service,552,1,0,-1.0,58.89222122359065,0.7571815773302455,1.0
proportional_service,553,1,0,-1.0,35.744208684367145,1.134253592103601,0.0
proportional_service,554,1,0,-1.0,41.668944895561836,0.5617414437337467,0.0
proportional_service,555,1,0,-1.0,33.6222903155182,-0.05001943560675254,0.0
proportional_service,556,1,0,-1.0,33.57882282269894,0.635356305986878,0.0
proportional_service,557,1,0,-1.0,24.390545518407706,-0.29350577083448065,0.0
proportional_service,558,1,0,-1.0,58.38524223165442,0.9617321900079764,1.0
proportional_service,559,1,0,-1.0,27.533401401633505,-0.5875321658843468,1.0
proportional_service,560,1,0,-1.0,44.62981202536613,0.003139229195684674,1.0
proportional_service,561,1,0,-1.0,31.116578013274772,0.4201832701699467,0.0
proportional_service,562,1,0,-1.0,37.39547419215334,0.02032189372264432,0.0
proportional_service,563,1,0,-1.0,19.33023128949231,-0.6466476810906115,0.0
proportional_service,564,1,0,-1.0,24.37518622912894,0.4595323544479205,0.0
proportional_service,565,1,0,-1.0,46.057468730778325,-0.5399947135349364,0.0
proportional_service,566,1,0,-1.0,43.20834982168421,-0.5838652155352065,1.0
proportional_service,567,1,0,-1.0,45.91126787262994,-0.4617620543397729,1.0
proportional_service,568,1,0,-1.0,17.446712078120466,-0.8629151685316788,0.0
proportional_service,569,1,0,-1.0,14.605045829557895,-0.7669996240741241,0.0
proportional_service,570,1,0,-1.0,43.33557364660256,0.6641217769817742,0.0
proportional_service,571,1,0,-1.0,38.09383183164014,-0.3148619197494645,0.0
proportional_service,572,1,0,-1.0,26.543282428905094,-0.6903533065005591,0.0
proportional_service,573,1,0,-1.0,19.219402617874646,-0.5454016877083622,0.0
proportional_service,574,1,0,-1.0,34.066487980331146,-0.6737359627805155,0.0
proportional_service,575,1,0,-1.0,15.165341788632972,-0.7512903337309307,0.0
proportional_service,576,1,0,-1.0,30.473440418626083,0.6935002348746225,0.0
proportional_service,577,1,0,-1.0,25.23989127057785,-1.047313266517526,0.0
proportional_service,578,1,0,-1.0,15.864777699957592,-0.5028109511394162,0.0
proportional_service,579,1,0,-1.0,39.353750713937,0.9236127227996606,0.0
proportional_service,580,1,0,-1.0,37.84388896911564,0.5281679063807209,1.0
proportional_service,581,1,0,-1.0,17.227618875598782,0.1336752227143705,0.0
proportional_service,582,1,0,-1.0,46.196699401371944,-0.10369579762474733,1.0
proportional_service,583,1,0,-1.0,42.93400192300949,0.9226629593892249,1.0
proportional_service,584,1,0,-1.0,44.1511523587875,1.4956305811023842,1.0
proportional_service,585,1,0,-1.0,38.621683497413315,0.3836820661912067,1.0
proportional_service,586,1,0,-1.0,18.834917593844505,-0.3883541890661091,0.0
proportional_service,587,1,0,-1.0,23.24553453935389,6.387733154627142e-06,0.0
proportional_service,588,1,0,-1.0,51.166396759679714,0.9938060032416818,1.0
proportional_service,589,1,0,-1.0,39.269111441467075,0.40709877014884394,1.0
proportional_service,590,1,0,-1.0,18.419686022905225,0.5889081003183878,0.0
proportional_service,591,1,0,-1.0,44.110993227842016,1.0300876002699944,2.0
proportional_service,592,1,0,-1.0,27.410009628528034,-0.24818423068376796,0.0
proportional_service,593,1,0,-1.0,21.148975304235066,0.16876468106197562,0.0
proportional_service,594,1,0,-1.0,45.511876342547914,-0.41432034239782634,1.0
proportional_service,595,1,0,-1.0,39.67969852207239,0.23980124750946502,1.0
proportional_service,596,1,0,-1.0,29.623500404913177,-0.5912487811462345,0.0
proportional_service,597,1,0,-1.0,65.49406216216576,1.1030388968984348,1.0
proportional_service,598,1,0,-1.0,62.006211451362134,0.7912253683436262,1.0
proportional_service,599,1,0,-1.0,41.04430968619555,0.1547215409343811,1.0
proportional_service,600,1,0,-1.0,39.41072326293438,-0.5083580240617471,0.0
proportional_service,601,1,0,-1.0,62.4763807327012,0.6427580628059338,1.0
proportional_service,602,1,0,-1.0,19.535395088249157,-0.9357857872807748,0.0
proportional_service,603,1,0,-1.0,44.813822617577635,0.11901697660070824,1.0
proportional_service,604,1,0,-1.0,50.51803608276997,0.02466552095110403,1.0
proportional_service,605,1,0,-1.0,32.106083670954625,-0.17119442742547838,0.0
proportional_service,606,1,0,-1.0,32.88096648140844,-0.30331888677608837,0.0
proportional_service,607,1,0,-1.0,35.4786304809587,0.15207943221420236,1.0
proportional_service,608,1,0,-1.0,19.52116441605767,-1.1500652533725682,0.0
proportional_service,609,1,0,-1.0,66.41567512205484,0.9532223522412427,3.0
proportional_service,610,1,0,-1.0,28.89966685295101,-0.18678745388742424,0.0
proportional_service,611,1,0,-1.0,20.90487266401363,-0.20767226834431346,0.0
proportional_service,612,1,0,-1.0,41.45946966221471,-0.14043204730873468,0.0
proportional_service,613,1,0,-1.0,48.76710628543096,0.10139877801517821,0.0
proportional_service,614,1,0,-1.0,36.546793082748344,0.9358627610821989,0.0
proportional_service,615,1,0,-1.0,13.865184727390005,-0.9255557252200168,0.0
proportional_service,616,1,0,-1.0,18.940400070024282,-1.1159131279759058,0.0
proportional_service,617,1,0,-1.0,49.11117687193266,0.7729358962661662,2.0
proportional_service,618,1,0,-1.0,55.59944754727186,0.6715517595354907,1.0
proportional_service,619,1,0,-1.0,46.20827857050209,0.4594866804876837,1.0
proportional_service,620,1,0,-1.0,23.65607057189042,-0.8658735211775219,0.0
proportional_service,621,1,0,-1.0,30.557850079129587,0.13815086310682165,1.0
proportional_service,622,1,0,-1.0,48.766560390048056,0.9303670294678668,2.0
proportional_service,623,1,0,-1.0,48.02108893194869,-0.07670606089832935,1.0
proportional_service,624,1,0,-1.0,9.9103067294419,-0.7649562905543134,0.0
proportional_service,625,1,0,-1.0,71.716591238841,1.5745210832143717,2.0
proportional_service,626,1,0,-1.0,25.371722105421544,-0.07848407230836627,0.0
proportional_service,627,1,0,-1.0,28.578887066091134,-0.10445466043367856,0.0
proportional_service,628,1,0,-1.0,54.972356783015165,1.1789081900518033,1.0
proportional_service,629,1,0,-1.0,28.569172726017737,-0.3923090225419986,0.0
proportional_service,630,1,0,-1.0,22.426519034299222,-0.8194112102042971,0.0
proportional_service,631,1,0,-1.0,20.51151999800953,0.3986984002053065,0.0
proportional_service,632,1,0,-1.0,22.686111149568877,-0.1073266599683442,0.0
proportional_service,633,1,0,-1.0,39.54954053475606,-0.03427001030410816,0.0
proportional_service,634,1,0,-1.0,27.970525178150325,-0.40032625863091126,0.0
proportional_service,635,1,0,-1.0,82.01741146226104,0.9980030186068787,2.0
proportional_service,636,1,0,-1.0,21.589224721832757,0.5189600343277433,0.0
proportional_service,637,1,0,-1.0,27.57447722117847,0.2647020797525902,0.0
proportional_service,638,1,0,-1.0,53.487083253102085,0.6552127826428568,1.0
proportional_service,639,1,0,-1.0,27.219033163226488,0.2796216032310038,0.0
proportional_service,640,1,0,-1.0,50.59467932889339,0.8902773043444716,1.0
proportional_service,641,1,0,-1.0,39.53463859451565,0.24098982684079392,0.0
proportional_service,642,1,0,-1.0,42.13973204851392,0.7246449598394205,1.0
proportional_service,643,1,0,-1.0,59.27046555106467,0.8748945390864876,1.0
proportional_service,644,1,0,-1.0,38.142693349614134,-0.22615477666345185,1.0
proportional_service,645,1,0,-1.0,44.44618615401844,0.6611118042961941,1.0
proportional_service,646,1,0,-1.0,41.884383883858035,1.170347523635463,0.0
proportional_service,647,1,0,-1.0,17.04215381179669,-0.5347718022238156,0.0
proportional_service,648,1,0,-1.0,38.8520463201672,-0.299167334887157,1.0
proportional_service,649,1,0,-1.0,41.90141608244653,0.5438617657806866,1.0
proportional_service,650,1,0,-1.0,62.02121627833316,0.9278864831474555,2.0
proportional_service,651,1,0,-1.0,38.51384273145538,-0.2797996303195177,1.0
proportional_service,652,1,0,-1.0,30.914462019308708,0.7757509387043295,0.0
proportional_service,653,1,0,-1.0,26.018423667544287,0.3992048925602987,0.0
proportional_service,654,1,0,-1.0,41.044395434032936,-0.4163692194941512,0.0
proportional_service,655,1,0,-1.0,35.98705702982852,0.5822397017888924,1.0
proportional_service,656,1,0,-1.0,31.206743363044037,-0.5728113522315843,0.0
proportional_service,657,1,0,-1.0,17.340594526569053,-0.3746748577488462,0.0
proportional_service,658,1,0,-1.0,41.67758377303797,0.4323317888621285,1.0
proportional_service,659,1,0,-1.0,28.952520239547955,0.8687869221170982,0.0
proportional_service,660,1,0,-1.0,32.37563735904727,0.6919106703857811,0.0
proportional_service,661,1,0,-1.0,31.634515495839626,-0.4014554091390626,1.0
proportional_service,662,1,0,-1.0,61.67486505653525,0.375362050811796,2.0
proportional_service,663,1,0,-1.0,35.30329194566181,0.14022024682607054,1.0
proportional_service,664,1,0,-1.0,51.26923493226941,0.5867779196921457,1.0
proportional_service,665,1,0,-1.0,53.51067036502775,0.8188721133084771,0.0
proportional_service,666,1,0,-1.0,17.324301720702323,-0.1409252477709595,0.0
proportional_service,667,1,0,-1.0,24.971763278784636,-0.015196423837785992,0.0
proportional_service,668,1,0,-1.0,16.659027012484927,-0.2785514809305778,0.0
proportional_service,669,1,0,-1.0,46.127260230200555,0.5824796867551509,2.0
proportional_service,670,1,0,-1.0,29.36461744368666,0.3245386520596541,0.0
proportional_service,671,1,0,-1.0,20.514903144893754,-0.7243779196390128,0.0
proportional_service,672,1,0,-1.0,24.03513275492649,-0.699886261106076,0.0
proportional_service,673,1,0,-1.0,17.15363053791674,-0.929032963646996,0.0
proportional_service,674,1,0,-1.0,23.14367839265257,0.0014176424276641135,0.0
proportional_service,675,1,0,-1.0,19.332931395641673,-0.28413845174794555,0.0
proportional_service,676,1,0,-1.0,50.906496975466915,1.0520378351150923,0.0
proportional_service,677,1,0,-1.0,42.141890310041106,0.4744891419020451,0.0
proportional_service,678,1,0,-1.0,27.133238417489654,0.2841051155357252,0.0
proportional_service,679,1,0,-1.0,48.62833740553349,0.7968009414742444,0.0
proportional_service,680,1,0,-1.0,17.015409927318075,-0.8177965473601745,0.0
proportional_service,681,1,0,-1.0,30.006362849044194,-0.32238711154546473,0.0
proportional_service,682,1,0,-1.0,35.54529424806161,0.8659521474801702,1.0
proportional_service,683,1,0,-1.0,38.074127397817236,0.5586474303651356,0.0
proportional_service,684,1,0,-1.0,27.516035320200178,-0.5948433038376942,0.0
proportional_service,685,1,0,-1.0,49.14640209933097,-0.8707744480435788,0.0
proportional_service,686,1,0,-1.0,18.424589168120498,-0.047883189240508446,0.0
proportional_service,687,1,0,-1.0,64.04807484264562,0.7767517083342799,2.0
proportional_service,688,1,0,-1.0,21.87938583203003,-0.5764553468171265,0.0
proportional_service,689,1,0,-1.0,59.56219523881793,0.6395447738043198,1.0
proportional_service,690,1,0,-1.0,61.437711923158176,0.23547468536917643,1.0
proportional_service,691,1,0,-1.0,23.635845682965503,0.028955421469924976,0.0
proportional_service,692,1,0,-1.0,21.41482985420861,0.10322452728981388,0.0
proportional_service,693,1,0,-1.0,27.41963576321042,-0.9829255348617046,0.0
proportional_service,694,1,0,-1.0,31.501125201859615,-0.3584117110319271,0.0
proportional_service,695,1,0,-1.0,46.57746813434539,-1.141989798064273,1.0
proportional_service,696,1,0,-1.0,34.26366291796079,0.26167210899461474,0.0
proportional_service,697,1,0,-1.0,36.48774864607426,0.8787330476742528,0.0
proportional_service,698,1,0,-1.0,45.51401992958028,0.9362235458186569,0.0
proportional_service,699,1,0,-1.0,38.03610729657542,0.29629482018405895,1.0
proportional_service,700,1,0,-1.0,35.01625625815046,0.18447722118080506,1.0
proportional_service,701,1,0,-1.0,41.15737766505323,0.5197683147367218,1.0
proportional_service,702,1,0,-1.0,30.813189272236837,0.7151256980227209,0.0
proportional_service,703,1,0,-1.0,10.106896274918366,0.5051830512812778,0.0
proportional_service,704,1,0,-1.0,19.296756936436157,-0.7767725386405372,0.0
proportional_service,705,1,0,-1.0,15.440796258515714,-0.11539979210669751,0.0
proportional_service,706,1,0,-1.0,49.93761434499509,0.9399440817700806,0.0
proportional_service,707,1,0,-1.0,28.947092958313977,-0.2272870182340475,0.0
proportional_service,708,1,0,-1.0,33.299756328394885,0.3724335885879814,0.0
proportional_service,709,1,0,-1.0,59.43521885722659,0.3497309017916392,2.0
proportional_service,710,1,0,-1.0,47.95493843868045,0.2278828912902302,1.0
proportional_service,711,1,0,-1.0,20.009469190944973,-0.7624134755898981,0.0
proportional_service,712,1,0,-1.0,36.92484620973786,-0.07898235707214654,0.0
proportional_service,713,1,0,-1.0,25.070396110373864,-0.4856609555040136,1.0
proportional_service,714,1,0,-1.0,49.07034043824058,-0.24435894178525785,1.0
proportional_service,715,1,0,-1.0,32.22515912127635,0.6322544966749621,1.0
proportional_service,716,1,0,-1.0,22.916411154554442,-0.5544639233242453,0.0
proportional_service,717,1,0,-1.0,51.67046245208259,0.12274127690187418,1.0
proportional_service,718,1,0,-1.0,50.70122531756572,-1.1376955561618365,2.0
proportional_service,719,1,0,-1.0,20.713635420338978,-0.04947004748936273,0.0
proportional_service,720,1,0,-1.0,21.024322021766167,0.017784066253346786,0.0
proportional_service,721,1,0,-1.0,38.77575900530747,0.541071649498997,0.0
proportional_service,722,1,0,-1.0,28.10528275104835,0.3617543215528844,0.0
proportional_service,723,1,0,-1.0,15.89811279957484,-0.8871759170678206,0.0
proportional_service,724,1,0,-1.0,31.250190046177558,-0.059842025409612976,0.0
proportional_service,725,1,0,-1.0,22.40925589487385,-0.13383543345694124,0.0
proportional_service,726,1,0,-1.0,48.55987196223465,0.798389556017546,0.0
proportional_service,727,1,0,-1.0,19.52991641336598,0.2618392502985825,0.0
proportional_service,728,1,0,-1.0,34.975080883395286,0.7924938140298189,0.0
proportional_service,729,1,0,-1.0,26.366485386707566,-0.042183223546231476,1.0
proportional_service,730,1,0,-1.0,41.47986406044413,0.5538554386266489,0.0
proportional_service,731,1,0,-1.0,49.46932358043286,0.5395384269442084,0.0
proportional_service,732,1,0,-1.0,27.86298464129436,1.165569191284163,0.0
proportional_service,733,1,0,-1.0,48.90929284616372,0.5327554084327777,1.0
proportional_service,734,1,0,-1.0,34.244289447705185,0.10541584464647911,0.0
proportional_service,735,1,0,-1.0,29.567936345900282,0.15157033426050476,0.0
proportional_service,736,1,0,-1.0,40.335856885148424,0.07320414129444829,1.0
proportional_service,737,1,0,-1.0,33.27055149139292,-0.3897667254789548,0.0
proportional_service,738,1,0,-1.0,29.48646874727869,0.5006422532685104,0.0
proportional_service,739,1,0,-1.0,55.467269274362145,1.4772114911052847,1.0
proportional_service,740,1,0,-1.0,36.78781506439743,-0.5388189557447198,1.0
proportional_service,741,1,0,-1.0,38.84604906061175,0.4065805552185832,1.0
proportional_service,742,1,0,-1.0,51.636048615740314,0.3172019637326695,2.0
proportional_service,743,1,0,-1.0,40.64079049270352,-0.03351934372445543,1.0
proportional_service,744,1,0,-1.0,35.10050536999172,0.37246095641159505,0.0
proportional_service,745,1,0,-1.0,48.906519090511985,0.3927833377529064,0.0
proportional_service,746,1,0,-1.0,65.95384573589314,0.7639601932308293,1.0
proportional_service,747,1,0,-1.0,57.30621377062083,0.8384782174167273,2.0
proportional_service,748,1,0,-1.0,35.12823833033774,0.35049143651715275,0.0
proportional_service,749,1,0,-1.0,24.525049857659788,-0.37128546509760607,0.0
proportional_service,750,1,0,-1.0,29.197115939333344,0.4527993368317021,0.0
proportional_service,751,1,0,-1.0,29.245393635099326,-0.21342694247345842,0.0
proportional_service,752,1,0,-1.0,26.092064496567296,0.23525426328730392,0.0
proportional_service,753,1,0,-1.0,39.961094344916766,0.7274399735652729,0.0
proportional_service,754,1,0,-1.0,48.73198491673815,0.40269999987898986,0.0
proportional_service,755,1,0,-1.0,32.451409757250794,0.5707592762613063,0.0
proportional_service,756,1,0,-1.0,32.308315398949354,0.31754490383296047,0.0
proportional_service,757,1,0,-1.0,44.94219661348514,1.096373571147752,1.0
proportional_service,758,1,0,-1.0,33.320974224874966,0.463494766401697,0.0
proportional_service,759,1,0,-1.0,23.26073660730549,-0.3228928393201619,0.0
proportional_service,760,1,0,-1.0,45.6321299216428,1.1278196191096668,1.0
proportional_service,761,1,0,-1.0,41.26978529667336,0.3880430793666352,0.0
proportional_service,762,1,0,-1.0,26.77091854388041,0.6164286845258713,1.0
proportional_service,763,1,0,-1.0,54.578728878643496,0.19782382320639308,1.0
proportional_service,764,1,0,-1.0,45.97423298564099,0.3117319932759176,1.0
proportional_service,765,1,0,-1.0,32.2425670330463,-0.0199024504462557,0.0
proportional_service,766,1,0,-1.0,17.88472080158742,-0.43609367295340234,0.0
proportional_service,767,1,0,-1.0,42.458575899160515,0.6812902657950328,1.0
proportional_service,768,1,0,-1.0,44.25396839595776,0.6842415370178968,0.0
proportional_service,769,1,0,-1.0,31.739953645630546,0.22568318095143147,1.0
proportional_service,770,1,0,-1.0,2.4329896341176713,-0.3021517881855575,0.0
proportional_service,771,1,0,-1.0,13.443604477917667,-0.13025360943278944,0.0
proportional_service,772,1,0,-1.0,20.523184488962215,-0.8834102470421734,0.0
proportional_service,773,1,0,-1.0,35.69623684297111,0.0026928763195145566,0.0
proportional_service,774,1,0,-1.0,75.61111547289694,0.7310043045324602,1.0
proportional_service,775,1,0,-1.0,23.254136146327312,-0.6625328311289819,0.0
proportional_service,776,1,0,-1.0,51.13343593406705,0.6732857105952663,1.0
proportional_service,777,1,0,-1.0,64.28359428971001,2.009833977389212,2.0
proportional_service,778,1,0,-1.0,48.44692883736758,0.3602036305631317,1.0
proportional_service,779,1,0,-1.0,42.58848994556471,0.8702217125298352,1.0
proportional_service,780,1,0,-1.0,36.296081031334744,-0.02667861560906453,0.0
proportional_service,781,1,0,-1.0,24.365119388277062,0.2073059872202311,1.0
proportional_service,782,1,0,-1.0,53.537771579044474,0.842856969561266,1.0
proportional_service,783,1,0,-1.0,5.618573810786776,-1.0508767540038784,0.0
proportional_service,784,1,0,-1.0,22.744495185874953,-0.436094514092696,0.0
proportional_service,785,1,0,-1.0,34.50437626840015,-0.4294511272400192,0.0
proportional_service,786,1,0,-1.0,20.80446191425559,-0.8879998436124292,0.0
proportional_service,787,1,0,-1.0,67.25104759036354,2.120002745609258,3.0
proportional_service,788,1,0,-1.0,49.90388955195634,0.24143229923059434,1.0
proportional_service,789,1,0,-1.0,32.088926625691734,-0.8670013254225991,0.0
proportional_service,790,1,0,-1.0,25.159064368577972,0.15611800808527357,0.0
proportional_service,791,1,0,-1.0,43.17033811968289,0.23335260781687006,1.0
proportional_service,792,1,0,-1.0,45.851842923560255,-0.1521984937867437,1.0
proportional_service,793,1,0,-1.0,35.336587632450886,0.39913558289334966,1.0
proportional_service,794,1,0,-1.0,30.48072259908097,0.4657472654145325,0.0
proportional_service,795,1,0,-1.0,14.801291606092848,-0.31891995567609915,0.0
proportional_service,796,1,0,-1.0,54.27367001925167,0.9847642374193735,1.0
proportional_service,797,1,0,-1.0,30.062629341734137,0.12150424844974371,0.0
proportional_service,798,1,0,-1.0,34.17039130398915,0.828411231455014,0.0
proportional_service,799,1,0,-1.0,40.719133729103135,0.8785390984033642,1.0
proportional_service,800,1,0,-1.0,51.82014490360565,0.006130256829350702,0.0
proportional_service,801,1,0,-1.0,35.294385348308246,0.4470164548036939,1.0
proportional_service,802,1,0,-1.0,42.435560383799626,0.3432211515751104,1.0
proportional_service,803,1,0,-1.0,17.451584151641647,0.29210755427679286,0.0
proportional_service,804,1,0,-1.0,44.31374314658115,0.3986206879237998,0.0
proportional_service,805,1,0,-1.0,58.73950398683501,1.4067418593909484,2.0
proportional_service,806,1,0,-1.0,27.977626929933802,-0.3897321636177192,0.0
proportional_service,807,1,0,-1.0,26.167257634587706,-0.33835153838753623,0.0
proportional_service,808,1,0,-1.0,29.51819758171513,0.29077317966400185,1.0
proportional_service,809,1,0,-1.0,27.90412017902762,-0.055924812031976794,0.0
proportional_service,810,1,0,-1.0,38.36118702913915,0.5160885636327175,0.0
proportional_service,811,1,0,-1.0,30.800281467585215,0.1340865519274947,0.0
proportional_service,812,1,0,-1.0,30.30508115922815,0.009097362152867255,0.0
proportional_service,813,1,0,-1.0,45.76042641147464,0.5208414864722769,0.0
proportional_service,814,1,0,-1.0,44.7046784742929,0.3186733690802518,0.0
proportional_service,815,1,0,-1.0,25.30513243578193,-0.5381748597565031,0.0
proportional_service,816,1,0,-1.0,50.338478278362714,0.12559907055130454,0.0
proportional_service,817,1,0,-1.0,26.255401513796482,0.2001591600236399,0.0
proportional_service,818,1,0,-1.0,44.345154733019825,0.25749897801757216,1.0
proportional_service,819,1,0,-1.0,41.33753591223305,1.0380243044685984,0.0
proportional_service,820,1,0,-1.0,28.719170211933584,-0.6740857322022403,0.0
proportional_service,821,1,0,-1.0,57.13247240881754,0.9280829270187918,2.0
proportional_service,822,1,0,-1.0,23.616005976269165,-0.2386647801235195,0.0
proportional_service,823,1,0,-1.0,61.86163968435468,0.17468181176655495,1.0
proportional_service,824,1,0,-1.0,21.252825558411015,-0.7688242089806491,0.0
proportional_service,825,1,0,-1.0,30.91955179392639,0.01802335393004705,0.0
proportional_service,826,1,0,-1.0,35.13160864819591,-0.03854804167795772,0.0
proportional_service,827,1,0,-1.0,30.96271605325111,0.4833682743156437,1.0
proportional_service,828,1,0,-1.0,45.069939627444796,0.298370659609536,0.0
proportional_service,829,1,0,-1.0,21.48212208061502,0.11440464027679277,0.0
proportional_service,830,1,0,-1.0,31.058303294391923,-0.7564897667202686,0.0
proportional_service,831,1,0,-1.0,54.30593667850728,0.7212208403733334,1.0
proportional_service,832,1,0,-1.0,39.66822339602036,0.7532734831326043,1.0
proportional_service,833,1,0,-1.0,47.55981402954576,-0.1138859044508975,1.0
proportional_service,834,1,0,-1.0,18.64324697258666,0.5751158530484581,0.0
proportional_service,835,1,0,-1.0,44.137037306665775,0.5354668166137297,2.0
proportional_service,836,1,0,-1.0,68.91160729111743,1.0378958243299283,4.0
proportional_service,837,1,0,-1.0,26.13907686865719,0.06875896464500521,0.0
proportional_service,838,1,0,-1.0,32.7490058853681,-0.6964706883333658,1.0
proportional_service,839,1,0,-1.0,21.88436539790284,0.38919561006015047,0.0
proportional_service,840,1,0,-1.0,20.96679755287545,-0.08783606618459468,0.0
proportional_service,841,1,0,-1.0,24.722997887429862,0.6982558094835171,0.0
proportional_service,842,1,0,-1.0,30.230095464671138,1.411870660492122,1.0
proportional_service,843,1,0,-1.0,33.14585161484749,-0.3827249021450044,0.0
proportional_service,844,1,0,-1.0,42.076121819730446,0.3521753002740261,0.0
proportional_service,845,1,0,-1.0,26.759937932100627,-0.119228501524472,0.0
proportional_service,846,1,0,-1.0,17.11968921040866,-1.4356392667172861,0.0
proportional_service,847,1,0,-1.0,44.412944639651464,0.2946401211260871,1.0
proportional_service,848,1,0,-1.0,44.7161271151782,0.19433489901392614,0.0
proportional_service,849,1,0,-1.0,45.08362386568322,-0.19664857694958657,0.0
proportional_service,850,1,0,-1.0,34.771786021374574,0.2532711147446261,0.0
proportional_service,851,1,0,-1.0,33.354676945869286,-0.8051353795749309,0.0
proportional_service,852,1,0,-1.0,20.632476656030256,-0.23672435522863325,0.0
proportional_service,853,1,0,-1.0,36.668838585733475,-0.17802933967990883,0.0
proportional_service,854,1,0,-1.0,40.88640987572978,-1.3977958633592682,0.0
proportional_service,855,1,0,-1.0,32.941449526954344,-0.4209156938937336,0.0
proportional_service,856,1,0,-1.0,50.114580583111554,0.7879627318495873,1.0
proportional_service,857,1,0,-1.0,45.77616156518755,0.33214719647082247,0.0
proportional_service,858,1,0,-1.0,6.3763395402005605,-0.5066119475399201,0.0
proportional_service,859,1,0,-1.0,29.311698139421164,0.23814774576595146,0.0
proportional_service,860,1,0,-1.0,21.0926350234208,-1.379426194286317,0.0
proportional_service,861,1,0,-1.0,24.358544894936948,-0.08944185249612346,0.0
proportional_service,862,1,0,-1.0,23.754445975923918,-0.8337028983760616,0.0
proportional_service,863,1,0,-1.0,61.71896091956802,0.6936109475814971,1.0
proportional_service,864,1,0,-1.0,24.184875590165152,-0.33663224381174195,0.0
proportional_service,865,1,0,-1.0,13.705504816344597,-0.0882528067648887,0.0
proportional_service,866,1,0,-1.0,39.825187597920504,1.4823692271109226,1.0
proportional_service,867,1,0,-1.0,27.685836486518095,-0.11317901250829772,1.0
proportional_service,868,1,0,-1.0,22.75221640749539,0.42865202882730674,0.0
proportional_service,869,1,0,-1.0,23.277107889599367,-0.5465131372068031,0.0
proportional_service,870,1,0,-1.0,28.01281765519791,-0.14143199871865106,0.0
proportional_service,871,1,0,-1.0,31.243226496714197,-0.40811416333236417,0.0
proportional_service,872,1,0,-1.0,37.09378417438023,0.008447938607008815,0.0
proportional_service,873,1,0,-1.0,22.20753404019535,0.3957424788725542,0.0
proportional_service,874,1,0,-1.0,19.934715955558012,-0.5954446892923201,0.0
proportional_service,875,1,0,-1.0,53.4969009701457,0.99799647036358,2.0
proportional_service,876,1,0,-1.0,32.540881340269216,0.08120090167611618,0.0
proportional_service,877,1,0,-1.0,42.609109190533445,0.8118178286221487,1.0
proportional_service,878,1,0,-1.0,34.6598247769666,0.3179349557057419,1.0
proportional_service,879,1,0,-1.0,51.586478817969144,0.2901540538645598,1.0
proportional_service,880,1,0,-1.0,44.00330208566986,0.28306252138390214,1.0
proportional_service,881,1,0,-1.0,60.05772150802781,0.16176566540831402,0.0
proportional_service,882,1,0,-1.0,34.39336456821466,0.17475741167846215,0.0
proportional_service,883,1,0,-1.0,27.25111566284012,0.29133924674661726,1.0
proportional_service,884,1,0,-1.0,25.82295096083581,0.06669314843956634,0.0
proportional_service,885,1,0,-1.0,29.423979190921493,0.4273620371692267,1.0
proportional_service,886,1,0,-1.0,21.591329533469796,0.3283552975249976,0.0
proportional_service,887,1,0,-1.0,35.9274671495984,-1.047493530123649,1.0
proportional_service,888,1,0,-1.0,33.73049460080199,1.0091756325806325,0.0
proportional_service,889,1,0,-1.0,48.002499798482845,0.9501484497589597,1.0
proportional_service,890,1,0,-1.0,41.64706689532116,0.4784823183210348,0.0
proportional_service,891,1,0,-1.0,50.76313075748099,1.581256890263549,1.0
proportional_service,892,1,0,-1.0,37.075208281599956,-0.1370791439306092,0.0
proportional_service,893,1,0,-1.0,32.39124025974105,0.2505443128417117,0.0
proportional_service,894,1,0,-1.0,30.974686060137394,0.3510050799563497,0.0
proportional_service,895,1,0,-1.0,46.03915638710369,0.576562769896594,1.0
proportional_service,896,1,0,-1.0,29.504038272693442,-0.5042305635041895,0.0
proportional_service,897,1,0,-1.0,30.912684431373854,0.7549393663962116,0.0
proportional_service,898,1,0,-1.0,27.89320991548491,-0.8094515098221308,0.0
proportional_service,899,1,0,-1.0,30.186579253017243,-0.3590205813446646,0.0
proportional_service,900,1,0,-1.0,49.626617742357865,0.6385737805941568,2.0
proportional_service,901,1,0,-1.0,20.659496523277035,0.6360810004686897,0.0
proportional_service,902,1,0,-1.0,25.42793122867335,-0.13692737077334877,0.0
proportional_service,903,1,0,-1.0,33.73630497284585,0.24527014883910075,0.0
proportional_service,904,1,0,-1.0,38.09730828733037,0.12814923624842178,0.0
proportional_service,905,1,0,-1.0,13.58346311130995,-0.24714162965274247,0.0
proportional_service,906,1,0,-1.0,46.36346115304692,0.20637785027778247,0.0
proportional_service,907,1,0,-1.0,30.748909724289607,0.27575171703640416,0.0
proportional_service,908,1,0,-1.0,42.63578119738017,-0.24122990944952913,0.0
proportional_service,909,1,0,-1.0,48.05579139755507,0.723045777170225,0.0
proportional_service,910,1,0,-1.0,33.322922699257255,-0.2761132114496208,0.0
proportional_service,911,1,0,-1.0,40.94444373314656,0.6391738885674685,0.0
proportional_service,912,1,0,-1.0,24.731135517732067,0.29620168619566456,0.0
proportional_service,913,1,0,-1.0,40.45663259546467,0.9436337418462829,1.0
proportional_service,914,1,0,-1.0,19.87913081819457,-0.18571371184426136,0.0
proportional_service,915,1,0,-1.0,53.38364353805236,1.3782455505205995,1.0
proportional_service,916,1,0,-1.0,56.71445811315028,1.2206614844453887,2.0
proportional_service,917,1,0,-1.0,15.674812309367962,0.002004658517326226,0.0
proportional_service,918,1,0,-1.0,29.986791705515298,0.3459309074453442,1.0
proportional_service,919,1,0,-1.0,31.59672858710159,0.06555253538340568,0.0
proportional_service,920,1,0,-1.0,35.55683654270527,0.6424134575701059,1.0
proportional_service,921,1,0,-1.0,33.326318462013575,-0.26857685757700456,1.0
proportional_service,922,1,0,-1.0,21.34100024890156,0.0778586036610078,0.0
proportional_service,923,1,0,-1.0,51.50746836493619,0.5551411311538029,0.0
proportional_service,924,1,0,-1.0,42.130917863183484,-0.18875469829216368,1.0
proportional_service,925,1,0,-1.0,22.70580051763703,-0.657965101610442,0.0
proportional_service,926,1,0,-1.0,50.91947241168871,0.7576111490193114,1.0
proportional_service,927,1,0,-1.0,39.96086625763377,-0.007653824388498398,0.0
proportional_service,928,1,0,-1.0,29.965961079389277,0.14377291204364537,1.0
proportional_service,929,1,0,-1.0,63.79981742676739,0.8855523181011945,1.0
proportional_service,930,1,0,-1.0,47.80453497492365,0.7424592661662779,1.0
proportional_service,931,1,0,-1.0,52.012688269194456,0.9827227850894927,1.0
proportional_service,932,1,0,-1.0,38.44613266586396,-0.7011195719282654,0.0
proportional_service,933,1,0,-1.0,44.57011461859841,-0.006073575029718426,0.0
proportional_service,934,1,0,-1.0,33.59942294717304,-0.8040731848877841,0.0
proportional_service,935,1,0,-1.0,37.709481989909484,-0.2037237531008787,0.0
proportional_service,936,1,0,-1.0,49.71426692610896,-0.16732189744709683,1.0
proportional_service,937,1,0,-1.0,34.58842189291906,-0.9884515930934943,1.0
proportional_service,938,1,0,-1.0,44.11464663368895,-0.09464421889861906,1.0
proportional_service,939,1,0,-1.0,40.928946057896646,0.1852138154150824,1.0
proportional_service,940,1,0,-1.0,39.472734836563056,0.6043747901329909,0.0
proportional_service,941,1,0,-1.0,40.53150141586738,0.8639165314082117,0.0
proportional_service,942,1,0,-1.0,26.98080327297001,0.3379069425592645,0.0
proportional_service,943,1,0,-1.0,38.27927713321104,-0.7617052851808839,1.0
proportional_service,944,1,0,-1.0,37.01329458825846,-0.5427910847656502,0.0
proportional_service,945,1,0,-1.0,35.19804385774804,-0.15999440953169627,0.0
proportional_service,946,1,0,-1.0,26.708745510299323,-0.27432724756871313,0.0
proportional_service,947,1,0,-1.0,38.60446955861409,0.039594208049402765,0.0
proportional_service,948,1,0,-1.0,17.6169194074724,-0.011145238035104891,0.0
proportional_service,949,1,0,-1.0,38.32830741703673,-0.029193583406319834,0.0
proportional_service,950,1,0,-1.0,21.999452795249866,-0.9373948576838117,0.0
proportional_service,951,1,0,-1.0,47.75473813795641,0.86086551081239,0.0
proportional_service,952,1,0,-1.0,30.510706532269914,0.6359451249518376,0.0
proportional_service,953,1,0,-1.0,43.25088763535422,1.231278010578309,1.0
proportional_service,954,1,0,-1.0,40.881928192042544,0.19157638008272412,0.0
proportional_service,955,1,0,-1.0,25.619567948298286,-0.17001927861068855,1.0
proportional_service,956,1,0,-1.0,27.85644705131663,0.30571299689428105,0.0
proportional_service,957,1,0,-1.0,46.070214560300904,1.3712216963677686,0.0
proportional_service,958,1,0,-1.0,26.48279326446774,0.4599805556818435,0.0
proportional_service,959,1,0,-1.0,30.127905526417784,0.27605037223453915,0.0
proportional_service,960,1,0,-1.0,31.794529637551747,0.4869053670745896,1.0
proportional_service,961,1,0,-1.0,26.120578291146483,-0.5654346864062366,0.0
proportional_service,962,1,0,-1.0,44.03168794311522,0.28274416356796206,1.0
proportional_service,963,1,0,-1.0,63.04346035515866,1.2603715864165908,1.0
proportional_service,964,1,0,-1.0,48.955008318860045,0.19403427312377347,0.0
proportional_service,965,1,0,-1.0,50.429559531117214,1.1632168830680703,1.0
proportional_service,966,1,0,-1.0,36.21107962952625,-0.565142781294212,0.0
proportional_service,967,1,0,-1.0,63.19226664336419,0.27805845816492486,1.0
proportional_service,968,1,0,-1.0,20.051302552042333,-0.15750659490802288,0.0
proportional_service,969,1,0,-1.0,57.933814418171636,1.0713273451463714,0.0
proportional_service,970,1,0,-1.0,50.05241017908779,0.5121570259608358,0.0
proportional_service,971,1,0,-1.0,32.10405422724376,-0.15865152708709698,0.0
proportional_service,972,1,0,-1.0,26.48951446175185,-0.4396812607955006,0.0
proportional_service,973,1,0,-1.0,41.35402933783558,-0.015682898100625082,1.0
proportional_service,974,1,0,-1.0,41.33387521873024,1.6329101103420838,1.0
proportional_service,975,1,0,-1.0,23.078741094699346,0.17793318283950502,0.0
proportional_service,976,1,0,-1.0,45.51530760532008,0.5798048006885186,0.0
proportional_service,977,1,0,-1.0,32.46142458012517,0.4269982642575025,0.0
proportional_service,978,1,0,-1.0,25.016827013501565,-0.6374780963017622,0.0
proportional_service,979,1,0,-1.0,21.988193184929735,-0.30495657322415076,0.0
proportional_service,980,1,0,-1.0,32.22235225533961,0.20056143039243293,0.0
proportional_service,981,1,0,-1.0,43.328835827060345,0.575022428524611,0.0
proportional_service,982,1,0,-1.0,54.608489716939175,0.3758260992062535,0.0
proportional_service,983,1,0,-1.0,45.85025606463074,0.1435808153421341,0.0
proportional_service,984,1,0,-1.0,39.214886693342976,0.05990834584631939,0.0
proportional_service,985,1,0,-1.0,38.474831486001804,0.12505890345160264,1.0
proportional_service,986,1,0,-1.0,46.74246505199183,0.43487694995578974,0.0
proportional_service,987,1,0,-1.0,42.536565784217366,0.8075738090683312,0.0
proportional_service,988,1,0,-1.0,40.598030259706135,0.37289780712625237,0.0
proportional_service,989,1,0,-1.0,33.039376702225496,-0.01222995701144985,0.0
proportional_service,990,1,0,-1.0,28.48773720233475,0.2082428934487051,0.0
proportional_service,991,1,0,-1.0,41.49236589435996,-0.5838995475790917,0.0
proportional_service,992,1,0,-1.0,34.96618608897778,-0.1690477837858188,0.0
proportional_service,993,1,0,-1.0,28.172783236325365,0.13221517671010236,0.0
proportional_service,994,1,0,-1.0,31.371925729995986,-0.20164647739559016,1.0
proportional_service,995,1,0,-1.0,23.298446633151052,0.19955810151521067,0.0
proportional_service,996,1,0,-1.0,16.079942504797877,-0.14000792307685103,0.0
proportional_service,997,1,0,-1.0,46.285069136907346,0.26534260926989306,0.0
proportional_service,998,1,0,-1.0,29.5033183842863,0.5280162124968882,1.0
proportional_service,999,1,0,-1.0,47.199242932839226,0.20667442809112196,0.0
regenerative_distribution,0,1,0,-1.0,96.60804995629763,2.0929515484966106,3.0
regenerative_distribution,1,1,0,-1.0,27.24339002557824,-0.15397388499621695,0.0
regenerative_distribution,2,1,0,-1.0,40.05586141198741,0.20205584123028267,0.0
regenerative_distribution,3,1,0,-1.0,46.19569571815612,-0.0061200580332463955,1.0
regenerative_distribution,4,1,0,-1.0,58.604225892244024,0.8074958126652572,2.0
regenerative_distribution,5,1,0,-1.0,93.24128076466661,1.1221613980988394,2.0
regenerative_distribution,6,1,0,-1.0,78.07593279456997,1.2967641912438792,2.0
regenerative_distribution,7,1,0,-1.0,59.805195425026696,0.758389823344383,2.0
regenerative_distribution,8,1,0,-1.0,68.39365948214511,1.658014736276112,3.0
regenerative_distribution,9,1,0,-1.0,70.74372661162063,1.2637253414327927,2.0
regenerative_distribution,10,1,0,-1.0,73.28639573270775,1.2747018404697859,3.0
regenerative_distribution,11,1,0,-1.0,56.54094130896589,0.8557862505329006,1.0
regenerative_distribution,12,1,0,-1.0,27.995323456425936,-0.18637875296511763,1.0
regenerative_distribution,13,1,0,-1.0,54.60374226206039,1.1196519711144448,0.0
regenerative_distribution,14,1,0,-1.0,49.04115466581715,-0.3164710894077399,1.0
regenerative_distribution,15,1,0,-1.0,51.97663225654503,0.6836167007570685,0.0
regenerative_distribution,16,1,0,-1.0,58.982546148424255,1.0861694956779806,1.0
regenerative_distribution,17,1,0,-1.0,72.94055291041023,1.8747465104783543,2.0
regenerative_distribution,18,1,0,-1.0,47.880463356417636,0.1363322463093798,0.0
regenerative_distribution,19,1,0,-1.0,48.1569294434632,0.7325923683153329,1.0
regenerative_distribution,20,1,0,-1.0,69.28237579787823,1.2516184060831703,2.0
regenerative_distribution,21,1,0,-1.0,76.06050423470593,0.7262585664984669,3.0
regenerative_distribution,22,1,0,-1.0,73.81421881480593,1.0340506105239575,3.0
regenerative_distribution,23,1,0,-1.0,48.105187742219165,0.23436729999404307,0.0
regenerative_distribution,24,1,0,-1.0,42.22927283395547,0.9969428074500907,1.0
regenerative_distribution,25,1,0,-1.0,61.57345192002286,0.6080562366746793,0.0
regenerative_distribution,26,1,0,-1.0,57.74271513947076,-0.10687028015622424,1.0
regenerative_distribution,27,1,0,-1.0,53.766562465961734,1.2399272343685288,0.0
regenerative_distribution,28,1,0,-1.0,49.196700989987804,0.48580872320790874,0.0
regenerative_distribution,29,1,0,-1.0,51.03766925140049,0.726688442997151,2.0
regenerative_distribution,30,1,0,-1.0,114.70872575029213,2.687208585143986,4.0
regenerative_distribution,31,1,0,-1.0,107.02274378482137,2.477404305837038,4.0
regenerative_distribution,32,1,0,-1.0,48.04576689014437,0.20897512929193332,1.0
regenerative_distribution,33,1,0,-1.0,59.44069485773197,1.6389850518422517,1.0
regenerative_distribution,34,1,0,-1.0,68.40556220051663,1.8572576917675045,3.0
regenerative_distribution,35,1,0,-1.0,92.16661835559779,2.511517857471682,2.0
regenerative_distribution,36,1,0,-1.0,38.64626587458954,-0.030958107687060112,1.0
regenerative_distribution,37,1,0,-1.0,35.0766754006782,0.18426269765237852,1.0
regenerative_distribution,38,1,0,-1.0,60.1167472000006,1.1984088953319694,2.0
regenerative_distribution,39,1,0,-1.0,95.76052638486604,1.5707205721352608,4.0
regenerative_distribution,40,1,0,-1.0,37.071021968711975,0.6797496678971098,0.0
regenerative_distribution,41,1,0,-1.0,75.8164020337625,1.5474108724177154,2.0
regenerative_distribution,42,1,0,-1.0,29.427360235401018,-0.1294071301634895,0.0
regenerative_distribution,43,1,0,-1.0,113.9805305189102,2.877968935681084,4.0
regenerative_distribution,44,1,0,-1.0,51.775690842534644,0.15444818430698318,1.0
regenerative_distribution,45,1,0,-1.0,75.26025542004592,2.159439557921339,3.0
regenerative_distribution,46,1,0,-1.0,84.7402894716859,2.1642623897170186,4.0
regenerative_distribution,47,1,0,-1.0,70.08551377296865,0.9937529063449363,2.0
regenerative_distribution,48,1,0,-1.0,48.27377985448339,1.019693086671729,0.0
regenerative_distribution,49,1,0,-1.0,95.4546650402603,0.75959894743477,5.0
regenerative_distribution,50,1,0,-1.0,71.94426099128775,0.3386722071650076,3.0
regenerative_distribution,51,1,0,-1.0,55.88301734840734,1.0482458489411792,1.0
regenerative_distribution,52,1,0,-1.0,86.68689403587507,1.8864136668642135,2.0
regenerative_distribution,53,1,0,-1.0,114.82187556000645,1.8700207732659104,4.0
regenerative_distribution,54,1,0,-1.0,41.19766874790169,1.4902496427775471,1.0
regenerative_distribution,55,1,0,-1.0,59.47830658962314,0.4296232611358669,2.0
regenerative_distribution,56,1,0,-1.0,39.4661912624117,-0.5173662637851891,0.0
regenerative_distribution,57,1,0,-1.0,68.9317523067734,1.1639311873911111,2.0
regenerative_distribution,58,1,0,-1.0,31.18568745254733,0.40830596587708506,0.0
regenerative_distribution,59,1,0,-1.0,82.8723380217194,0.29607023913185915,1.0
regenerative_distribution,60,1,0,-1.0,84.1997489947792,1.5197018833602638,3.0
regenerative_distribution,61,1,0,-1.0,70.98872742941327,0.7356517205776261,2.0
regenerative_distribution,62,1,0,-1.0,74.0430335334398,1.222030058568208,1.0
regenerative_distribution,63,1,0,-1.0,79.26947808656914,1.7373079911363094,3.0
regenerative_distribution,64,1,0,-1.0,49.35455990311932,1.1062337085783376,1.0
regenerative_distribution,65,1,0,-1.0,24.018819124722466,-0.27814420188285227,0.0
regenerative_distribution,66,1,0,-1.0,54.2257351496231,1.4305196316897844,0.0
regenerative_distribution,67,1,0,-1.0,42.53784431017296,0.04961716745695737,0.0
regenerative_distribution,68,1,0,-1.0,64.12901165552334,0.43256709123631426,0.0
regenerative_distribution,69,1,0,-1.0,63.28121911764666,2.359483492210101,2.0
regenerative_distribution,70,1,0,-1.0,49.866742511334365,0.6131204461750585,1.0
regenerative_distribution,71,1,0,-1.0,79.5154446427685,1.849382991453332,3.0
regenerative_distribution,72,1,0,-1.0,66.49374084211792,1.615746487432388,1.0
regenerative_distribution,73,1,0,-1.0,69.41806322840326,0.8788349809360607,2.0
regenerative_distribution,74,1,0,-1.0,49.56507152786618,0.23862074807632228,1.0
regenerative_distribution,75,1,0,-1.0,51.464874064091234,1.2918790518256844,1.0
regenerative_distribution,76,1,0,-1.0,70.28295080203374,1.6798503665745796,1.0
regenerative_distribution,77,1,0,-1.0,24.443834647215862,0.6508856985836246,0.0
regenerative_distribution,78,1,0,-1.0,49.06182190275252,1.0665986373251395,0.0
regenerative_distribution,79,1,0,-1.0,44.00460244495796,0.2822679236434702,1.0
regenerative_distribution,80,1,0,-1.0,53.27638255535223,0.5979188635165648,1.0
regenerative_distribution,81,1,0,-1.0,59.926803712275074,1.4687101078742115,1.0
regenerative_distribution,82,1,0,-1.0,42.086975031923075,-0.3057405008436701,0.0
regenerative_distribution,83,1,0,-1.0,51.54326684018384,0.4197084465971433,0.0
regenerative_distribution,84,1,0,-1.0,67.56991559884679,1.5537479297307333,2.0
regenerative_distribution,85,1,0,-1.0,61.97530285082556,0.10747224437857786,1.0
regenerative_distribution,86,1,0,-1.0,31.358003444111905,0.9761544619694046,0.0
regenerative_distribution,87,1,0,-1.0,52.53419310864035,0.8683345949014064,1.0
regenerative_distribution,88,1,0,-1.0,30.18768938074139,0.17564945788580616,0.0
regenerative_distribution,89,1,0,-1.0,49.452039584628785,0.43366787455744177,1.0
regenerative_distribution,90,1,0,-1.0,69.76029802950177,0.741493868916228,1.0
regenerative_distribution,91,1,0,-1.0,69.97541797874561,1.3270629292185667,1.0
regenerative_distribution,92,1,0,-1.0,46.22240655958197,1.474413230654317,0.0
regenerative_distribution,93,1,0,-1.0,72.44919706367747,1.7420663408377985,3.0
regenerative_distribution,94,1,0,-1.0,52.99459173342463,0.1752897623120964,1.0
regenerative_distribution,95,1,0,-1.0,60.35042926149954,1.0024599503564466,2.0
regenerative_distribution,96,1,0,-1.0,61.47616258839972,0.5219792812628736,1.0
regenerative_distribution,97,1,0,-1.0,76.25232331510227,2.398354716369576,2.0
regenerative_distribution,98,1,0,-1.0,58.30048301623971,1.8645921348514118,1.0
regenerative_distribution,99,1,0,-1.0,80.38727637890257,2.176300505415717,2.0
regenerative_distribution,100,1,0,-1.0,50.340210889233404,0.6729487930889398,1.0
regenerative_distribution,101,1,0,-1.0,59.66089505852213,1.550615685779457,2.0
regenerative_distribution,102,1,0,-1.0,48.64551222802758,0.8880709637879215,1.0
regenerative_distribution,103,1,0,-1.0,47.094908332197306,-0.17697226826366425,2.0
regenerative_distribution,104,1,0,-1.0,72.09793616310807,1.5565413877073198,2.0
regenerative_distribution,105,1,0,-1.0,72.4617741234155,0.9993173665566669,4.0
regenerative_distribution,106,1,0,-1.0,54.238089157331935,0.9077439021443431,2.0
regenerative_distribution,107,1,0,-1.0,67.00503108741347,0.8316553674242019,3.0
regenerative_distribution,108,1,0,-1.0,84.89363914247258,1.5693842828659161,3.0
regenerative_distribution,109,1,0,-1.0,81.69836790095974,1.726378419972077,3.0
regenerative_distribution,110,1,0,-1.0,64.65437408085181,1.3367179198298405,2.0
regenerative_distribution,111,1,0,-1.0,68.49741824384843,0.24320720578690008,1.0
regenerative_distribution,112,1,0,-1.0,46.90129969487079,1.0680732884392818,1.0
regenerative_distribution,113,1,0,-1.0,45.11316341063831,0.9411146782708804,0.0
regenerative_distribution,114,1,0,-1.0,74.19735808664153,1.4409832304853618,1.0
regenerative_distribution,115,1,0,-1.0,57.17729207646737,1.408157789125286,1.0
regenerative_distribution,116,1,0,-1.0,86.21947280873096,2.311719917817287,3.0
regenerative_distribution,117,1,0,-1.0,62.40765739164575,0.939286058881517,1.0
regenerative_distribution,118,1,0,-1.0,60.86815088629572,0.06484350268032661,2.0
regenerative_distribution,119,1,0,-1.0,31.72978923821025,0.5364635491574633,0.0
regenerative_distribution,120,1,0,-1.0,46.79693492663995,0.44941646418303843,1.0
regenerative_distribution,121,1,0,-1.0,50.2078342055007,0.5565112200701433,0.0
regenerative_distribution,122,1,0,-1.0,56.50418493145465,0.4720669404315011,1.0
regenerative_distribution,123,1,0,-1.0,43.06906146288093,0.8988238215445493,0.0
regenerative_distribution,124,1,0,-1.0,25.148415488912132,0.28231035070622623,0.0
regenerative_distribution,125,1,0,-1.0,43.29378374680762,1.452038283255669,0.0
regenerative_distribution,126,1,0,-1.0,60.366899996672615,1.866175634329649,2.0
regenerative_distribution,127,1,0,-1.0,55.13991286978205,0.3199970232953847,2.0
regenerative_distribution,128,1,0,-1.0,78.3047859442074,1.3548649731980635,4.0
regenerative_distribution,129,1,0,-1.0,29.439254453561187,0.1701622954315907,1.0
regenerative_distribution,130,1,0,-1.0,112.69610088900309,3.9624449806404667,3.0
regenerative_distribution,131,1,0,-1.0,93.33458319519217,1.2428262441215243,3.0
regenerative_distribution,132,1,0,-1.0,80.5850932615664,1.6825473263045254,2.0
regenerative_distribution,133,1,0,-1.0,62.49609930679509,0.8366299248238255,1.0
regenerative_distribution,134,1,0,-1.0,78.59062547933918,1.9022608816172033,2.0
regenerative_distribution,135,1,0,-1.0,52.34428067596183,0.5357692218322796,2.0
regenerative_distribution,136,1,0,-1.0,68.61937122374401,0.9262516414960728,1.0
regenerative_distribution,137,1,0,-1.0,89.58854240527742,1.079287431381158,3.0
regenerative_distribution,138,1,0,-1.0,42.17082930600003,-0.6541218583904393,0.0
regenerative_distribution,139,1,0,-1.0,52.17399396049718,0.7015622842640985,2.0
regenerative_distribution,140,1,0,-1.0,44.06726563303247,0.8928023845972055,0.0
regenerative_distribution,141,1,0,-1.0,55.45426322290045,0.7438301328416308,1.0
regenerative_distribution,142,1,0,-1.0,50.87855326663745,1.2051361462620067,1.0
regenerative_distribution,143,1,0,-1.0,83.28488321567595,3.1792970519361496,3.0
regenerative_distribution,144,1,0,-1.0,78.40693042479877,1.6224440736799377,4.0
regenerative_distribution,145,1,0,-1.0,109.93077606091747,0.9706404761638486,4.0
regenerative_distribution,146,1,0,-1.0,52.819441756016616,0.6588179244590735,0.0
regenerative_distribution,147,1,0,-1.0,61.205790367530135,1.1524242081100327,0.0
regenerative_distribution,148,1,0,-1.0,51.089915532232595,0.8629601439656654,2.0
regenerative_distribution,149,1,0,-1.0,64.07178324824554,1.0960287703840847,2.0
regenerative_distribution,150,1,0,-1.0,61.57216177577199,-0.0043695548992478146,2.0
regenerative_distribution,151,1,0,-1.0,36.0413511808028,-0.4173412010005322,0.0
regenerative_distribution,152,1,0,-1.0,59.75914826243792,1.033321959634071,1.0
regenerative_distribution,153,1,0,-1.0,78.65467217969848,1.557109767435113,3.0
regenerative_distribution,154,1,0,-1.0,96.61856093569587,2.6852185820044654,2.0
regenerative_distribution,155,1,0,-1.0,65.06193583230048,1.0265339936201088,2.0
regenerative_distribution,156,1,0,-1.0,50.615855950131966,1.5911974866404428,0.0
regenerative_distribution,157,1,0,-1.0,91.31250984299687,0.790658410980607,2.0
regenerative_distribution,158,1,0,-1.0,55.814294983736346,1.1375147449670429,1.0
regenerative_distribution,159,1,0,-1.0,62.17413124172639,1.456255894191576,1.0
regenerative_distribution,160,1,0,-1.0,34.6647737811951,-0.4676626877145602,0.0
regenerative_distribution,161,1,0,-1.0,91.23779584226932,0.9664989736025161,2.0
regenerative_distribution,162,1,0,-1.0,97.37201484438326,2.8449149166378094,2.0
regenerative_distribution,163,1,0,-1.0,61.29410807863055,0.7408179234057891,1.0
regenerative_distribution,164,1,0,-1.0,56.801984860962136,1.1523088677268578,1.0
regenerative_distribution,165,1,0,-1.0,72.17558768613179,1.975740117684171,3.0
regenerative_distribution,166,1,0,-1.0,63.094543928017096,0.61249358725621,2.0
regenerative_distribution,167,1,0,-1.0,58.27088541827371,1.4713297325346042,1.0
regenerative_distribution,168,1,0,-1.0,70.39000796020667,1.0714971212163102,1.0
regenerative_distribution,169,1,0,-1.0,64.28726389139459,0.2068108840768281,0.0
regenerative_distribution,170,1,0,-1.0,32.99128457674057,-0.3576333202135684,0.0
regenerative_distribution,171,1,0,-1.0,64.2205048046761,1.7089633097984134,2.0
regenerative_distribution,172,1,0,-1.0,57.313970439946786,0.3738370255095083,2.0
regenerative_distribution,173,1,0,-1.0,40.283466294439876,1.0989469257109281,0.0
regenerative_distribution,174,1,0,-1.0,56.22354434653717,1.6053644509076932,0.0
regenerative_distribution,175,1,0,-1.0,99.95442644916912,2.0497574175605835,4.0
regenerative_distribution,176,1,0,-1.0,54.46155251661456,1.1411793523224034,1.0
regenerative_distribution,177,1,0,-1.0,53.72017270439735,0.5044184528254232,1.0
regenerative_distribution,178,1,0,-1.0,28.795732544758337,0.09371547323406498,0.0
regenerative_distribution,179,1,0,-1.0,36.44197239030548,0.11251588834321044,0.0
regenerative_distribution,180,1,0,-1.0,106.29102372055577,1.5012716536970934,3.0
regenerative_distribution,181,1,0,-1.0,79.18038730445818,1.9075006233228307,2.0
regenerative_distribution,182,1,0,-1.0,99.02444823610394,2.7112135864761657,5.0
regenerative_distribution,183,1,0,-1.0,47.014038625799195,-0.3839647443834158,1.0
regenerative_distribution,184,1,0,-1.0,56.817350759675975,-0.0859521557685475,1.0
regenerative_distribution,185,1,0,-1.0,62.460098047966085,0.9618808979121786,1.0
regenerative_distribution,186,1,0,-1.0,49.9686493019016,0.44323496104428184,0.0
regenerative_distribution,187,1,0,-1.0,103.42056200381134,2.232926496712311,3.0
regenerative_distribution,188,1,0,-1.0,70.15098624386708,1.2885291992609802,1.0
regenerative_distribution,189,1,0,-1.0,59.79337451106015,0.8605169498904467,1.0
regenerative_distribution,190,1,0,-1.0,53.69882575089901,0.8054992038374388,0.0
regenerative_distribution,191,1,0,-1.0,47.837488468000544,-0.4368196859375533,2.0
regenerative_distribution,192,1,0,-1.0,97.34136279976153,1.8005248757242798,3.0
regenerative_distribution,193,1,0,-1.0,96.24376463143821,2.3495054160302566,2.0
regenerative_distribution,194,1,0,-1.0,48.719782016663224,0.12348549275825359,1.0
regenerative_distribution,195,1,0,-1.0,58.671197417223055,1.7540513386528942,0.0
regenerative_distribution,196,1,0,-1.0,105.52777953917456,2.0724469430428605,3.0
regenerative_distribution,197,1,0,-1.0,60.1462189941675,0.6852198816897056,2.0
regenerative_distribution,198,1,0,-1.0,106.07472152145384,3.2657946324049902,5.0
regenerative_distribution,199,1,0,-1.0,54.77881359523108,1.2201702324441466,1.0
regenerative_distribution,200,1,0,-1.0,103.50501948554549,2.0099898613293847,3.0
regenerative_distribution,201,1,0,-1.0,33.61284929417637,0.10491284976619251,0.0
regenerative_distribution,202,1,0,-1.0,72.52198719457922,1.51852680343138,1.0
regenerative_distribution,203,1,0,-1.0,70.64423230113614,1.034920846231316,1.0
regenerative_distribution,204,1,0,-1.0,33.71363913133238,0.022406871732679134,0.0
regenerative_distribution,205,1,0,-1.0,32.44823017271196,-1.5327689617119769,1.0
regenerative_distribution,206,1,0,-1.0,40.26238784640301,-0.1009757416634692,1.0
regenerative_distribution,207,1,0,-1.0,81.00981654299792,1.17781888541728,3.0
regenerative_distribution,208,1,0,-1.0,39.791104931323595,1.0562812890567355,0.0
regenerative_distribution,209,1,0,-1.0,60.88724174397256,1.379593125475732,2.0
regenerative_distribution,210,1,0,-1.0,121.1263695392639,1.2213803718035807,4.0
regenerative_distribution,211,1,0,-1.0,64.4439580684583,1.944933488896843,2.0
regenerative_distribution,212,1,0,-1.0,76.3660826812803,0.40908030851940247,2.0
regenerative_distribution,213,1,0,-1.0,76.84204628865209,2.0222338557608674,2.0
regenerative_distribution,214,1,0,-1.0,72.6484912331817,1.3201794296756022,3.0
regenerative_distribution,215,1,0,-1.0,44.40160880069136,-0.24071352257643555,1.0
regenerative_distribution,216,1,0,-1.0,68.88314906456185,1.2244296769335725,1.0
regenerative_distribution,217,1,0,-1.0,36.55573175429272,0.4449701184444611,0.0
regenerative_distribution,218,1,0,-1.0,58.036546225249374,1.0766830359693609,2.0
regenerative_distribution,219,1,0,-1.0,35.83377160440031,-0.22823017113917823,1.0
regenerative_distribution,220,1,0,-1.0,62.30052326490788,0.8119000775848773,2.0
regenerative_distribution,221,1,0,-1.0,24.01280450484618,-0.8978048567538505,0.0
regenerative_distribution,222,1,0,-1.0,45.3577348682574,0.5093148371091429,0.0
regenerative_distribution,223,1,0,-1.0,68.76962995547164,0.7310903582977831,2.0
regenerative_distribution,224,1,0,-1.0,78.4182460658663,0.9050220222525204,4.0
regenerative_distribution,225,1,0,-1.0,59.74814785279841,0.321349950088122,2.0
regenerative_distribution,226,1,0,-1.0,45.35639383570758,0.5382551579205653,1.0
regenerative_distribution,227,1,0,-1.0,61.024245440849754,1.3906224535083223,2.0
regenerative_distribution,228,1,0,-1.0,67.24870861191252,1.9304012708484233,2.0
regenerative_distribution,229,1,0,-1.0,129.85134387239358,3.2246102135630372,4.0
regenerative_distribution,230,1,0,-1.0,71.48768684995754,1.6030531674058766,2.0
regenerative_distribution,231,1,0,-1.0,74.38257352215727,1.0864287493482114,2.0
regenerative_distribution,232,1,0,-1.0,54.95251518355739,0.8111773364608075,1.0
regenerative_distribution,233,1,0,-1.0,65.90514854218577,1.001094447751814,2.0
regenerative_distribution,234,1,0,-1.0,47.164410205940776,-0.06625592133544601,0.0
regenerative_distribution,235,1,0,-1.0,61.80125646085954,1.3576550730662498,1.0
regenerative_distribution,236,1,0,-1.0,77.47577370074994,0.8991607033296275,2.0
regenerative_distribution,237,1,0,-1.0,62.35808677438075,1.0259793476512842,2.0
regenerative_distribution,238,1,0,-1.0,69.58699397805374,2.24226066305272,1.0
regenerative_distribution,239,1,0,-1.0,83.79647900328928,1.7320149112036458,4.0
regenerative_distribution,240,1,0,-1.0,90.77694392301471,2.7330076405607673,3.0
regenerative_distribution,241,1,0,-1.0,53.572996357624575,1.041684109769056,0.0
regenerative_distribution,242,1,0,-1.0,94.24834160829,1.7396901069840918,3.0
regenerative_distribution,243,1,0,-1.0,86.30410111375723,2.3928365467319423,2.0
regenerative_distribution,244,1,0,-1.0,41.854412445927814,-0.24294802978825064,1.0
regenerative_distribution,245,1,0,-1.0,71.31380335152613,1.4947269049401926,1.0
regenerative_distribution,246,1,0,-1.0,69.50644685505958,1.9708924562479144,1.0
regenerative_distribution,247,1,0,-1.0,55.88907577594644,0.728222476420361,1.0
regenerative_distribution,248,1,0,-1.0,89.54162874494038,1.8393439070672408,3.0
regenerative_distribution,249,1,0,-1.0,82.69614919177319,2.276766201131422,1.0
regenerative_distribution,250,1,0,-1.0,87.74533097256092,2.5949876935141454,2.0
regenerative_distribution,251,1,0,-1.0,47.09091318729345,-1.1125665552213455,0.0
regenerative_distribution,252,1,0,-1.0,44.278011094597886,0.030616848909756376,0.0
regenerative_distribution,253,1,0,-1.0,39.141795158315986,0.13580829031852343,0.0
regenerative_distribution,254,1,0,-1.0,51.324391057565876,0.5085484497349804,1.0
regenerative_distribution,255,1,0,-1.0,65.3890829968514,1.3700686285968144,1.0
regenerative_distribution,256,1,0,-1.0,60.61037168580426,1.2145913406701139,1.0
regenerative_distribution,257,1,0,-1.0,51.54506966285052,0.7049564002111158,1.0
regenerative_distribution,258,1,0,-1.0,60.47993750894427,1.8162651025911638,0.0
regenerative_distribution,259,1,0,-1.0,49.44885660684647,0.69345260873957,1.0
regenerative_distribution,260,1,0,-1.0,51.81540313100452,0.29997031115418765,0.0
regenerative_distribution,261,1,0,-1.0,98.01581808676531,1.4974801883440862,5.0
regenerative_distribution,262,1,0,-1.0,67.47104836372186,1.7627894722699335,1.0
regenerative_distribution,263,1,0,-1.0,66.19601870002757,0.9414928211369872,1.0
regenerative_distribution,264,1,0,-1.0,61.833747888611285,0.9856380200256011,1.0
regenerative_distribution,265,1,0,-1.0,87.70694733718301,2.0314942209446,2.0
regenerative_distribution,266,1,0,-1.0,96.28322370844634,2.8615658590667317,4.0
regenerative_distribution,267,1,0,-1.0,76.73784110197245,2.214440982565643,2.0
regenerative_distribution,268,1,0,-1.0,60.869417618542016,1.3841524050872298,1.0
regenerative_distribution,269,1,0,-1.0,101.23372996586362,2.2759544883809415,3.0
regenerative_distribution,270,1,0,-1.0,63.30848524368503,0.4914152644377284,2.0
regenerative_distribution,271,1,0,-1.0,100.92578295063153,1.9755079277662508,2.0
regenerative_distribution,272,1,0,-1.0,35.7451874102906,0.6370058688142625,1.0
regenerative_distribution,273,1,0,-1.0,59.1461941923407,0.5693888940028009,0.0
regenerative_distribution,274,1,0,-1.0,83.44382305476118,1.1388766495776241,2.0
regenerative_distribution,275,1,0,-1.0,65.95058947121017,0.9017265861087884,2.0
regenerative_distribution,276,1,0,-1.0,85.0524142324293,2.1237419352524505,3.0
regenerative_distribution,277,1,0,-1.0,40.29939389779925,0.5063645171992003,0.0
regenerative_distribution,278,1,0,-1.0,41.557569112183025,0.7464715586389576,0.0
regenerative_distribution,279,1,0,-1.0,64.1653302000505,1.3768403506358642,1.0
regenerative_distribution,280,1,0,-1.0,91.79288512638696,3.016809333239334,4.0
regenerative_distribution,281,1,0,-1.0,84.47714946470484,2.042337996126671,3.0
regenerative_distribution,282,1,0,-1.0,70.78988121689764,0.8378188019181242,3.0
regenerative_distribution,283,1,0,-1.0,65.94107504218499,1.2924478489249203,1.0
regenerative_distribution,284,1,0,-1.0,16.31885813613443,-0.11311701185820941,0.0
regenerative_distribution,285,1,0,-1.0,82.37762060887218,1.0424982685147035,2.0
regenerative_distribution,286,1,0,-1.0,65.51096267240835,2.2933300126179654,2.0
regenerative_distribution,287,1,0,-1.0,68.7919179789303,1.4066559866534771,2.0
regenerative_distribution,288,1,0,-1.0,60.30540255331165,1.264802448046063,1.0
regenerative_distribution,289,1,0,-1.0,76.64756527148674,1.801730742915399,2.0
regenerative_distribution,290,1,0,-1.0,44.680077861572016,0.5607716836265981,0.0
regenerative_distribution,291,1,0,-1.0,68.93248314525357,0.35686887037558507,2.0
regenerative_distribution,292,1,0,-1.0,62.51544609848717,1.1861798115000477,2.0
regenerative_distribution,293,1,0,-1.0,73.25562823352591,1.0878586298307669,0.0
regenerative_distribution,294,1,0,-1.0,68.93475291975108,0.7399933693472207,1.0
regenerative_distribution,295,1,0,-1.0,89.14249986929786,1.172917198252519,3.0
regenerative_distribution,296,1,0,-1.0,53.61962391325836,0.24281039777007662,2.0
regenerative_distribution,297,1,0,-1.0,63.593096719102846,1.529954825359286,3.0
regenerative_distribution,298,1,0,-1.0,101.09679085912569,2.814753182167272,3.0
regenerative_distribution,299,1,0,-1.0,57.7439970732444,0.3803988962810001,2.0
regenerative_distribution,300,1,0,-1.0,58.641974216013566,1.1425187362638471,1.0
regenerative_distribution,301,1,0,-1.0,48.859131646997824,0.6627874991936691,0.0
regenerative_distribution,302,1,0,-1.0,84.93808144565787,2.186978738535833,1.0
regenerative_distribution,303,1,0,-1.0,39.4998153358132,-0.05795069550679121,0.0
regenerative_distribution,304,1,0,-1.0,45.77550953567643,0.41887889687828217,1.0
regenerative_distribution,305,1,0,-1.0,95.60960441912252,1.1888721862429341,3.0
regenerative_distribution,306,1,0,-1.0,57.02753747030265,1.167493088449239,1.0
regenerative_distribution,307,1,0,-1.0,75.56163389139988,1.715462675527356,3.0
regenerative_distribution,308,1,0,-1.0,67.09945960038488,1.546559175815075,0.0
regenerative_distribution,309,1,0,-1.0,51.0825489396299,0.34030326067224065,0.0
regenerative_distribution,310,1,0,-1.0,80.43968815804253,1.6208874901566885,2.0
regenerative_distribution,311,1,0,-1.0,96.31760538205407,2.2873149442252347,4.0
regenerative_distribution,312,1,0,-1.0,55.36532579024492,0.925799170410677,0.0
regenerative_distribution,313,1,0,-1.0,90.29764399413554,1.58857511628433,2.0
regenerative_distribution,314,1,0,-1.0,85.12135434862542,1.3647096485468169,2.0
regenerative_distribution,315,1,0,-1.0,135.54823170441887,2.403436001895831,6.0
regenerative_distribution,316,1,0,-1.0,91.02461988562732,1.7516246945534988,4.0
regenerative_distribution,317,1,0,-1.0,60.764430386560754,1.236393826496849,0.0
regenerative_distribution,318,1,0,-1.0,35.13472196872586,0.6806992459511171,0.0
regenerative_distribution,319,1,0,-1.0,73.84924561613786,1.9186335779015444,2.0
regenerative_distribution,320,1,0,-1.0,63.14896012378019,0.33853497053079334,0.0
regenerative_distribution,321,1,0,-1.0,98.48835585035008,1.8410341080998267,3.0
regenerative_distribution,322,1,0,-1.0,100.29720419949133,1.565844370342008,3.0
regenerative_distribution,323,1,0,-1.0,59.087207585406844,0.8035785822339825,1.0
regenerative_distribution,324,1,0,-1.0,81.9671025384728,1.251342006061412,1.0
regenerative_distribution,325,1,0,-1.0,74.46613384586169,2.0145835869776088,1.0
regenerative_distribution,326,1,0,-1.0,32.91804268900788,0.21434610948007707,0.0
regenerative_distribution,327,1,0,-1.0,93.20658839918914,2.9189360447149046,2.0
regenerative_distribution,328,1,0,-1.0,78.04249565480852,1.5633954512594053,2.0
regenerative_distribution,329,1,0,-1.0,74.26719437044663,1.3662687370779787,2.0
regenerative_distribution,330,1,0,-1.0,66.17656320881304,0.6461803252929609,3.0
regenerative_distribution,331,1,0,-1.0,54.110943149788696,1.1034553872633739,2.0
regenerative_distribution,332,1,0,-1.0,84.08971229426402,2.248598183448941,3.0
regenerative_distribution,333,1,0,-1.0,58.43687716487799,1.5715678558668524,2.0
regenerative_distribution,334,1,0,-1.0,62.993426372708946,0.6309539370829099,1.0
regenerative_distribution,335,1,0,-1.0,75.14580530561798,1.691506681289354,1.0
regenerative_distribution,336,1,0,-1.0,47.1786011362198,0.4484191166470535,0.0
regenerative_distribution,337,1,0,-1.0,79.40569151658723,1.7562041751501918,1.0
regenerative_distribution,338,1,0,-1.0,42.65379104622834,0.3964242122139138,0.0
regenerative_distribution,339,1,0,-1.0,56.29748457168368,0.34103913235212896,1.0
regenerative_distribution,340,1,0,-1.0,88.95710715466095,1.2486586209620838,3.0
regenerative_distribution,341,1,0,-1.0,52.76317530483416,0.12879530638018394,1.0
regenerative_distribution,342,1,0,-1.0,75.85274908941109,1.72665569166736,2.0
regenerative_distribution,343,1,0,-1.0,72.07429580800428,1.4547298007084875,2.0
regenerative_distribution,344,1,0,-1.0,61.08384437389577,1.5162258179533235,1.0
regenerative_distribution,345,1,0,-1.0,98.47333922104706,1.96823400994587,3.0
regenerative_distribution,346,1,0,-1.0,74.59279301126978,0.9480957615994193,1.0
regenerative_distribution,347,1,0,-1.0,72.36583320681791,1.39662688706749,1.0
regenerative_distribution,348,1,0,-1.0,38.11243487620477,0.2270914504108467,0.0
regenerative_distribution,349,1,0,-1.0,85.87070364640593,2.423644610010814,2.0
regenerative_distribution,350,1,0,-1.0,64.24589248415593,0.32947795591376433,1.0
regenerative_distribution,351,1,0,-1.0,42.35671303674921,0.8002621773938537,1.0
regenerative_distribution,352,1,0,-1.0,58.077411340592775,1.9658592055963269,1.0
regenerative_distribution,353,1,0,-1.0,77.00646849336336,1.345713694765446,2.0
regenerative_distribution,354,1,0,-1.0,46.60669394667142,0.12128745580145801,1.0
regenerative_distribution,355,1,0,-1.0,41.06709510589628,0.020829020331839098,0.0
regenerative_distribution,356,1,0,-1.0,51.39316004351591,1.2227561061121397,1.0
regenerative_distribution,357,1,0,-1.0,86.92889483791085,2.446551410692161,2.0
regenerative_distribution,358,1,0,-1.0,47.695409325088875,0.5094877481168947,1.0
regenerative_distribution,359,1,0,-1.0,46.35839689968139,0.501677616022024,1.0
regenerative_distribution,360,1,0,-1.0,66.15794433417992,1.1771447540154083,2.0
regenerative_distribution,361,1,0,-1.0,35.60538272324324,0.1754724915330717,0.0
regenerative_distribution,362,1,0,-1.0,72.07114880676949,1.659804396378676,2.0
regenerative_distribution,363,1,0,-1.0,77.76554285386071,1.4034633326459311,3.0
regenerative_distribution,364,1,0,-1.0,72.54144677434515,0.5655391543480901,2.0
regenerative_distribution,365,1,0,-1.0,61.667931165566394,2.039991766517641,0.0
regenerative_distribution,366,1,0,-1.0,48.94513423684758,-0.10614633821803807,1.0
regenerative_distribution,367,1,0,-1.0,86.1456836927504,0.8306241507982326,3.0
regenerative_distribution,368,1,0,-1.0,73.66197408359066,0.9744582972574919,2.0
regenerative_distribution,369,1,0,-1.0,78.12391205934046,1.1498901660499394,3.0
regenerative_distribution,370,1,0,-1.0,46.17599517045504,0.6122385057952038,0.0
regenerative_distribution,371,1,0,-1.0,62.812664479461674,0.7684394064257233,2.0
regenerative_distribution,372,1,0,-1.0,104.61551459952307,3.0456110584390874,5.0
regenerative_distribution,373,1,0,-1.0,130.29818937560802,2.3428949307054134,4.0
regenerative_distribution,374,1,0,-1.0,50.15886037159199,-0.39024562850721356,0.0
regenerative_distribution,375,1,0,-1.0,116.33552633299219,2.8448209680114798,4.0
regenerative_distribution,376,1,0,-1.0,81.49002898727547,1.8806785419336247,1.0
regenerative_distribution,377,1,0,-1.0,70.6268569790601,0.8262172715054961,1.0
regenerative_distribution,378,1,0,-1.0,31.136524351503038,0.0739381652097838,0.0
regenerative_distribution,379,1,0,-1.0,46.341735762442866,0.12932111224131862,0.0
regenerative_distribution,380,1,0,-1.0,84.42078141374917,2.2418576821112555,1.0
regenerative_distribution,381,1,0,-1.0,60.41560958295575,0.9322882520508584,0.0
regenerative_distribution,382,1,0,-1.0,89.71405371833697,1.478824982168041,1.0
regenerative_distribution,383,1,0,-1.0,53.91856607449856,0.8459494733085048,1.0
regenerative_distribution,384,1,0,-1.0,75.89502931289492,1.5771458925860944,3.0
regenerative_distribution,385,1,0,-1.0,102.33533804845915,1.28821145445791,4.0
regenerative_distribution,386,1,0,-1.0,45.210312353265145,-0.42970823169591194,0.0
regenerative_distribution,387,1,0,-1.0,97.78964242002462,1.1936972758292392,2.0
regenerative_distribution,388,1,0,-1.0,52.312221926948354,0.745996379029356,1.0
regenerative_distribution,389,1,0,-1.0,120.90261117678706,2.4694917234814557,4.0
regenerative_distribution,390,1,0,-1.0,76.35125773292339,1.3827625392388037,3.0
regenerative_distribution,391,1,0,-1.0,51.240873084039876,0.2855124684611334,2.0
regenerative_distribution,392,1,0,-1.0,73.02372159318278,1.9987739959047097,2.0
regenerative_distribution,393,1,0,-1.0,54.98168097491079,-0.06802619042205188,1.0
regenerative_distribution,394,1,0,-1.0,75.2976504467274,1.6164578005142927,2.0
regenerative_distribution,395,1,0,-1.0,55.39731301227264,-0.2905555937595601,1.0
regenerative_distribution,396,1,0,-1.0,113.86698744593848,3.066385034428075,2.0
regenerative_distribution,397,1,0,-1.0,83.84865534673202,1.2815400314997896,2.0
regenerative_distribution,398,1,0,-1.0,40.06100282384803,-0.03386367986521147,0.0
regenerative_distribution,399,1,0,-1.0,70.14926230313912,1.3939015562483088,1.0
regenerative_distribution,400,1,0,-1.0,40.682572708019165,-0.2566040004771235,1.0
regenerative_distribution,401,1,0,-1.0,39.30689138681285,-0.4084264250713893,0.0
regenerative_distribution,402,1,0,-1.0,49.89951262259752,-0.27993843973166094,0.0
regenerative_distribution,403,1,0,-1.0,70.89521328769337,0.4304974607302758,2.0
regenerative_distribution,404,1,0,-1.0,54.274978412076415,1.0104682476114741,1.0
regenerative_distribution,405,1,0,-1.0,73.18303799416339,0.7366646665377514,2.0
regenerative_distribution,406,1,0,-1.0,78.15829653093658,1.3366472628953903,2.0
regenerative_distribution,407,1,0,-1.0,28.93634359269795,0.40568430640348657,0.0
regenerative_distribution,408,1,0,-1.0,43.146956408337665,-0.1561560697292304,0.0
regenerative_distribution,409,1,0,-1.0,97.80844983013253,1.6454865094616158,4.0
regenerative_distribution,410,1,0,-1.0,60.49553601570505,-0.038634019900709686,1.0
regenerative_distribution,411,1,0,-1.0,42.94146919993951,0.5997125735185692,1.0
regenerative_distribution,412,1,0,-1.0,72.73497154531167,1.1918676880606438,0.0
regenerative_distribution,413,1,0,-1.0,56.9777508946258,1.4810843945306702,0.0
regenerative_distribution,414,1,0,-1.0,38.69273575072668,0.5812949032659505,1.0
regenerative_distribution,415,1,0,-1.0,60.81621972662403,1.8365217222802914,1.0
regenerative_distribution,416,1,0,-1.0,51.25712804176285,-0.061912565527758416,1.0
regenerative_distribution,417,1,0,-1.0,64.1797495361456,1.528116291455034,1.0
regenerative_distribution,418,1,0,-1.0,87.5123973571247,1.5813087132263974,3.0
regenerative_distribution,419,1,0,-1.0,49.98891952993777,0.4805285398666421,0.0
regenerative_distribution,420,1,0,-1.0,33.4482539077259,0.25918734020035417,0.0
regenerative_distribution,421,1,0,-1.0,63.7658739733844,1.9076588811049016,1.0
regenerative_distribution,422,1,0,-1.0,69.81204638122811,0.8009643948988241,3.0
regenerative_distribution,423,1,0,-1.0,38.14603329672975,0.997803670129896,0.0
regenerative_distribution,424,1,0,-1.0,70.68633646704994,2.28313021383048,1.0
regenerative_distribution,425,1,0,-1.0,109.72515093974788,1.9841085416808766,4.0
regenerative_distribution,426,1,0,-1.0,62.717002045380596,0.551814336349094,1.0
regenerative_distribution,427,1,0,-1.0,49.043351107289226,0.0719564484168268,1.0
regenerative_distribution,428,1,0,-1.0,38.36590003565657,0.7136111761458236,1.0
regenerative_distribution,429,1,0,-1.0,51.436074288908955,0.7427364797995861,1.0
regenerative_distribution,430,1,0,-1.0,49.13542384004724,0.10370196221228083,1.0
regenerative_distribution,431,1,0,-1.0,54.65408008434877,0.6559623344785215,0.0
regenerative_distribution,432,1,0,-1.0,80.78627214008979,1.918230186790451,2.0
regenerative_distribution,433,1,0,-1.0,62.59231138013793,1.2350221428837704,1.0
regenerative_distribution,434,1,0,-1.0,50.53944961418336,0.49209994699219506,1.0
regenerative_distribution,435,1,0,-1.0,52.26346746701371,0.6737478664457189,1.0
regenerative_distribution,436,1,0,-1.0,75.03586573279028,0.6656681570793493,2.0
regenerative_distribution,437,1,0,-1.0,89.09406541220716,2.2364688844256446,3.0
regenerative_distribution,438,1,0,-1.0,40.39985331454975,-0.14254968938010387,0.0
regenerative_distribution,439,1,0,-1.0,79.16268817078833,0.6982881757112129,2.0
regenerative_distribution,440,1,0,-1.0,52.095802441865885,1.3176164602581821,0.0
regenerative_distribution,441,1,0,-1.0,94.57369557444483,0.7741999704864752,4.0
regenerative_distribution,442,1,0,-1.0,47.31192561595533,0.19400801560830128,0.0
regenerative_distribution,443,1,0,-1.0,69.38654563135626,1.43143945680778,2.0
regenerative_distribution,444,1,0,-1.0,107.11350467352428,2.2253633252543783,3.0
regenerative_distribution,445,1,0,-1.0,49.24336492564046,0.971351682178335,0.0
regenerative_distribution,446,1,0,-1.0,37.36370720882498,0.5926665422632196,0.0
regenerative_distribution,447,1,0,-1.0,47.45333621915747,-0.579539871246111,1.0
regenerative_distribution,448,1,0,-1.0,72.94737182780565,1.0947556138424424,2.0
regenerative_distribution,449,1,0,-1.0,92.20522994924006,2.002164148618037,2.0
regenerative_distribution,450,1,0,-1.0,100.23310709065342,2.7347626365915385,3.0
regenerative_distribution,451,1,0,-1.0,58.303330692947725,1.1760501098557552,1.0
regenerative_distribution,452,1,0,-1.0,73.6408571003961,1.0687775465718143,2.0
regenerative_distribution,453,1,0,-1.0,64.8289744310937,0.9133454870002332,1.0
regenerative_distribution,454,1,0,-1.0,64.2995005229038,1.0033764440661188,1.0
regenerative_distribution,455,1,0,-1.0,93.98179653398942,1.7619643175593993,4.0
regenerative_distribution,456,1,0,-1.0,58.766903189184305,-0.3490860898772411,3.0
regenerative_distribution,457,1,0,-1.0,49.87571904649063,0.4573600395611991,1.0
regenerative_distribution,458,1,0,-1.0,53.253323482407154,0.810629969022754,1.0
regenerative_distribution,459,1,0,-1.0,55.74806525053929,0.33996343442907573,1.0
regenerative_distribution,460,1,0,-1.0,49.307061044571626,0.09293028212480403,0.0
regenerative_distribution,461,1,0,-1.0,64.6199186019646,1.3379226501123587,1.0
regenerative_distribution,462,1,0,-1.0,53.26226219545778,0.46364663400075706,1.0
regenerative_distribution,463,1,0,-1.0,54.30560642076362,0.1331763514864906,0.0
regenerative_distribution,464,1,0,-1.0,60.50004249261364,1.6340697654219498,2.0
regenerative_distribution,465,1,0,-1.0,95.60851905314722,2.003368651337027,4.0
regenerative_distribution,466,1,0,-1.0,41.83488563940685,-0.076354181549377,0.0
regenerative_distribution,467,1,0,-1.0,59.81966126714776,-0.6230683675743661,1.0
regenerative_distribution,468,1,0,-1.0,61.73555404639653,0.8012189781419459,3.0
regenerative_distribution,469,1,0,-1.0,50.51374227247479,1.1011070545344301,0.0
regenerative_distribution,470,1,0,-1.0,46.23347680614953,0.7184137232391486,0.0
regenerative_distribution,471,1,0,-1.0,79.57735154738972,1.6464418065265711,2.0
regenerative_distribution,472,1,0,-1.0,101.35450375996017,2.406861729112867,5.0
regenerative_distribution,473,1,0,-1.0,133.0506551028754,1.634058676713303,4.0
regenerative_distribution,474,1,0,-1.0,55.154245837876765,0.6011527064268503,1.0
regenerative_distribution,475,1,0,-1.0,78.69318202029788,1.777173132052355,2.0
regenerative_distribution,476,1,0,-1.0,34.83050260613999,0.35284097898452077,0.0
regenerative_distribution,477,1,0,-1.0,31.135882225017426,0.17047119364061908,1.0
regenerative_distribution,478,1,0,-1.0,33.08532104129943,0.23407472319602482,0.0
regenerative_distribution,479,1,0,-1.0,107.02628625989847,2.8799276585948,3.0
regenerative_distribution,480,1,0,-1.0,56.556921896064765,1.8626025540869564,1.0
regenerative_distribution,481,1,0,-1.0,51.925870564870735,0.07299085041852345,1.0
regenerative_distribution,482,1,0,-1.0,63.00215798208288,1.446160457126366,3.0
regenerative_distribution,483,1,0,-1.0,40.68903824884526,0.7322127953388382,0.0
regenerative_distribution,484,1,0,-1.0,85.73750667265493,1.9612131532478687,2.0
regenerative_distribution,485,1,0,-1.0,72.80857126249411,1.6014083629000255,3.0
regenerative_distribution,486,1,0,-1.0,36.271435415407254,0.8755519075040157,0.0
regenerative_distribution,487,1,0,-1.0,117.8803586119614,2.0677535144990413,3.0
regenerative_distribution,488,1,0,-1.0,57.561748522828815,1.216475876198074,1.0
regenerative_distribution,489,1,0,-1.0,83.34384733173934,1.9206896286668806,3.0
regenerative_distribution,490,1,0,-1.0,48.624726501411345,0.24053008651320507,0.0
regenerative_distribution,491,1,0,-1.0,88.18439599635389,2.30113504823257,2.0
regenerative_distribution,492,1,0,-1.0,55.785361114274124,1.3336510033542042,0.0
regenerative_distribution,493,1,0,-1.0,74.75762780927425,1.8414892790172719,2.0
regenerative_distribution,494,1,0,-1.0,53.857668126964995,0.6900470622364292,1.0
regenerative_distribution,495,1,0,-1.0,81.12725449426352,1.3316214849483878,1.0
regenerative_distribution,496,1,0,-1.0,69.09192090742037,1.5066038267459156,3.0
regenerative_distribution,497,1,0,-1.0,53.93210337457219,0.37588270671094076,1.0
regenerative_distribution,498,1,0,-1.0,69.30403954686574,1.0367280954434213,1.0
regenerative_distribution,499,1,0,-1.0,70.94866048797576,0.4062508703971425,2.0
regenerative_distribution,500,1,0,-1.0,63.49534025227289,1.0601535193580582,1.0
regenerative_distribution,501,1,0,-1.0,85.85237504631012,1.6860154723893552,2.0
regenerative_distribution,502,1,0,-1.0,103.39350606856192,2.3110666868188234,3.0
regenerative_distribution,503,1,0,-1.0,83.58113291331517,0.9529597190527347,3.0
regenerative_distribution,504,1,0,-1.0,86.48823470128384,2.312540043377365,4.0
regenerative_distribution,505,1,0,-1.0,95.98403840720206,1.8647189151296508,3.0
regenerative_distribution,506,1,0,-1.0,45.224167763171224,0.12470947191386324,1.0
regenerative_distribution,507,1,0,-1.0,59.872823355194576,0.5125533377292782,1.0
regenerative_distribution,508,1,0,-1.0,85.51808999077176,1.2834693485433244,2.0
regenerative_distribution,509,1,0,-1.0,85.54367567156429,0.28991664482691987,1.0
regenerative_distribution,510,1,0,-1.0,80.25378383987913,1.0220358556869755,2.0
regenerative_distribution,511,1,0,-1.0,39.63962282611292,0.9588332979442048,0.0
regenerative_distribution,512,1,0,-1.0,107.443243691194,2.4717271141245734,5.0
regenerative_distribution,513,1,0,-1.0,74.02453369533472,1.2631206535152801,1.0
regenerative_distribution,514,1,0,-1.0,90.71704962962708,3.4526903742743573,2.0
regenerative_distribution,515,1,0,-1.0,54.82466433463564,1.0051477086261176,0.0
regenerative_distribution,516,1,0,-1.0,48.07787004978383,0.9906183288744456,0.0
regenerative_distribution,517,1,0,-1.0,53.248911484939214,0.8688142164136702,1.0
regenerative_distribution,518,1,0,-1.0,95.04516651780467,1.239206512637579,3.0
regenerative_distribution,519,1,0,-1.0,52.377488955074355,1.3372777878043474,1.0
regenerative_distribution,520,1,0,-1.0,64.97988017942366,0.7990368110471522,1.0
regenerative_distribution,521,1,0,-1.0,62.08574719972971,0.7658137976134266,2.0
regenerative_distribution,522,1,0,-1.0,79.83200110392293,1.8252141210661967,4.0
regenerative_distribution,523,1,0,-1.0,35.66426892451072,0.8296842526612589,0.0
regenerative_distribution,524,1,0,-1.0,51.31189173983566,-0.28686021165769543,1.0
regenerative_distribution,525,1,0,-1.0,33.508649265185966,-0.49529370882187873,1.0
regenerative_distribution,526,1,0,-1.0,81.68080594568244,1.3571279439491932,2.0
regenerative_distribution,527,1,0,-1.0,50.909262524893066,1.20522946832666,1.0
regenerative_distribution,528,1,0,-1.0,63.748917670133984,0.6162407306449701,1.0
regenerative_distribution,529,1,0,-1.0,74.83975493962976,1.6221010019567155,2.0
regenerative_distribution,530,1,0,-1.0,64.44377851463074,1.2363978958556272,1.0
regenerative_distribution,531,1,0,-1.0,84.12226526404234,1.5771345838518855,3.0
regenerative_distribution,532,1,0,-1.0,66.8353459159546,2.4652585260143063,2.0
regenerative_distribution,533,1,0,-1.0,42.881849524865984,0.5463490801119587,0.0
regenerative_distribution,534,1,0,-1.0,73.55054465648209,1.599765195610492,2.0
regenerative_distribution,535,1,0,-1.0,35.86087996106103,0.41957481708976646,0.0
regenerative_distribution,536,1,0,-1.0,93.36584790664651,2.18029332035695,2.0
regenerative_distribution,537,1,0,-1.0,95.96522208102975,3.2846776546751544,4.0
regenerative_distribution,538,1,0,-1.0,35.302026487376374,-0.15765524801095993,0.0
regenerative_distribution,539,1,0,-1.0,39.04964747020677,-0.219132194628575,0.0
regenerative_distribution,540,1,0,-1.0,91.02665398921889,2.291638228934464,3.0
regenerative_distribution,541,1,0,-1.0,48.44457269407597,0.8005696856310115,2.0
regenerative_distribution,542,1,0,-1.0,96.69680777771441,1.616811013149851,3.0
regenerative_distribution,543,1,0,-1.0,98.86410161487437,1.9867991821273185,3.0
regenerative_distribution,544,1,0,-1.0,63.36949989456161,1.6917385720929443,1.0
regenerative_distribution,545,1,0,-1.0,75.42035353739655,2.79547396326881,3.0
regenerative_distribution,546,1,0,-1.0,55.696144286335624,-0.5551050306735006,1.0
regenerative_distribution,547,1,0,-1.0,65.98592888066396,1.585093348212266,2.0
regenerative_distribution,548,1,0,-1.0,38.420584820056774,0.35271053776980793,0.0
regenerative_distribution,549,1,0,-1.0,63.953472752506904,-0.4492902597642116,2.0
regenerative_distribution,550,1,0,-1.0,71.22064252219414,1.76202868055725,2.0
regenerative_distribution,551,1,0,-1.0,51.542826524602944,-0.10023838803007461,1.0
regenerative_distribution,552,1,0,-1.0,92.28037278705249,1.441490464328614,2.0
regenerative_distribution,553,1,0,-1.0,72.88478295602394,2.363900289909154,2.0
regenerative_distribution,554,1,0,-1.0,80.30501381692595,1.7821450583051117,2.0
regenerative_distribution,555,1,0,-1.0,59.54850829328582,0.6621362431459435,1.0
regenerative_distribution,556,1,0,-1.0,67.61568242073312,1.7956987187483708,3.0
regenerative_distribution,557,1,0,-1.0,37.17450043147494,-0.12724647464766045,0.0
regenerative_distribution,558,1,0,-1.0,100.81366785946454,2.4041572523656805,3.0
regenerative_distribution,559,1,0,-1.0,45.67753227399701,-0.0004135449034175946,1.0
regenerative_distribution,560,1,0,-1.0,89.11790501361939,1.4303268305050452,3.0
regenerative_distribution,561,1,0,-1.0,51.283064019765,1.0235336842902485,1.0
regenerative_distribution,562,1,0,-1.0,71.02210386763507,0.9557977175274738,2.0
regenerative_distribution,563,1,0,-1.0,52.02462335497409,0.819157727367629,0.0
regenerative_distribution,564,1,0,-1.0,34.95790834952102,0.7320853436508841,0.0
regenerative_distribution,565,1,0,-1.0,73.35482666844723,0.3861964138266829,1.0
regenerative_distribution,566,1,0,-1.0,74.56014544603069,0.5703972451170758,1.0
regenerative_distribution,567,1,0,-1.0,72.92764925166412,0.3503554043318909,3.0
regenerative_distribution,568,1,0,-1.0,45.38735358851439,0.019809646702646136,1.0
regenerative_distribution,569,1,0,-1.0,42.44488170345458,0.08173285680715014,0.0
regenerative_distribution,570,1,0,-1.0,74.98132164552113,1.431848689539591,2.0
regenerative_distribution,571,1,0,-1.0,62.23559802792075,0.32944870914033186,1.0
regenerative_distribution,572,1,0,-1.0,44.55006712662216,-0.18433351051705588,1.0
regenerative_distribution,573,1,0,-1.0,43.33982828182351,0.11284043720482147,1.0
regenerative_distribution,574,1,0,-1.0,73.68976463913812,0.38742166045291787,1.0
regenerative_distribution,575,1,0,-1.0,24.47151352867335,-0.4444596934474621,0.0
regenerative_distribution,576,1,0,-1.0,65.57828989364297,1.854424351023344,0.0
regenerative_distribution,577,1,0,-1.0,46.37079182629732,-0.3617841945943521,0.0
regenerative_distribution,578,1,0,-1.0,43.90149252349044,0.224833935398565,1.0
regenerative_distribution,579,1,0,-1.0,76.66837575537862,2.1527417504479676,1.0
regenerative_distribution,580,1,0,-1.0,69.50868950052231,1.307257200373663,2.0
regenerative_distribution,581,1,0,-1.0,32.71991074832612,0.8835866871135148,0.0
regenerative_distribution,582,1,0,-1.0,75.84334189050439,0.6144735025220103,2.0
regenerative_distribution,583,1,0,-1.0,74.04058996739887,1.9150810964600191,1.0
regenerative_distribution,584,1,0,-1.0,69.76093974755904,2.499440947785987,1.0
regenerative_distribution,585,1,0,-1.0,69.14246232929035,1.35053861238633,2.0
regenerative_distribution,586,1,0,-1.0,49.83413122208798,0.6990951907704522,0.0
regenerative_distribution,587,1,0,-1.0,41.26606436290874,0.5898980234556574,2.0
regenerative_distribution,588,1,0,-1.0,89.0092040074221,2.336348983026514,2.0
regenerative_distribution,589,1,0,-1.0,73.1457242177732,1.3277182830722878,2.0
regenerative_distribution,590,1,0,-1.0,38.98332960329033,1.2917455205591906,1.0
regenerative_distribution,591,1,0,-1.0,73.45564165100956,2.0931689608894852,2.0
regenerative_distribution,592,1,0,-1.0,47.78308291188316,0.4126541394644456,0.0
regenerative_distribution,593,1,0,-1.0,53.73908886542326,1.3257972213245632,0.0
regenerative_distribution,594,1,0,-1.0,76.92319458068125,0.6573339249218292,1.0
regenerative_distribution,595,1,0,-1.0,54.465810229872154,0.6822159487982786,1.0
regenerative_distribution,596,1,0,-1.0,50.65000002464588,-0.24351886531915404,0.0
regenerative_distribution,597,1,0,-1.0,97.4591119777274,1.95475583437981,4.0
regenerative_distribution,598,1,0,-1.0,94.66203025517926,2.004065886716607,5.0
regenerative_distribution,599,1,0,-1.0,64.02792740788328,0.858762455642587,2.0
regenerative_distribution,600,1,0,-1.0,75.6948462647502,0.48714755362011974,3.0
regenerative_distribution,601,1,0,-1.0,87.24166100194566,1.585135411875702,3.0
regenerative_distribution,602,1,0,-1.0,44.78718509358604,0.024917521899489276,0.0
regenerative_distribution,603,1,0,-1.0,73.91203776461833,1.0985142812940043,1.0
regenerative_distribution,604,1,0,-1.0,73.83468144240807,0.705283712649962,2.0
regenerative_distribution,605,1,0,-1.0,63.65542391259679,0.7258474731837117,1.0
regenerative_distribution,606,1,0,-1.0,60.801695160162375,0.3956206651350857,1.0
regenerative_distribution,607,1,0,-1.0,55.250644553835166,0.6957213956325091,1.0
regenerative_distribution,608,1,0,-1.0,43.028500654281856,-0.6330161906870009,1.0
regenerative_distribution,609,1,0,-1.0,100.18786776803009,2.1959759539569745,4.0
regenerative_distribution,610,1,0,-1.0,61.28163314423661,0.8226282264574121,0.0
regenerative_distribution,611,1,0,-1.0,47.18171724331661,0.5950692513086655,1.0
regenerative_distribution,612,1,0,-1.0,75.56678126081962,0.9423852863497495,2.0
regenerative_distribution,613,1,0,-1.0,80.69532285665197,1.051470009315817,2.0
regenerative_distribution,614,1,0,-1.0,72.53082956510647,2.0962013949947678,2.0
regenerative_distribution,615,1,0,-1.0,26.635274860264847,-0.46345185036493897,0.0
regenerative_distribution,616,1,0,-1.0,41.04395932930434,-0.44095487610504114,1.0
regenerative_distribution,617,1,0,-1.0,73.42321711678959,1.43657404546181,2.0
regenerative_distribution,618,1,0,-1.0,96.52902972758218,1.9055874490312783,4.0
regenerative_distribution,619,1,0,-1.0,71.67166195230516,1.2151022519252428,1.0
regenerative_distribution,620,1,0,-1.0,35.906836130529356,-0.7038127938491053,0.0
regenerative_distribution,621,1,0,-1.0,59.48502480826495,1.0194868781435205,2.0
regenerative_distribution,622,1,0,-1.0,81.98306666032018,1.9746539248255492,4.0
regenerative_distribution,623,1,0,-1.0,71.0276953198365,0.5820484087573293,1.0
regenerative_distribution,624,1,0,-1.0,29.9692618356349,0.2120048682845038,0.0
regenerative_distribution,625,1,0,-1.0,117.51843675522309,2.980567596657882,4.0
regenerative_distribution,626,1,0,-1.0,41.48746173906048,0.43394350174262203,0.0
regenerative_distribution,627,1,0,-1.0,51.2531392130711,0.5346489818147571,1.0
regenerative_distribution,628,1,0,-1.0,89.30170472629143,2.5869108872071025,4.0
regenerative_distribution,629,1,0,-1.0,48.969219560875175,0.17680964912780905,0.0
regenerative_distribution,630,1,0,-1.0,42.99586062080637,-0.1746104853558519,0.0
regenerative_distribution,631,1,0,-1.0,43.012829231895516,1.1226717146204581,1.0
regenerative_distribution,632,1,0,-1.0,40.16143875162076,0.27522807256398,1.0
regenerative_distribution,633,1,0,-1.0,69.79282899944809,0.8969350120892066,1.0
regenerative_distribution,634,1,0,-1.0,55.206431482902296,0.3563729123337521,2.0
regenerative_distribution,635,1,0,-1.0,117.93762862386949,2.280047846259028,3.0
regenerative_distribution,636,1,0,-1.0,40.93161243219072,1.1579620183715869,0.0
regenerative_distribution,637,1,0,-1.0,44.790773245912085,0.5875922215463907,0.0
regenerative_distribution,638,1,0,-1.0,85.29905939523198,1.7081928508859068,1.0
regenerative_distribution,639,1,0,-1.0,59.85576995300312,1.294294957558485,1.0
regenerative_distribution,640,1,0,-1.0,93.12705267287964,2.2612592881197626,2.0
regenerative_distribution,641,1,0,-1.0,78.93666283791478,1.566880747924113,3.0
regenerative_distribution,642,1,0,-1.0,61.14796570140585,1.2694445950436917,1.0
regenerative_distribution,643,1,0,-1.0,92.76697844217888,1.6792498877712445,2.0
regenerative_distribution,644,1,0,-1.0,80.33819575376626,1.0242016262032976,2.0
regenerative_distribution,645,1,0,-1.0,78.80297128337959,1.5272799687147725,2.0
regenerative_distribution,646,1,0,-1.0,84.23403554768448,2.403574009307265,2.0
regenerative_distribution,647,1,0,-1.0,40.21513935414113,0.19463504954613478,1.0
regenerative_distribution,648,1,0,-1.0,62.75395071707116,0.37416464271804317,1.0
regenerative_distribution,649,1,0,-1.0,79.14345537662852,1.5625288938450312,2.0
regenerative_distribution,650,1,0,-1.0,86.76420907851782,1.6242323128445009,3.0
regenerative_distribution,651,1,0,-1.0,60.52121095921582,0.33707200126932446,2.0
regenerative_distribution,652,1,0,-1.0,62.323844720272845,1.9068976317587978,1.0
regenerative_distribution,653,1,0,-1.0,45.29370351915399,0.8110286341028491,0.0
regenerative_distribution,654,1,0,-1.0,60.6664209955231,0.1948661188905048,2.0
regenerative_distribution,655,1,0,-1.0,64.76646937834113,1.500573578770806,2.0
regenerative_distribution,656,1,0,-1.0,53.07603480172197,0.14373360608724076,1.0
regenerative_distribution,657,1,0,-1.0,40.276361750670034,0.2718622740736516,0.0
regenerative_distribution,658,1,0,-1.0,71.08984023529634,1.3063708971933141,1.0
regenerative_distribution,659,1,0,-1.0,66.69846088728883,1.9052813831723567,2.0
regenerative_distribution,660,1,0,-1.0,54.082413062756146,1.2434051960650194,1.0
regenerative_distribution,661,1,0,-1.0,60.05853632113373,0.5956153262795593,1.0
regenerative_distribution,662,1,0,-1.0,90.28460840355358,1.145638820767819,4.0
regenerative_distribution,663,1,0,-1.0,70.50401559870635,1.4779854778382666,1.0
regenerative_distribution,664,1,0,-1.0,79.89911163511083,1.5032425812686452,3.0
regenerative_distribution,665,1,0,-1.0,79.40863365448281,1.5243802964462259,2.0
regenerative_distribution,666,1,0,-1.0,34.955250716886454,0.49519638257222426,0.0
regenerative_distribution,667,1,0,-1.0,48.22238803343025,0.5328948043387925,0.0
regenerative_distribution,668,1,0,-1.0,36.44367339337481,0.44331617076150037,0.0
regenerative_distribution,669,1,0,-1.0,73.9862000549777,1.4073725813390103,3.0
regenerative_distribution,670,1,0,-1.0,55.37371553456454,1.1270064800065982,0.0
regenerative_distribution,671,1,0,-1.0,55.00982266282035,0.6425394278702532,0.0
regenerative_distribution,672,1,0,-1.0,55.38345414853283,0.1592414029408468,0.0
regenerative_distribution,673,1,0,-1.0,35.93389252144843,-0.5270007082801023,0.0
regenerative_distribution,674,1,0,-1.0,49.69970746616625,0.9482291492669189,2.0
regenerative_distribution,675,1,0,-1.0,52.93588303759449,0.570425219939575,1.0
regenerative_distribution,676,1,0,-1.0,86.32419263969507,2.0066824888891204,3.0
regenerative_distribution,677,1,0,-1.0,62.79447809633693,0.895449009121117,2.0
regenerative_distribution,678,1,0,-1.0,42.41200762373129,0.7625224251506135,1.0
regenerative_distribution,679,1,0,-1.0,71.61961457323748,1.3759676646329109,2.0
regenerative_distribution,680,1,0,-1.0,45.38115061656022,0.17805923253909947,0.0
regenerative_distribution,681,1,0,-1.0,59.00614286555876,0.5851837409200773,1.0
regenerative_distribution,682,1,0,-1.0,57.68529648547373,1.662861683859027,1.0
regenerative_distribution,683,1,0,-1.0,60.906825172029265,1.2230937856607467,1.0
regenerative_distribution,684,1,0,-1.0,53.83336801444541,0.0986345145219955,1.0
regenerative_distribution,685,1,0,-1.0,87.58202043365567,0.22652024042399221,2.0
regenerative_distribution,686,1,0,-1.0,51.46331528741851,1.1348055328873978,1.0
regenerative_distribution,687,1,0,-1.0,107.0365403705567,2.0446685964048594,3.0
regenerative_distribution,688,1,0,-1.0,47.340870532780976,0.1882104301512802,0.0
regenerative_distribution,689,1,0,-1.0,106.77234830325833,2.033565159389714,3.0
regenerative_distribution,690,1,0,-1.0,97.995241310187,1.2729843496598507,2.0
regenerative_distribution,691,1,0,-1.0,68.53685609627874,1.6494883795095243,1.0
regenerative_distribution,692,1,0,-1.0,51.181683560423544,1.2505949930972908,1.0
regenerative_distribution,693,1,0,-1.0,60.50707766604238,0.5436747137785376,2.0
regenerative_distribution,694,1,0,-1.0,56.62293441915669,0.42603957261367686,1.0
regenerative_distribution,695,1,0,-1.0,74.20181430519474,-0.29377307298955024,2.0
regenerative_distribution,696,1,0,-1.0,60.879211057815084,1.1648598214308494,1.0
regenerative_distribution,697,1,0,-1.0,64.07271303407346,1.7193850071415557,2.0
regenerative_distribution,698,1,0,-1.0,75.24724512038671,1.7633826571154456,1.0
regenerative_distribution,699,1,0,-1.0,74.82342678993976,1.4754292502731055,2.0
regenerative_distribution,700,1,0,-1.0,58.90388213360158,1.0494495187684563,1.0
regenerative_distribution,701,1,0,-1.0,66.4392227306803,1.2308806602721314,1.0
regenerative_distribution,702,1,0,-1.0,59.43180905148064,1.5155454468059977,1.0
regenerative_distribution,703,1,0,-1.0,28.50678590781642,1.4107566736734494,0.0
regenerative_distribution,704,1,0,-1.0,27.819880084335335,-0.49174844678700763,0.0
regenerative_distribution,705,1,0,-1.0,34.06827210900295,0.508617426970135,0.0
regenerative_distribution,706,1,0,-1.0,79.63653707656854,1.7924556367086326,2.0
regenerative_distribution,707,1,0,-1.0,63.83499316420815,0.9026948345042494,2.0
regenerative_distribution,708,1,0,-1.0,57.00509141795147,1.1196218151631672,1.0
regenerative_distribution,709,1,0,-1.0,91.77012214154051,1.389283350665216,2.0
regenerative_distribution,710,1,0,-1.0,70.38826206926294,0.7534278680589422,2.0
regenerative_distribution,711,1,0,-1.0,49.94625806817751,0.07674246340189333,0.0
regenerative_distribution,712,1,0,-1.0,57.759763388976396,0.5820865092600378,2.0
regenerative_distribution,713,1,0,-1.0,50.019424572120016,0.2769879827626222,1.0
regenerative_distribution,714,1,0,-1.0,92.37743068591043,1.0861992701935208,1.0
regenerative_distribution,715,1,0,-1.0,55.065493712299165,1.2802577993166822,1.0
regenerative_distribution,716,1,0,-1.0,50.60566067345484,0.3490773058959081,1.0
regenerative_distribution,717,1,0,-1.0,66.79316036431568,0.43170915688418826,1.0
regenerative_distribution,718,1,0,-1.0,96.27483336100815,0.251432184224143,2.0
regenerative_distribution,719,1,0,-1.0,38.38706236709093,0.5099320949172297,0.0
regenerative_distribution,720,1,0,-1.0,39.89790243443332,0.49108833992455014,0.0
regenerative_distribution,721,1,0,-1.0,61.04603483946376,1.1393792255194166,1.0
regenerative_distribution,722,1,0,-1.0,61.41194020968457,1.4738277928957142,1.0
regenerative_distribution,723,1,0,-1.0,42.394130356749436,0.0485829752799933,1.0
regenerative_distribution,724,1,0,-1.0,57.80667108920044,0.6242740441080978,2.0
regenerative_distribution,725,1,0,-1.0,40.263450763964066,0.400669498514293,1.0
regenerative_distribution,726,1,0,-1.0,76.3957061949128,1.5538500056248585,2.0
regenerative_distribution,727,1,0,-1.0,44.40036839592337,1.0859137854752696,1.0
regenerative_distribution,728,1,0,-1.0,68.99279663287562,1.6307477216544726,1.0
regenerative_distribution,729,1,0,-1.0,59.19174468547388,0.942605617329741,2.0
regenerative_distribution,730,1,0,-1.0,83.61251692409799,2.014076444782179,3.0
regenerative_distribution,731,1,0,-1.0,89.13824785016693,1.8699851402207432,1.0
regenerative_distribution,732,1,0,-1.0,55.671150287079044,2.0361371525802268,2.0
regenerative_distribution,733,1,0,-1.0,84.42608006662759,1.8663110660514417,3.0
regenerative_distribution,734,1,0,-1.0,64.9198194924787,0.9296760370405774,1.0
regenerative_distribution,735,1,0,-1.0,52.48564072781825,0.8196768618353113,1.0
regenerative_distribution,736,1,0,-1.0,75.44775407232274,1.0586373389646273,3.0
regenerative_distribution,737,1,0,-1.0,62.64459125868477,0.6661575270725656,1.0
regenerative_distribution,738,1,0,-1.0,54.943464503731846,1.3096936494823614,2.0
regenerative_distribution,739,1,0,-1.0,91.881015202692,2.481436314046713,3.0
regenerative_distribution,740,1,0,-1.0,72.34394028708742,0.4484190182945892,3.0
regenerative_distribution,741,1,0,-1.0,65.0761459580399,1.13879996909694,2.0
regenerative_distribution,742,1,0,-1.0,82.13581317184992,1.035524096547735,2.0
regenerative_distribution,743,1,0,-1.0,61.5502834004732,0.6597757164758465,1.0
regenerative_distribution,744,1,0,-1.0,60.82227259871787,1.1112841049632403,2.0
regenerative_distribution,745,1,0,-1.0,83.42578110893984,1.3216862476515132,2.0
regenerative_distribution,746,1,0,-1.0,99.73115974109378,1.823190807593971,3.0
regenerative_distribution,747,1,0,-1.0,98.47190033931945,2.0151888466261134,2.0
regenerative_distribution,748,1,0,-1.0,63.851876172658955,1.660637320873287,2.0
regenerative_distribution,749,1,0,-1.0,48.20977853058181,0.4136403710214368,1.0
regenerative_distribution,750,1,0,-1.0,58.547682592553556,1.420034575263686,0.0
regenerative_distribution,751,1,0,-1.0,55.400973956939225,0.4864618243720673,0.0
regenerative_distribution,752,1,0,-1.0,52.891836507456716,1.068960333997353,1.0
regenerative_distribution,753,1,0,-1.0,82.54527717362674,1.9611243608886968,2.0
regenerative_distribution,754,1,0,-1.0,73.4216644233249,0.9827483297278615,2.0
regenerative_distribution,755,1,0,-1.0,58.73758856828966,1.475111720607135,0.0
regenerative_distribution,756,1,0,-1.0,83.57727545468137,1.8820415572326932,3.0
regenerative_distribution,757,1,0,-1.0,74.50521150340215,1.9974401740223555,1.0
regenerative_distribution,758,1,0,-1.0,57.80760039232439,1.344377970987645,2.0
regenerative_distribution,759,1,0,-1.0,45.74267368481546,0.30612561710276714,1.0
regenerative_distribution,760,1,0,-1.0,84.17926857635581,2.3493727792771177,2.0
regenerative_distribution,761,1,0,-1.0,75.05772165889499,1.1746355626827751,2.0
regenerative_distribution,762,1,0,-1.0,59.40212179807287,1.807765062134868,2.0
regenerative_distribution,763,1,0,-1.0,88.98023958373591,1.5409601285162071,3.0
regenerative_distribution,764,1,0,-1.0,75.06739308449814,1.1249379619497375,3.0
regenerative_distribution,765,1,0,-1.0,55.15317172246396,0.4788249702432466,2.0
regenerative_distribution,766,1,0,-1.0,42.12110128688874,0.34271743642084773,0.0
regenerative_distribution,767,1,0,-1.0,73.92618019979267,1.4612655457172987,1.0
regenerative_distribution,768,1,0,-1.0,89.06828515078082,2.109431451996474,4.0
regenerative_distribution,769,1,0,-1.0,52.07215033278385,1.0919874117234603,1.0
regenerative_distribution,770,1,0,-1.0,13.605654189137091,0.07981397613135544,0.0
regenerative_distribution,771,1,0,-1.0,41.22901627555007,0.9198146393723071,0.0
regenerative_distribution,772,1,0,-1.0,42.22437085827749,-0.4067949449938492,0.0
regenerative_distribution,773,1,0,-1.0,68.52761231934058,0.786855803020586,2.0
regenerative_distribution,774,1,0,-1.0,112.76719252051632,1.7928948522985484,3.0
regenerative_distribution,775,1,0,-1.0,38.61116839765477,0.1909637435806413,1.0
regenerative_distribution,776,1,0,-1.0,83.32308310857141,1.691831885317493,2.0
regenerative_distribution,777,1,0,-1.0,100.14933415900751,3.2163691682785824,4.0
regenerative_distribution,778,1,0,-1.0,72.99049421923044,1.3098083906199744,2.0
regenerative_distribution,779,1,0,-1.0,76.35796894028611,2.023298907599835,1.0
regenerative_distribution,780,1,0,-1.0,68.58433046328072,1.2575142113821032,2.0
regenerative_distribution,781,1,0,-1.0,40.221940397088034,0.905231828798537,1.0
regenerative_distribution,782,1,0,-1.0,88.6383087434758,2.076127005202023,2.0
regenerative_distribution,783,1,0,-1.0,37.22550495906565,0.07648629944185904,0.0
regenerative_distribution,784,1,0,-1.0,37.37376619103213,-0.2260775936771687,0.0
regenerative_distribution,785,1,0,-1.0,55.92708488330126,0.2955990981455665,0.0
regenerative_distribution,786,1,0,-1.0,37.49532884176639,-0.5751648767673999,0.0
regenerative_distribution,787,1,0,-1.0,101.67293015703447,3.237098501625572,3.0
regenerative_distribution,788,1,0,-1.0,71.68404671431196,0.8263521496109575,2.0
regenerative_distribution,789,1,0,-1.0,55.964668228302685,-0.09995724093631556,1.0
regenerative_distribution,790,1,0,-1.0,58.40134772496818,1.4522853388448842,1.0
regenerative_distribution,791,1,0,-1.0,61.68591178091134,0.5629620013712539,2.0
regenerative_distribution,792,1,0,-1.0,83.2718682430662,0.937161716747288,2.0
regenerative_distribution,793,1,0,-1.0,48.90718160491376,0.9164421260559655,1.0
regenerative_distribution,794,1,0,-1.0,60.24850109317267,1.412840500064951,1.0
regenerative_distribution,795,1,0,-1.0,27.131799187585464,0.10622252550038391,1.0
regenerative_distribution,796,1,0,-1.0,89.7945049145881,2.1387719324380474,3.0
regenerative_distribution,797,1,0,-1.0,48.151715134618215,0.8996615269178478,1.0
regenerative_distribution,798,1,0,-1.0,64.08804907477197,1.5900932640674268,0.0
regenerative_distribution,799,1,0,-1.0,77.04224040309991,2.1497721058775325,2.0
regenerative_distribution,800,1,0,-1.0,79.90625842700999,0.8600444873333131,1.0
regenerative_distribution,801,1,0,-1.0,64.14447511338882,1.34395369350914,3.0
regenerative_distribution,802,1,0,-1.0,82.14857561416106,1.4870922105665487,1.0
regenerative_distribution,803,1,0,-1.0,34.683759851075884,0.7515393423679909,1.0
regenerative_distribution,804,1,0,-1.0,76.05105353857365,1.5685760812217688,2.0
regenerative_distribution,805,1,0,-1.0,115.56680602444033,3.1732161085554464,3.0
regenerative_distribution,806,1,0,-1.0,50.284298628228925,0.4095074604887614,1.0
regenerative_distribution,807,1,0,-1.0,48.62237442209294,0.21980933030206734,1.0
regenerative_distribution,808,1,0,-1.0,62.10069555159414,1.5187043968347618,2.0
regenerative_distribution,809,1,0,-1.0,58.1673090117886,0.9806926707442741,0.0
regenerative_distribution,810,1,0,-1.0,78.09736912158836,1.6852453286534927,3.0
regenerative_distribution,811,1,0,-1.0,71.44642738103822,1.351263205868638,2.0
regenerative_distribution,812,1,0,-1.0,70.38921415645606,1.1940634042697678,0.0
regenerative_distribution,813,1,0,-1.0,68.88533422201992,1.3231726671880824,2.0
regenerative_distribution,814,1,0,-1.0,69.9136265908999,0.9636772686651653,1.0
regenerative_distribution,815,1,0,-1.0,42.78353756151742,-0.1908557619416427,0.0
regenerative_distribution,816,1,0,-1.0,79.10449593942128,0.8703749047590096,1.0
regenerative_distribution,817,1,0,-1.0,53.5552898473702,1.1000526833155846,0.0
regenerative_distribution,818,1,0,-1.0,71.10750776841667,1.2990149856513233,1.0
regenerative_distribution,819,1,0,-1.0,73.65567797958151,1.9436832370051553,2.0
regenerative_distribution,820,1,0,-1.0,64.88528715442654,0.6541399611362945,1.0
regenerative_distribution,821,1,0,-1.0,90.77555885701273,1.9151293233338638,4.0
regenerative_distribution,822,1,0,-1.0,45.93425042518463,0.4623785308197964,1.0
regenerative_distribution,823,1,0,-1.0,104.66473051275838,1.5262188998625654,4.0
regenerative_distribution,824,1,0,-1.0,39.87294958249225,-0.3345171927183115,0.0
regenerative_distribution,825,1,0,-1.0,53.7840170256948,0.748886095399836,1.0
regenerative_distribution,826,1,0,-1.0,64.02497869542624,0.7145263602733343,1.0
regenerative_distribution,827,1,0,-1.0,65.25662553206875,1.5823213235554447,1.0
regenerative_distribution,828,1,0,-1.0,81.6265332973481,1.3358836241674397,2.0
regenerative_distribution,829,1,0,-1.0,55.107177483619445,1.1949245702139097,0.0
regenerative_distribution,830,1,0,-1.0,50.46277135935833,-0.19189245126602478,2.0
regenerative_distribution,831,1,0,-1.0,89.64392773625644,1.8993127844408848,2.0
regenerative_distribution,832,1,0,-1.0,72.01815962557748,1.6907155841069132,2.0
regenerative_distribution,833,1,0,-1.0,76.77297882636041,0.5722984743010562,1.0
regenerative_distribution,834,1,0,-1.0,44.61613110754072,1.3877309771872977,0.0
regenerative_distribution,835,1,0,-1.0,90.79861144098955,2.0543695566378557,3.0
regenerative_distribution,836,1,0,-1.0,103.0636765810453,2.083117485947927,4.0
regenerative_distribution,837,1,0,-1.0,48.91493846812297,0.6707905422926449,0.0
regenerative_distribution,838,1,0,-1.0,54.13835860897788,-0.052135665745013486,1.0
regenerative_distribution,839,1,0,-1.0,41.27186786874758,0.9702712025541692,0.0
regenerative_distribution,840,1,0,-1.0,40.238704418522765,0.564933970440636,1.0
regenerative_distribution,841,1,0,-1.0,54.14850674638409,1.7552700785536428,1.0
regenerative_distribution,842,1,0,-1.0,77.62124445415176,2.989597997764782,1.0
regenerative_distribution,843,1,0,-1.0,59.082208691786796,0.47773990746090694,2.0
regenerative_distribution,844,1,0,-1.0,63.453287790840136,1.0680404760400373,2.0
regenerative_distribution,845,1,0,-1.0,46.98574909718427,0.5204620628021281,0.0
regenerative_distribution,846,1,0,-1.0,34.13093367933008,-0.9681994778101299,0.0
regenerative_distribution,847,1,0,-1.0,71.87077091544765,1.1232242368520202,2.0
regenerative_distribution,848,1,0,-1.0,79.12787332025678,1.36479000445704,2.0
regenerative_distribution,849,1,0,-1.0,82.93952918868062,0.8677470248601625,1.0
regenerative_distribution,850,1,0,-1.0,60.91170886554904,0.9051652660337629,1.0
regenerative_distribution,851,1,0,-1.0,56.70926458271137,-0.18619518096198331,1.0
regenerative_distribution,852,1,0,-1.0,57.417179575130625,0.8836897205150798,1.0
regenerative_distribution,853,1,0,-1.0,55.21483510764744,0.5454718177283879,2.0
regenerative_distribution,854,1,0,-1.0,67.29282093721875,-0.7786722430598044,0.0
regenerative_distribution,855,1,0,-1.0,62.06512627958847,0.4247027234709452,1.0
regenerative_distribution,856,1,0,-1.0,86.98493843033243,1.950100681441187,3.0
regenerative_distribution,857,1,0,-1.0,79.007209544045,1.2173787806677663,2.0
regenerative_distribution,858,1,0,-1.0,26.13872816654814,0.2033860105109915,0.0
regenerative_distribution,859,1,0,-1.0,52.53193868853677,0.9561483050767905,2.0
regenerative_distribution,860,1,0,-1.0,43.86450688614397,-0.4803845567436206,1.0
regenerative_distribution,861,1,0,-1.0,42.533867778610535,0.484469547812129,1.0
regenerative_distribution,862,1,0,-1.0,46.732200403220205,-0.05020955507829039,0.0
regenerative_distribution,863,1,0,-1.0,93.88009398568343,1.77777834478273,3.0
regenerative_distribution,864,1,0,-1.0,62.172673894241534,0.9197424843891883,0.0
regenerative_distribution,865,1,0,-1.0,56.97552584913042,1.4719090639380863,0.0
regenerative_distribution,866,1,0,-1.0,88.427582687621,2.995981086476166,2.0
regenerative_distribution,867,1,0,-1.0,53.58443303777542,0.6918574787804233,1.0
regenerative_distribution,868,1,0,-1.0,41.86283824370604,1.139394521620242,1.0
regenerative_distribution,869,1,0,-1.0,39.42310788579648,-0.12550815378679403,0.0
regenerative_distribution,870,1,0,-1.0,54.208701385322975,0.9687348889204416,1.0
regenerative_distribution,871,1,0,-1.0,46.09816251513257,0.22328424712246475,1.0
regenerative_distribution,872,1,0,-1.0,73.0510574941044,1.1091672840730655,0.0
regenerative_distribution,873,1,0,-1.0,50.09801871152902,1.3546932953850397,1.0
regenerative_distribution,874,1,0,-1.0,42.37081764172831,0.08945358455766168,1.0
regenerative_distribution,875,1,0,-1.0,82.89665945646324,1.929388934790088,3.0
regenerative_distribution,876,1,0,-1.0,45.97748909912371,0.3090652763656986,1.0
regenerative_distribution,877,1,0,-1.0,85.03777500617515,2.136151436008559,3.0
regenerative_distribution,878,1,0,-1.0,56.2000313837477,0.9796822299594246,1.0
regenerative_distribution,879,1,0,-1.0,72.70733974464616,0.7846577045732968,2.0
regenerative_distribution,880,1,0,-1.0,74.77178665220727,1.3322526397412604,4.0
regenerative_distribution,881,1,0,-1.0,108.0158472972752,1.7039699518072482,3.0
regenerative_distribution,882,1,0,-1.0,57.30647378966181,0.6731698354244334,2.0
regenerative_distribution,883,1,0,-1.0,46.24501168264726,1.085110119256245,1.0
regenerative_distribution,884,1,0,-1.0,49.46123601957007,0.7545136928151432,1.0
regenerative_distribution,885,1,0,-1.0,64.13577790976498,1.6931749307704667,1.0
regenerative_distribution,886,1,0,-1.0,52.81349374618158,1.2679159255319827,0.0
regenerative_distribution,887,1,0,-1.0,63.11270720927942,-0.4640571390663942,1.0
regenerative_distribution,888,1,0,-1.0,75.12202003399555,2.3356283312315074,3.0
regenerative_distribution,889,1,0,-1.0,81.4157729678185,1.8838314996760919,2.0
regenerative_distribution,890,1,0,-1.0,62.02650252151341,1.2754220201030584,1.0
regenerative_distribution,891,1,0,-1.0,91.38442158174239,2.8634569961896297,1.0
regenerative_distribution,892,1,0,-1.0,70.10647267371958,0.9652860570064553,1.0
regenerative_distribution,893,1,0,-1.0,44.23358416579346,0.47065346668189606,0.0
regenerative_distribution,894,1,0,-1.0,62.272965595427614,1.260141319092125,1.0
regenerative_distribution,895,1,0,-1.0,70.99606612360073,1.3726374416326188,2.0
regenerative_distribution,896,1,0,-1.0,62.025091203835366,0.32450876946503626,1.0
regenerative_distribution,897,1,0,-1.0,67.35640549778844,1.6996002650843796,0.0
regenerative_distribution,898,1,0,-1.0,50.18469681769256,-0.297112067441612,0.0
regenerative_distribution,899,1,0,-1.0,65.46888913950221,0.7851736352883554,0.0
regenerative_distribution,900,1,0,-1.0,88.60978740107267,1.7407761818048382,2.0
regenerative_distribution,901,1,0,-1.0,36.066339525523155,1.1618962773314305,1.0
regenerative_distribution,902,1,0,-1.0,50.75712651465871,0.7269624506313415,1.0
regenerative_distribution,903,1,0,-1.0,66.9562525729533,0.9721597887708974,0.0
regenerative_distribution,904,1,0,-1.0,60.14205218294686,0.9986196975212872,2.0
regenerative_distribution,905,1,0,-1.0,31.480843385057522,0.2543462089917372,1.0
regenerative_distribution,906,1,0,-1.0,88.73349241991255,1.8117456473206275,3.0
regenerative_distribution,907,1,0,-1.0,60.00829341087227,1.3611428435103126,2.0
regenerative_distribution,908,1,0,-1.0,76.16408944522044,0.8545858841719183,3.0
regenerative_distribution,909,1,0,-1.0,83.82207474332698,1.931936500937081,3.0
regenerative_distribution,910,1,0,-1.0,64.80975123639729,0.8988669606059644,1.0
regenerative_distribution,911,1,0,-1.0,76.41965010921088,1.657955418839285,2.0
regenerative_distribution,912,1,0,-1.0,65.57869709890956,1.5506766766902258,0.0
regenerative_distribution,913,1,0,-1.0,74.45753888921776,1.987492046427823,1.0
regenerative_distribution,914,1,0,-1.0,33.87193116916742,0.20701381102811897,0.0
regenerative_distribution,915,1,0,-1.0,77.21312700875886,2.4213940769901368,1.0
regenerative_distribution,916,1,0,-1.0,95.40878979075109,2.548511715179174,3.0
regenerative_distribution,917,1,0,-1.0,35.74738559205264,0.6620504250843651,0.0
regenerative_distribution,918,1,0,-1.0,56.15860917671918,1.0648990096246347,1.0
regenerative_distribution,919,1,0,-1.0,57.577155951443075,0.8587446136425402,2.0
regenerative_distribution,920,1,0,-1.0,70.7743079622741,1.8872142156584062,1.0
regenerative_distribution,921,1,0,-1.0,52.50013233533785,0.3867984101340273,1.0
regenerative_distribution,922,1,0,-1.0,38.27199875576124,0.7735029899284884,0.0
regenerative_distribution,923,1,0,-1.0,97.67392281478705,1.9293584764471914,2.0
regenerative_distribution,924,1,0,-1.0,65.99492581329041,0.574326541684018,2.0
regenerative_distribution,925,1,0,-1.0,52.70133157169989,0.21018760019686736,2.0
regenerative_distribution,926,1,0,-1.0,84.67653985080315,1.9261158393357445,2.0
regenerative_distribution,927,1,0,-1.0,69.75879241482492,0.7923247409224894,3.0
regenerative_distribution,928,1,0,-1.0,52.672826214122104,0.9377161373512567,2.0
regenerative_distribution,929,1,0,-1.0,101.39022034651157,1.8662571072556153,3.0
regenerative_distribution,930,1,0,-1.0,69.28284767887422,1.342165298594282,2.0
regenerative_distribution,931,1,0,-1.0,82.15533441990391,1.823840672557274,1.0
regenerative_distribution,932,1,0,-1.0,63.190712229676116,-0.04430502682859689,1.0
regenerative_distribution,933,1,0,-1.0,86.36931517099127,1.318856645021234,4.0
regenerative_distribution,934,1,0,-1.0,57.109165540628155,-0.15669527848141082,1.0
regenerative_distribution,935,1,0,-1.0,68.8146455431277,0.5909218046279375,2.0
regenerative_distribution,936,1,0,-1.0,77.50051731124343,0.6356439326271152,3.0
regenerative_distribution,937,1,0,-1.0,60.020990762755815,-0.2392479738733871,1.0
regenerative_distribution,938,1,0,-1.0,70.86661371104947,0.666924232537107,1.0
regenerative_distribution,939,1,0,-1.0,68.40507653084826,1.0865955232845395,2.0
regenerative_distribution,940,1,0,-1.0,77.45785202473326,2.0304343522022616,4.0
regenerative_distribution,941,1,0,-1.0,66.22568637617769,1.6620184242530025,2.0
regenerative_distribution,942,1,0,-1.0,52.85090443245933,0.9792435591439355,1.0
regenerative_distribution,943,1,0,-1.0,62.682206198368746,-0.2152044982511218,1.0
regenerative_distribution,944,1,0,-1.0,54.82285656595457,0.014359776785439949,1.0
regenerative_distribution,945,1,0,-1.0,68.24519349896458,0.9584229862492202,3.0
regenerative_distribution,946,1,0,-1.0,46.30019475128775,0.22421359486027745,2.0
regenerative_distribution,947,1,0,-1.0,75.29243813503999,1.269763085021302,3.0
regenerative_distribution,948,1,0,-1.0,38.673495332975975,0.5332160247411204,0.0
regenerative_distribution,949,1,0,-1.0,64.75968001574992,0.9305059725590251,3.0
regenerative_distribution,950,1,0,-1.0,39.19485968749529,-0.6372671188441719,0.0
regenerative_distribution,951,1,0,-1.0,91.99281549424991,2.1969743543814837,3.0
regenerative_distribution,952,1,0,-1.0,57.97541963473506,1.5086530404015455,1.0
regenerative_distribution,953,1,0,-1.0,71.47812090362282,2.1364797459751355,2.0
regenerative_distribution,954,1,0,-1.0,80.39510820374115,1.3489424122474603,2.0
regenerative_distribution,955,1,0,-1.0,43.80949115041855,0.3685058674204168,1.0
regenerative_distribution,956,1,0,-1.0,53.67320177902944,1.0764567522105069,1.0
regenerative_distribution,957,1,0,-1.0,75.16121138204377,2.3643942193102476,2.0
regenerative_distribution,958,1,0,-1.0,45.14325622616204,1.172531709293674,1.0
regenerative_distribution,959,1,0,-1.0,65.57596115796562,1.3750510800738571,2.0
regenerative_distribution,960,1,0,-1.0,48.229492872905624,1.0644676945839946,1.0
regenerative_distribution,961,1,0,-1.0,58.469440955629764,0.3592742011401321,1.0
regenerative_distribution,962,1,0,-1.0,70.60487716468431,0.8792127356854154,2.0
regenerative_distribution,963,1,0,-1.0,120.58087913720469,3.091958208094178,3.0
regenerative_distribution,964,1,0,-1.0,68.01375617693199,0.534680010766172,0.0
regenerative_distribution,965,1,0,-1.0,90.74665985261319,2.60921662392978,4.0
regenerative_distribution,966,1,0,-1.0,71.13055836670337,0.3740308551485031,0.0
regenerative_distribution,967,1,0,-1.0,111.49282053414925,1.8475278476638535,3.0
regenerative_distribution,968,1,0,-1.0,39.95477429824219,0.5520003348010475,0.0
regenerative_distribution,969,1,0,-1.0,95.44443498669028,2.100772767755157,2.0
regenerative_distribution,970,1,0,-1.0,82.95307783043626,1.4521899419941626,3.0
regenerative_distribution,971,1,0,-1.0,59.309438844548204,0.6329224906314495,2.0
regenerative_distribution,972,1,0,-1.0,46.87158108494227,0.07789265173369046,0.0
regenerative_distribution,973,1,0,-1.0,61.5558696074317,0.6864436499609162,1.0
regenerative_distribution,974,1,0,-1.0,82.70573220393311,3.128285726709685,2.0
regenerative_distribution,975,1,0,-1.0,61.01989029078594,1.525036074569876,0.0
regenerative_distribution,976,1,0,-1.0,69.11213254482506,1.2118196219988022,2.0
regenerative_distribution,977,1,0,-1.0,67.20129304897804,1.5762902987594718,2.0
regenerative_distribution,978,1,0,-1.0,58.81769968802216,0.27741352099978883,0.0
regenerative_distribution,979,1,0,-1.0,50.54492369338822,0.7887986716066802,2.0
regenerative_distribution,980,1,0,-1.0,67.01668691582945,1.2881327841981252,1.0
regenerative_distribution,981,1,0,-1.0,71.5911046935413,1.5789805634592384,2.0
regenerative_distribution,982,1,0,-1.0,94.75555535708867,1.4905728139248156,1.0
regenerative_distribution,983,1,0,-1.0,89.43247188803949,1.4223003542434494,2.0
regenerative_distribution,984,1,0,-1.0,67.65625242983495,1.0903048043291326,2.0
regenerative_distribution,985,1,0,-1.0,74.9816789352509,1.3168573781113033,2.0
regenerative_distribution,986,1,0,-1.0,91.48479420582176,1.8890316360139747,2.0
regenerative_distribution,987,1,0,-1.0,92.39281157225747,2.3423371823128196,2.0
regenerative_distribution,988,1,0,-1.0,68.38233571684422,1.181489162124286,3.0
regenerative_distribution,989,1,0,-1.0,63.280980618900294,0.6949838179711103,0.0
regenerative_distribution,990,1,0,-1.0,54.7695568512358,0.9533654555846314,0.0
regenerative_distribution,991,1,0,-1.0,73.13183589211127,0.31188230459181404,2.0
regenerative_distribution,992,1,0,-1.0,60.508875812298186,0.7010116434754802,2.0
regenerative_distribution,993,1,0,-1.0,59.91068376838109,1.3260259430333508,3.0
regenerative_distribution,994,1,0,-1.0,81.8656952836892,1.5975801579082918,2.0
regenerative_distribution,995,1,0,-1.0,57.08484023590059,1.2232249904064127,1.0
regenerative_distribution,996,1,0,-1.0,35.70166989563248,0.5442591251010133,0.0
regenerative_distribution,997,1,0,-1.0,80.64054557942083,1.2644827090984738,4.0
regenerative_distribution,998,1,0,-1.0,66.9327802023557,1.7264517662109289,1.0
regenerative_distribution,999,1,0,-1.0,81.16247180660564,1.1971705524768719,3.0
second_order_lift,0,1,0,-1.0,82.32503597748422,1.8383074397789874,3.0
second_order_lift,1,1,0,-1.0,24.73250736759795,-0.23977510021385906,0.0
second_order_lift,2,1,0,-1.0,29.190195181914383,0.013998534588774628,0.0
second_order_lift,3,1,0,-1.0,37.347299480530175,-0.07141701052579677,0.0
second_order_lift,4,1,0,-1.0,52.63727389328083,0.6882650367888706,2.0
second_order_lift,5,1,0,-1.0,84.3626038776323,0.9303074619160567,2.0
second_order_lift,6,1,0,-1.0,64.26937622446216,1.0191338707926558,2.0
second_order_lift,7,1,0,-1.0,49.59960499921535,0.5137399084492671,1.0
second_order_lift,8,1,0,-1.0,58.91296967762239,1.5045020041897084,2.0
second_order_lift,9,1,0,-1.0,59.60436595007626,0.9919273688646412,2.0
second_order_lift,10,1,0,-1.0,53.84982314847093,0.5813102130638197,1.0
second_order_lift,11,1,0,-1.0,42.8463278084993,0.4800169408274023,1.0
second_order_lift,12,1,0,-1.0,24.720293475793365,-0.14993672804425143,1.0
second_order_lift,13,1,0,-1.0,41.75027293071076,0.9088321205233475,0.0
second_order_lift,14,1,0,-1.0,38.00461945275674,-0.3254161519366664,0.0
second_order_lift,15,1,0,-1.0,46.58742052886646,0.698096785842723,0.0
second_order_lift,16,1,0,-1.0,47.754174532217576,0.7993290427757168,1.0
second_order_lift,17,1,0,-1.0,62.09159145251842,1.576957496692752,2.0
second_order_lift,18,1,0,-1.0,34.533485348059045,-0.2865192695144037,0.0
second_order_lift,19,1,0,-1.0,34.28449078827424,0.26117292825102656,0.0
second_order_lift,20,1,0,-1.0,57.31224066981668,1.0630210302670593,1.0
second_order_lift,21,1,0,-1.0,62.46243217851152,0.3886189928841208,1.0
second_order_lift,22,1,0,-1.0,59.62617484604835,0.8085819926040577,0.0
second_order_lift,23,1,0,-1.0,29.45629037294056,-0.24366112291999073,0.0
second_order_lift,24,1,0,-1.0,32.5772706113029,0.7510323452512387,0.0
second_order_lift,25,1,0,-1.0,47.77238959720048,0.295521137118748,0.0
second_order_lift,26,1,0,-1.0,42.75291495380186,-0.4753188482518463,1.0
second_order_lift,27,1,0,-1.0,43.938351935891674,1.0808164113666112,0.0
second_order_lift,28,1,0,-1.0,40.14057435843263,0.45169143793156974,0.0
second_order_lift,29,1,0,-1.0,37.25715629779587,0.41326315525855223,0.0
second_order_lift,30,1,0,-1.0,97.83213059728052,2.338494691717806,4.0
second_order_lift,31,1,0,-1.0,88.40813249452444,2.084850962864653,1.0
second_order_lift,32,1,0,-1.0,37.86344469629358,0.23810151378157962,0.0
second_order_lift,33,1,0,-1.0,48.541038123562906,1.3741129938130592,1.0
second_order_lift,34,1,0,-1.0,55.075993323514425,1.6298644727199292,1.0
second_order_lift,35,1,0,-1.0,76.79055593494911,2.103500409030114,2.0
second_order_lift,36,1,0,-1.0,30.80014752911234,-0.1783381453976089,1.0
second_order_lift,37,1,0,-1.0,29.569595426627718,0.09682851487454873,0.0
second_order_lift,38,1,0,-1.0,51.44702765148392,0.9775541262489302,2.0
second_order_lift,39,1,0,-1.0,81.649329714152,1.348210023870813,2.0
second_order_lift,40,1,0,-1.0,31.321402171551707,0.703385220172744,0.0
second_order_lift,41,1,0,-1.0,61.03040634193389,1.318831271267544,0.0
second_order_lift,42,1,0,-1.0,21.83799030549731,-0.26579219017851474,0.0
second_order_lift,43,1,0,-1.0,93.88544967532624,2.3472905593735174,3.0
second_order_lift,44,1,0,-1.0,54.223561488636605,-0.1938903752692538,1.0
second_order_lift,45,1,0,-1.0,63.41717958969929,1.8338223713861432,3.0
second_order_lift,46,1,0,-1.0,66.53786177349215,1.688255811558577,2.0
second_order_lift,47,1,0,-1.0,53.14889959231542,0.6897273322714325,1.0
second_order_lift,48,1,0,-1.0,40.21377729606345,0.9234205781158495,0.0
second_order_lift,49,1,0,-1.0,79.07403794241745,0.6664398290136291,4.0
second_order_lift,50,1,0,-1.0,60.14210246731825,0.1380426615247961,1.0
second_order_lift,51,1,0,-1.0,48.031387064809614,0.9351967183352063,1.0
second_order_lift,52,1,0,-1.0,73.72460694930844,1.8354617457705056,2.0
second_order_lift,53,1,0,-1.0,98.88549216444379,1.483000258432009,3.0
second_order_lift,54,1,0,-1.0,32.20231030362706,1.2799467798602902,1.0
second_order_lift,55,1,0,-1.0,54.72688025140191,0.35805036445591343,1.0
second_order_lift,56,1,0,-1.0,30.27723355453185,-0.6237731312299915,0.0
second_order_lift,57,1,0,-1.0,59.12983000344073,1.0170906925587195,1.0
second_order_lift,58,1,0,-1.0,25.20313893511,0.26459754744657155,0.0
second_order_lift,59,1,0,-1.0,72.03007411984595,0.12734765347981164,0.0
second_order_lift,60,1,0,-1.0,68.82524223951397,1.1073210597360323,1.0
second_order_lift,61,1,0,-1.0,60.69816112895319,0.6822645514774748,1.0
second_order_lift,62,1,0,-1.0,57.56309157582396,0.9442189943797349,0.0
second_order_lift,63,1,0,-1.0,66.29631687630757,1.365482817873088,1.0
second_order_lift,64,1,0,-1.0,44.26476240821919,1.0647048492688669,1.0
second_order_lift,65,1,0,-1.0,18.269688569888842,-0.3521723642217328,0.0
second_order_lift,66,1,0,-1.0,44.720475770342674,1.3353515752390723,0.0
second_order_lift,67,1,0,-1.0,34.528217787656345,0.04199671833019215,0.0
second_order_lift,68,1,0,-1.0,50.63624195192344,0.3787172939938735,0.0
second_order_lift,69,1,0,-1.0,51.04781130030179,1.9237917695047992,1.0
second_order_lift,70,1,0,-1.0,38.37413576112889,-0.038592258155640276,0.0
second_order_lift,71,1,0,-1.0,65.31250819226403,1.4449924358920707,1.0
second_order_lift,72,1,0,-1.0,55.186477426525386,1.3317110897209627,1.0
second_order_lift,73,1,0,-1.0,59.56112234433383,0.8615454751282552,2.0
second_order_lift,74,1,0,-1.0,38.157035442591805,0.03855222899041272,0.0
second_order_lift,75,1,0,-1.0,43.829894669514594,1.0692723753426097,1.0
second_order_lift,76,1,0,-1.0,62.5876267709207,1.5107829796122536,0.0
second_order_lift,77,1,0,-1.0,17.83095250213224,0.4833962451876383,0.0
second_order_lift,78,1,0,-1.0,40.606480769387396,0.9264271342958931,0.0
second_order_lift,79,1,0,-1.0,33.018786894666974,0.07675243073336954,1.0
second_order_lift,80,1,0,-1.0,44.07113037905985,0.43052187652810353,0.0
second_order_lift,81,1,0,-1.0,49.26274548755549,1.206634695598465,0.0
second_order_lift,82,1,0,-1.0,36.02295096878473,-0.33527242854911343,0.0
second_order_lift,83,1,0,-1.0,45.00259340830695,0.05341234121451117,0.0
second_order_lift,84,1,0,-1.0,60.04173790471975,1.3581008377055572,2.0
second_order_lift,85,1,0,-1.0,53.983758324508024,0.09441062206016586,1.0
second_order_lift,86,1,0,-1.0,22.311163029933976,0.6829234754192887,0.0
second_order_lift,87,1,0,-1.0,43.37968374753868,0.6232804732417084,1.0
second_order_lift,88,1,0,-1.0,24.49463985892779,0.101307329884826,0.0
second_order_lift,89,1,0,-1.0,41.44720531616834,0.43266058526289863,1.0
second_order_lift,90,1,0,-1.0,54.525153098216734,0.4203396801191718,1.0
second_order_lift,91,1,0,-1.0,56.047820599751844,1.0628984653962743,0.0
second_order_lift,92,1,0,-1.0,34.253174508610904,1.182600765947723,0.0
second_order_lift,93,1,0,-1.0,61.58354891914002,1.4882024658913273,1.0
second_order_lift,94,1,0,-1.0,42.161684680935174,0.08782136623656499,0.0
second_order_lift,95,1,0,-1.0,51.04731913169462,0.7857202033912551,2.0
second_order_lift,96,1,0,-1.0,48.937988137664405,0.24884772072337163,1.0
second_order_lift,97,1,0,-1.0,59.53152199323866,1.9039034639199623,1.0
second_order_lift,98,1,0,-1.0,48.38583344398572,1.621260498534796,1.0
second_order_lift,99,1,0,-1.0,67.53749827239749,1.87135083691984,1.0
second_order_lift,100,1,0,-1.0,41.4943643062886,0.5146688583413436,0.0
second_order_lift,101,1,0,-1.0,46.26055843843497,1.1583469398089905,2.0
second_order_lift,102,1,0,-1.0,40.31670128545019,0.6770306890880528,1.0
second_order_lift,103,1,0,-1.0,40.1630167035686,-0.2662021213196646,0.0
second_order_lift,104,1,0,-1.0,57.78409490070524,1.1348735646043449,2.0
second_order_lift,105,1,0,-1.0,58.12587237100914,0.7642327715361668,1.0
second_order_lift,106,1,0,-1.0,47.03405337906764,0.7837900626955103,1.0
second_order_lift,107,1,0,-1.0,55.588092429849475,0.7758347083561664,2.0
second_order_lift,108,1,0,-1.0,73.5180735090577,1.4013040820273803,3.0
second_order_lift,109,1,0,-1.0,61.00223057243117,1.1803712294523185,1.0
second_order_lift,110,1,0,-1.0,51.2215426227251,1.0017343978944655,2.0
second_order_lift,111,1,0,-1.0,56.823565296106,0.09105534416429839,1.0
second_order_lift,112,1,0,-1.0,39.32050129546647,0.9461237271836517,1.0
second_order_lift,113,1,0,-1.0,35.580790695102365,0.8146244988215235,0.0
second_order_lift,114,1,0,-1.0,60.92770806583585,1.06382470372157,1.0
second_order_lift,115,1,0,-1.0,45.929719945272645,1.1089768552807373,1.0
second_order_lift,116,1,0,-1.0,72.85287262527284,1.8853602915224017,2.0
second_order_lift,117,1,0,-1.0,51.027424363830065,0.7861611434591049,1.0
second_order_lift,118,1,0,-1.0,52.450620762045126,0.11340745379946555,0.0
second_order_lift,119,1,0,-1.0,23.397484367301097,0.41916365018297314,0.0
second_order_lift,120,1,0,-1.0,36.75937215262776,0.2557416408658414,0.0
second_order_lift,121,1,0,-1.0,34.465888073257325,0.11642726795933568,0.0
second_order_lift,122,1,0,-1.0,45.88118707548754,0.24829251814448408,0.0
second_order_lift,123,1,0,-1.0,35.5542386377165,0.6474191207598343,0.0
second_order_lift,124,1,0,-1.0,20.590255142966168,0.188475531037707,0.0
second_order_lift,125,1,0,-1.0,33.769787016785784,1.1576478203751046,0.0
second_order_lift,126,1,0,-1.0,42.73216568438441,1.2156392807720426,0.0
second_order_lift,127,1,0,-1.0,44.215936705865175,0.18872373351690974,1.0
second_order_lift,128,1,0,-1.0,62.617842943078614,1.1318478766505646,1.0
second_order_lift,129,1,0,-1.0,22.285978810061,0.16190761286462751,1.0
second_order_lift,130,1,0,-1.0,96.71915918377705,3.4994258545163013,2.0
second_order_lift,131,1,0,-1.0,76.39304159432537,0.8953540098976493,2.0
second_order_lift,132,1,0,-1.0,64.92830659666211,1.3662523814559153,2.0
second_order_lift,133,1,0,-1.0,52.57025526029349,0.801046267833764,1.0
second_order_lift,134,1,0,-1.0,65.95217759188269,1.5001942966554171,2.0
second_order_lift,135,1,0,-1.0,37.04853708384086,0.28666174259803917,1.0
second_order_lift,136,1,0,-1.0,55.843863580230895,0.6790033636560181,1.0
second_order_lift,137,1,0,-1.0,73.66635899861743,0.772731807109542,2.0
second_order_lift,138,1,0,-1.0,35.211061617819254,-0.5334814987787762,0.0
second_order_lift,139,1,0,-1.0,45.42573230118497,0.6537015869122931,1.0
second_order_lift,140,1,0,-1.0,39.62093294378211,0.9205887802416094,0.0
second_order_lift,141,1,0,-1.0,49.98116834279443,0.6658772863135456,1.0
second_order_lift,142,1,0,-1.0,42.698890393770334,1.0307895650146834,0.0
second_order_lift,143,1,0,-1.0,68.6215139670571,2.678883932122287,2.0
second_order_lift,144,1,0,-1.0,69.02212924774955,1.3566694201505438,3.0
second_order_lift,145,1,0,-1.0,88.73063282262385,0.5939406724215148,3.0
second_order_lift,146,1,0,-1.0,44.49559627390282,0.6114747671490796,0.0
second_order_lift,147,1,0,-1.0,48.946463636610034,0.7548650592278501,0.0
second_order_lift,148,1,0,-1.0,42.28747956312392,0.7087784393583945,1.0
second_order_lift,149,1,0,-1.0,53.791998771954546,0.9305396095896691,1.0
second_order_lift,150,1,0,-1.0,48.203871241105745,-0.008610997079899995,2.0
second_order_lift,151,1,0,-1.0,21.578288337708436,-0.838396694084689,0.0
second_order_lift,152,1,0,-1.0,41.23099848263335,0.5851802035785898,1.0
second_order_lift,153,1,0,-1.0,68.43955313429973,1.297551123284451,1.0
second_order_lift,154,1,0,-1.0,78.30971454720958,2.131402622068643,1.0
second_order_lift,155,1,0,-1.0,56.23476249892161,0.9524795125559228,2.0
second_order_lift,156,1,0,-1.0,41.94143523651081,1.302634631024475,0.0
second_order_lift,157,1,0,-1.0,78.03119328813864,0.51669193597284,1.0
second_order_lift,158,1,0,-1.0,46.70912195080617,0.9218857422593547,1.0
second_order_lift,159,1,0,-1.0,50.30263888894888,1.1827946489939776,1.0
second_order_lift,160,1,0,-1.0,31.150239447513812,-0.2901660389647154,0.0
second_order_lift,161,1,0,-1.0,76.6522851984494,0.7526979337352363,2.0
second_order_lift,162,1,0,-1.0,86.6487230724808,2.5561199970133406,2.0
second_order_lift,163,1,0,-1.0,52.62667611016581,0.5987281202340915,1.0
second_order_lift,164,1,0,-1.0,44.995413342365815,0.8770115263440211,0.0
second_order_lift,165,1,0,-1.0,60.90986977838807,1.716634983715095,2.0
second_order_lift,166,1,0,-1.0,52.608760513497415,0.4392703621531422,2.0
second_order_lift,167,1,0,-1.0,46.94854454758674,1.081393739391157,0.0
second_order_lift,168,1,0,-1.0,58.59076139652965,0.8444874301709681,1.0
second_order_lift,169,1,0,-1.0,53.4162721646504,0.24366245162159805,0.0
second_order_lift,170,1,0,-1.0,22.86694694162807,-0.4982202961892922,0.0
second_order_lift,171,1,0,-1.0,55.10077789567026,1.4324213457434452,1.0
second_order_lift,172,1,0,-1.0,49.12000009590503,0.4044994334724689,1.0
second_order_lift,173,1,0,-1.0,32.5251870715049,0.859586698691779,0.0
second_order_lift,174,1,0,-1.0,42.813383399264495,1.1894133024667481,0.0
second_order_lift,175,1,0,-1.0,88.15275395778869,1.844992880799974,4.0
second_order_lift,176,1,0,-1.0,42.16184177868633,0.877034461003002,0.0
second_order_lift,177,1,0,-1.0,42.46128324733317,0.286151670919042,1.0
second_order_lift,178,1,0,-1.0,23.509485005084255,-0.06418895541980668,0.0
second_order_lift,179,1,0,-1.0,28.835447265296544,-0.06346454640343273,0.0
second_order_lift,180,1,0,-1.0,94.32752482767515,1.3298336249698186,3.0
second_order_lift,181,1,0,-1.0,68.23257062803802,1.6121124905932547,2.0
second_order_lift,182,1,0,-1.0,82.94530200009876,2.3413752847606903,3.0
second_order_lift,183,1,0,-1.0,38.45481786538673,-0.3095461123562279,1.0
second_order_lift,184,1,0,-1.0,46.946876705163476,-0.26955698638821,0.0
second_order_lift,185,1,0,-1.0,53.114729429125994,0.8812179144553018,1.0
second_order_lift,186,1,0,-1.0,40.30383076264642,0.27569287317293373,0.0
second_order_lift,187,1,0,-1.0,78.59251435526645,1.6152069463513201,2.0
second_order_lift,188,1,0,-1.0,54.58990781490172,0.8845946246685014,1.0
second_order_lift,189,1,0,-1.0,51.64779700673192,0.9328853806964786,0.0
second_order_lift,190,1,0,-1.0,41.347530108177594,0.6995395097647147,0.0
second_order_lift,191,1,0,-1.0,39.88069779671968,-0.45844143994608466,1.0
second_order_lift,192,1,0,-1.0,81.63380324153492,1.5005603306345687,1.0
second_order_lift,193,1,0,-1.0,78.81314231593859,1.8903316396147827,2.0
second_order_lift,194,1,0,-1.0,43.22422004160879,0.21225682697867226,1.0
second_order_lift,195,1,0,-1.0,48.81396294714034,1.3900080178785017,0.0
second_order_lift,196,1,0,-1.0,87.91555756735154,1.7218971849286062,3.0
second_order_lift,197,1,0,-1.0,47.57797241071979,0.4553061514450467,1.0
second_order_lift,198,1,0,-1.0,90.2456331916273,2.786111691254312,3.0
second_order_lift,199,1,0,-1.0,41.842885713185424,0.8852034189394548,1.0
second_order_lift,200,1,0,-1.0,83.56278523777718,1.5297493316439656,2.0
second_order_lift,201,1,0,-1.0,26.742438683551732,-0.046277497314410485,0.0
second_order_lift,202,1,0,-1.0,61.38823302641252,1.2662429217413909,1.0
second_order_lift,203,1,0,-1.0,54.505787492075385,0.6632208266554926,0.0
second_order_lift,204,1,0,-1.0,25.503003214262442,-0.06974354203031782,0.0
second_order_lift,205,1,0,-1.0,27.34442406611584,-1.1842391644013808,1.0
second_order_lift,206,1,0,-1.0,31.43305220921173,-0.21983971061279592,0.0
second_order_lift,207,1,0,-1.0,69.7710020846471,0.9487346865951894,2.0
second_order_lift,208,1,0,-1.0,29.249420839215716,0.9004690377517538,0.0
second_order_lift,209,1,0,-1.0,45.635385721467046,1.0710785510220786,1.0
second_order_lift,210,1,0,-1.0,105.77589509336649,1.1085312384969888,4.0
second_order_lift,211,1,0,-1.0,52.1426464827543,1.6747809232146684,1.0
second_order_lift,212,1,0,-1.0,61.098738142624356,0.13945324188421132,2.0
second_order_lift,213,1,0,-1.0,61.51139797248656,1.5500082234549653,1.0
second_order_lift,214,1,0,-1.0,57.91917864052516,0.9421184627913834,3.0
second_order_lift,215,1,0,-1.0,35.64249482029645,-0.24204210485703034,1.0
second_order_lift,216,1,0,-1.0,55.81632519276427,0.9842461982789116,1.0
second_order_lift,217,1,0,-1.0,25.352948628967884,0.20725743761455434,0.0
second_order_lift,218,1,0,-1.0,46.315386023701976,1.0160911807593505,1.0
second_order_lift,219,1,0,-1.0,31.77997118185351,-0.24341493931126093,0.0
second_order_lift,220,1,0,-1.0,46.21791473086938,0.37405823949172395,0.0
second_order_lift,221,1,0,-1.0,21.15804781109942,-0.749936835009108,0.0
second_order_lift,222,1,0,-1.0,33.34646716409326,0.2989003001324681,0.0
second_order_lift,223,1,0,-1.0,58.5075006350564,0.5093242021133435,1.0
second_order_lift,224,1,0,-1.0,64.72480403565258,0.589339498394066,3.0
second_order_lift,225,1,0,-1.0,50.439277123277805,0.28041202104629864,1.0
second_order_lift,226,1,0,-1.0,36.3731456089575,0.3864445217530211,1.0
second_order_lift,227,1,0,-1.0,51.88221536117298,1.1831068126642705,1.0
second_order_lift,228,1,0,-1.0,58.59381224919764,1.7889340740669202,2.0
second_order_lift,229,1,0,-1.0,113.56310724945243,2.826260887133617,4.0
second_order_lift,230,1,0,-1.0,58.733340202917745,1.2403595968236796,2.0
second_order_lift,231,1,0,-1.0,65.14427022657145,0.9327299929276273,1.0
second_order_lift,232,1,0,-1.0,44.835523406748024,0.7035892919867753,0.0
second_order_lift,233,1,0,-1.0,56.965051979548385,0.8788748835523262,2.0
second_order_lift,234,1,0,-1.0,33.569200166769996,-0.4372793002119114,0.0
second_order_lift,235,1,0,-1.0,48.52889147031508,1.0998543541255361,0.0
second_order_lift,236,1,0,-1.0,61.43739210607904,0.7015381769353927,1.0
second_order_lift,237,1,0,-1.0,51.65410607457811,0.7489389333757831,1.0
second_order_lift,238,1,0,-1.0,55.55726090617077,1.8889778461401676,1.0
second_order_lift,239,1,0,-1.0,72.3897051000968,1.5027759414279969,2.0
second_order_lift,240,1,0,-1.0,76.79310159824499,2.2499432333072034,3.0
second_order_lift,241,1,0,-1.0,41.962182792490395,0.7069022119313262,0.0
second_order_lift,242,1,0,-1.0,80.55119828140529,1.4522138600450671,3.0
second_order_lift,243,1,0,-1.0,71.56848580306777,1.9962497836636435,1.0
second_order_lift,244,1,0,-1.0,37.41468614584614,-0.18398002088717422,1.0
second_order_lift,245,1,0,-1.0,60.49334741615909,1.2202540406499287,0.0
second_order_lift,246,1,0,-1.0,56.08538832575095,1.664312632137993,1.0
second_order_lift,247,1,0,-1.0,42.87122795334016,0.3144800021773815,1.0
second_order_lift,248,1,0,-1.0,75.18954320337554,1.4854702239340143,1.0
second_order_lift,249,1,0,-1.0,71.6033715971279,1.875575927228643,1.0
second_order_lift,250,1,0,-1.0,73.9569406523558,2.254097589592733,2.0
second_order_lift,251,1,0,-1.0,39.05311539622235,-1.0649393959054259,0.0
second_order_lift,252,1,0,-1.0,34.47882750884013,-0.045301372320144126,0.0
second_order_lift,253,1,0,-1.0,30.860131981658363,0.006446379698326545,0.0
second_order_lift,254,1,0,-1.0,41.342132271737306,0.45224765017744506,1.0
second_order_lift,255,1,0,-1.0,51.68111773111946,0.9843202635418822,1.0
second_order_lift,256,1,0,-1.0,51.232327432964226,1.004345154718412,1.0
second_order_lift,257,1,0,-1.0,37.715829223102865,0.46218751029691124,0.0
second_order_lift,258,1,0,-1.0,50.62250556904427,1.5401708448644944,0.0
second_order_lift,259,1,0,-1.0,40.12166074570105,0.5527846905441166,0.0
second_order_lift,260,1,0,-1.0,40.93611685144363,0.1205947804640537,0.0
second_order_lift,261,1,0,-1.0,87.18230349600817,1.3078734672144938,4.0
second_order_lift,262,1,0,-1.0,56.45297899716721,1.4808496427831073,1.0
second_order_lift,263,1,0,-1.0,50.544203359905204,0.6463323973286366,0.0
second_order_lift,264,1,0,-1.0,51.868616336850515,0.7883127941859597,1.0
second_order_lift,265,1,0,-1.0,73.47823037759926,1.6124507746636483,1.0
second_order_lift,266,1,0,-1.0,84.76811880607742,2.630754310801528,3.0
second_order_lift,267,1,0,-1.0,67.56618203210508,1.936316335698395,1.0
second_order_lift,268,1,0,-1.0,51.333764076691025,1.3026859924345,1.0
second_order_lift,269,1,0,-1.0,85.11686350664763,1.9804384345636696,2.0
second_order_lift,270,1,0,-1.0,52.991738781304,0.2934232107942345,2.0
second_order_lift,271,1,0,-1.0,88.14952715511467,1.7247976354629828,2.0
second_order_lift,272,1,0,-1.0,30.029042644656275,0.5405989493774432,1.0
second_order_lift,273,1,0,-1.0,50.419516583435,0.3768870485811263,0.0
second_order_lift,274,1,0,-1.0,67.7104763292925,0.7409476207474899,2.0
second_order_lift,275,1,0,-1.0,50.78091774684838,0.48864195792401866,0.0
second_order_lift,276,1,0,-1.0,72.18017685235998,1.8449194844909413,3.0
second_order_lift,277,1,0,-1.0,29.320976715245756,0.3303464444971044,0.0
second_order_lift,278,1,0,-1.0,33.51700546439338,0.47757408615043934,0.0
second_order_lift,279,1,0,-1.0,53.05522417700162,1.2148588285237454,1.0
second_order_lift,280,1,0,-1.0,79.59835377535529,2.607512901794221,3.0
second_order_lift,281,1,0,-1.0,72.56454051237417,1.7618887086450494,3.0
second_order_lift,282,1,0,-1.0,60.815398171576284,0.6512534389037481,2.0
second_order_lift,283,1,0,-1.0,55.307773704483694,1.1684304737099462,0.0
second_order_lift,284,1,0,-1.0,11.801217855127932,-0.1745747666266702,0.0
second_order_lift,285,1,0,-1.0,61.1272654344308,0.6079346380777652,1.0
second_order_lift,286,1,0,-1.0,49.68639105721112,1.8804692131625789,0.0
second_order_lift,287,1,0,-1.0,55.94024226675787,1.1061030328829393,2.0
second_order_lift,288,1,0,-1.0,52.39207409927363,1.1024513906294005,1.0
second_order_lift,289,1,0,-1.0,63.497347456645635,1.405268351047625,1.0
second_order_lift,290,1,0,-1.0,34.69881108968422,0.38853053592591114,0.0
second_order_lift,291,1,0,-1.0,53.4559100893889,0.08521104775416831,1.0
second_order_lift,292,1,0,-1.0,53.851307660147285,0.9659026389347838,2.0
second_order_lift,293,1,0,-1.0,58.6620059614434,0.7852299311388887,0.0
second_order_lift,294,1,0,-1.0,57.92713923908725,0.5079974037096402,1.0
second_order_lift,295,1,0,-1.0,74.26672471216861,0.861574730551898,3.0
second_order_lift,296,1,0,-1.0,42.438433458003416,0.1582325782565315,1.0
second_order_lift,297,1,0,-1.0,51.1328524245301,1.1545403300422783,2.0
second_order_lift,298,1,0,-1.0,84.85471597434133,2.4762503286441633,2.0
second_order_lift,299,1,0,-1.0,49.83987223132903,0.20970564540095007,0.0
second_order_lift,300,1,0,-1.0,50.76433548685439,0.8898081057137243,1.0
second_order_lift,301,1,0,-1.0,34.52974509313549,0.32837831459652894,0.0
second_order_lift,302,1,0,-1.0,65.86419972036289,1.6653416930778258,1.0
second_order_lift,303,1,0,-1.0,31.373022779063177,-0.1153488998575856,0.0
second_order_lift,304,1,0,-1.0,37.72620777736851,0.3498907390054759,1.0
second_order_lift,305,1,0,-1.0,81.33658714404491,0.803557306831406,3.0
second_order_lift,306,1,0,-1.0,46.37559486148578,0.8894597385773216,1.0
second_order_lift,307,1,0,-1.0,62.305083522253256,1.3256173816710106,1.0
second_order_lift,308,1,0,-1.0,56.27712805066056,1.2873112112053362,0.0
second_order_lift,309,1,0,-1.0,41.12792324617887,0.16820269152262196,0.0
second_order_lift,310,1,0,-1.0,69.62385703518378,1.3577639959301504,2.0
second_order_lift,311,1,0,-1.0,83.98005179270116,2.0062371952168427,4.0
second_order_lift,312,1,0,-1.0,45.12546382261245,0.76267064190544,0.0
second_order_lift,313,1,0,-1.0,81.4078432830658,1.5207673440694227,2.0
second_order_lift,314,1,0,-1.0,67.50376123278193,0.9651575379859881,2.0
second_order_lift,315,1,0,-1.0,118.70738263913263,2.084786030801988,5.0
second_order_lift,316,1,0,-1.0,77.42620988615855,1.5541895030958972,2.0
second_order_lift,317,1,0,-1.0,50.37407310401507,1.0333963605093142,0.0
second_order_lift,318,1,0,-1.0,28.51658961847197,0.4546144877237962,0.0
second_order_lift,319,1,0,-1.0,57.646127615107915,1.4986306157506841,2.0
second_order_lift,320,1,0,-1.0,47.81179077485321,0.06849790580321832,0.0
second_order_lift,321,1,0,-1.0,80.7663961930158,1.3603903400631474,2.0
second_order_lift,322,1,0,-1.0,86.87976967642511,1.3744537138525816,3.0
second_order_lift,323,1,0,-1.0,48.17312011805369,0.6222515100456711,0.0
second_order_lift,324,1,0,-1.0,68.22648064414717,0.5914229172852274,0.0
second_order_lift,325,1,0,-1.0,61.38442161758034,1.5975947154404635,1.0
second_order_lift,326,1,0,-1.0,24.662884625599773,0.12403823231209747,0.0
second_order_lift,327,1,0,-1.0,74.18036437017432,2.3379551330282147,2.0
second_order_lift,328,1,0,-1.0,63.6472529188217,1.1988532802952938,1.0
second_order_lift,329,1,0,-1.0,56.89846600730775,0.9730829706557679,1.0
second_order_lift,330,1,0,-1.0,53.310463627113776,0.27909560489723245,1.0
second_order_lift,331,1,0,-1.0,44.36027429414031,0.8571835312610881,0.0
second_order_lift,332,1,0,-1.0,73.83278730932001,2.061000584424227,2.0
second_order_lift,333,1,0,-1.0,47.1076142114471,1.3038010399905002,2.0
second_order_lift,334,1,0,-1.0,52.48247334618371,0.571320739149827,1.0
second_order_lift,335,1,0,-1.0,64.09132361630164,1.4880485938813663,0.0
second_order_lift,336,1,0,-1.0,39.63972399644402,0.43833519492671824,0.0
second_order_lift,337,1,0,-1.0,71.71778004885573,1.5614110986730514,1.0
second_order_lift,338,1,0,-1.0,32.192222287144,0.16154855069042798,0.0
second_order_lift,339,1,0,-1.0,43.393727773680965,0.150159005442634,1.0
second_order_lift,340,1,0,-1.0,76.29864232245598,0.9650834161344699,2.0
second_order_lift,341,1,0,-1.0,43.38584109847876,-0.05361991486488612,0.0
second_order_lift,342,1,0,-1.0,61.826436795160674,1.4044801569143162,1.0
second_order_lift,343,1,0,-1.0,61.7391650917698,1.3177682701847306,2.0
second_order_lift,344,1,0,-1.0,52.246134971448875,1.4678878045514945,0.0
second_order_lift,345,1,0,-1.0,84.84303846220439,1.6542155240767895,2.0
second_order_lift,346,1,0,-1.0,58.699501476208155,0.7812383583045902,1.0
second_order_lift,347,1,0,-1.0,57.441518040891346,0.9425920373497989,1.0
second_order_lift,348,1,0,-1.0,29.62038596009277,0.1713099025754352,0.0
second_order_lift,349,1,0,-1.0,72.50316716418261,2.0682246531489037,2.0
second_order_lift,350,1,0,-1.0,55.07822676840295,0.1659755083058574,1.0
second_order_lift,351,1,0,-1.0,37.66797740589839,0.7905953495680185,1.0
second_order_lift,352,1,0,-1.0,46.96555124784454,1.6462532343876672,1.0
second_order_lift,353,1,0,-1.0,65.8145630442765,1.159028342395799,2.0
second_order_lift,354,1,0,-1.0,34.009462236538674,-0.13671570374507014,1.0
second_order_lift,355,1,0,-1.0,30.045946508377057,-0.16107773001070477,0.0
second_order_lift,356,1,0,-1.0,44.54591114483298,1.0819284511419636,1.0
second_order_lift,357,1,0,-1.0,77.40381007218787,2.183464001726716,2.0
second_order_lift,358,1,0,-1.0,40.160098122752906,0.4522586054785916,0.0
second_order_lift,359,1,0,-1.0,37.59027693237985,0.30263985660935855,1.0
second_order_lift,360,1,0,-1.0,57.439748633915265,1.2249025831561855,2.0
second_order_lift,361,1,0,-1.0,28.664512635693047,0.05995805411451163,0.0
second_order_lift,362,1,0,-1.0,62.46411923830181,1.4373132796189079,1.0
second_order_lift,363,1,0,-1.0,64.7365215022204,0.9735894381139839,1.0
second_order_lift,364,1,0,-1.0,62.0759737589678,0.4492717046737589,2.0
second_order_lift,365,1,0,-1.0,47.7333823596513,1.2173318279764556,0.0
second_order_lift,366,1,0,-1.0,43.89490945662625,-0.026815849949148075,1.0
second_order_lift,367,1,0,-1.0,72.8469465113396,0.6747759395373184,2.0
second_order_lift,368,1,0,-1.0,63.58346128634823,0.9658015675663566,2.0
second_order_lift,369,1,0,-1.0,64.97567250853234,0.7362430807761622,2.0
second_order_lift,370,1,0,-1.0,36.308944254583494,0.44107753399415955,0.0
second_order_lift,371,1,0,-1.0,55.100120969404045,0.7536603003844567,2.0
second_order_lift,372,1,0,-1.0,90.41409403128822,2.626468934916124,4.0
second_order_lift,373,1,0,-1.0,109.71978870637454,2.0158687812487965,2.0
second_order_lift,374,1,0,-1.0,41.451059144247566,-0.4927312266556855,0.0
second_order_lift,375,1,0,-1.0,96.29681380935405,2.3404397051591745,3.0
second_order_lift,376,1,0,-1.0,69.3662902030126,1.5920638887064096,1.0
second_order_lift,377,1,0,-1.0,59.88468979102123,0.6678713995151996,1.0
second_order_lift,378,1,0,-1.0,24.562144092435826,-0.07121191800541672,0.0
second_order_lift,379,1,0,-1.0,35.05365767994772,0.011444369603764146,0.0
second_order_lift,380,1,0,-1.0,69.72905290473119,1.8369070219678734,1.0
second_order_lift,381,1,0,-1.0,52.65954426919634,0.9745931785321457,0.0
second_order_lift,382,1,0,-1.0,75.56126363604692,1.128101292378555,1.0
second_order_lift,383,1,0,-1.0,43.95482328392859,0.6982121046991098,1.0
second_order_lift,384,1,0,-1.0,68.76176822838238,1.4782059372171976,2.0
second_order_lift,385,1,0,-1.0,81.91916210467667,0.8269168881906038,4.0
second_order_lift,386,1,0,-1.0,38.512510416407025,-0.5216297686915202,0.0
second_order_lift,387,1,0,-1.0,86.8756176599762,1.0545155323318722,1.0
second_order_lift,388,1,0,-1.0,41.50450304069581,0.6241202985523251,0.0
second_order_lift,389,1,0,-1.0,102.64873378804904,2.0861082856387205,3.0
second_order_lift,390,1,0,-1.0,64.48933859222186,1.1680795189754418,1.0
second_order_lift,391,1,0,-1.0,39.54664676589805,0.13366349300292668,0.0
second_order_lift,392,1,0,-1.0,62.366202329249404,1.8735540883702606,2.0
second_order_lift,393,1,0,-1.0,47.88574084214453,-0.02893493091691385,1.0
second_order_lift,394,1,0,-1.0,59.99025930439137,1.2594555938897205,2.0
second_order_lift,395,1,0,-1.0,40.1614019199326,-0.5749354195002976,1.0
second_order_lift,396,1,0,-1.0,93.97097283418023,2.5765611924759715,2.0
second_order_lift,397,1,0,-1.0,69.48014838367732,1.026707223555984,0.0
second_order_lift,398,1,0,-1.0,29.76732827117617,-0.30743889984388817,0.0
second_order_lift,399,1,0,-1.0,60.02129362514407,1.3597924895616817,1.0
second_order_lift,400,1,0,-1.0,35.28803154240079,-0.3189062619922469,0.0
second_order_lift,401,1,0,-1.0,30.329574511223395,-0.5233794323694961,0.0
second_order_lift,402,1,0,-1.0,42.78598861877178,-0.2573808847539551,0.0
second_order_lift,403,1,0,-1.0,60.13359911765187,0.5185133664232066,2.0
second_order_lift,404,1,0,-1.0,50.493190916162874,0.9363435758095976,1.0
second_order_lift,405,1,0,-1.0,56.29707440124314,0.3971431332069243,1.0
second_order_lift,406,1,0,-1.0,66.38056033903105,1.0646368216725626,2.0
second_order_lift,407,1,0,-1.0,23.049837177737828,0.36722200921604603,0.0
second_order_lift,408,1,0,-1.0,34.484633890974536,-0.2810875016836936,0.0
second_order_lift,409,1,0,-1.0,77.88520857662068,1.1990746307100166,3.0
second_order_lift,410,1,0,-1.0,43.61098542841442,-0.26448690653479257,1.0
second_order_lift,411,1,0,-1.0,34.61563939667704,0.514835374228182,1.0
second_order_lift,412,1,0,-1.0,54.31890882766504,0.899598474675498,0.0
second_order_lift,413,1,0,-1.0,44.844645864895014,1.1786874452912035,0.0
second_order_lift,414,1,0,-1.0,32.40848937972923,0.4403389789556495,1.0
second_order_lift,415,1,0,-1.0,50.80635797213449,1.5561071378039348,1.0
second_order_lift,416,1,0,-1.0,37.16259380746536,-0.320413802962667,0.0
second_order_lift,417,1,0,-1.0,56.86001262005178,1.3913774902951,1.0
second_order_lift,418,1,0,-1.0,71.10339297585224,1.259648318424121,2.0
second_order_lift,419,1,0,-1.0,39.801028173886074,0.23060183458254882,0.0
second_order_lift,420,1,0,-1.0,29.728890461561246,0.22702432508905163,0.0
second_order_lift,421,1,0,-1.0,52.7303962034999,1.5587110069247416,1.0
second_order_lift,422,1,0,-1.0,61.267496794308556,0.7367917206658867,2.0
second_order_lift,423,1,0,-1.0,30.3574962669656,0.8541127975113079,0.0
second_order_lift,424,1,0,-1.0,56.77984721670351,1.8972241079671037,1.0
second_order_lift,425,1,0,-1.0,89.59254811201723,1.4265878983879572,3.0
second_order_lift,426,1,0,-1.0,53.51211693549352,0.4959894409068968,1.0
second_order_lift,427,1,0,-1.0,38.359727811438994,-0.058369198398259055,0.0
second_order_lift,428,1,0,-1.0,35.05374437666263,0.5844577963735192,0.0
second_order_lift,429,1,0,-1.0,46.4849938806319,0.6177184512139325,1.0
second_order_lift,430,1,0,-1.0,42.14381228846288,0.12376648428465976,1.0
second_order_lift,431,1,0,-1.0,45.201487511952934,0.6058578651907659,0.0
second_order_lift,432,1,0,-1.0,64.07891355718613,1.4034022777751656,0.0
second_order_lift,433,1,0,-1.0,54.00955743251411,1.0697322160112248,1.0
second_order_lift,434,1,0,-1.0,44.7464249831408,0.4212410900281658,1.0
second_order_lift,435,1,0,-1.0,43.011776738780156,0.5464601138045089,0.0
second_order_lift,436,1,0,-1.0,60.08924479315359,0.3672747378876111,1.0
second_order_lift,437,1,0,-1.0,74.82293791708344,1.8662574568820214,3.0
second_order_lift,438,1,0,-1.0,34.4277359313614,-0.17993896836129766,0.0
second_order_lift,439,1,0,-1.0,67.54978015396836,0.5554997199554161,2.0
second_order_lift,440,1,0,-1.0,39.62692132219231,0.9418853684289827,0.0
second_order_lift,441,1,0,-1.0,79.83367308544558,0.6278239119578809,2.0
second_order_lift,442,1,0,-1.0,40.25345962409746,0.14425901665554688,0.0
second_order_lift,443,1,0,-1.0,56.48452531336837,1.1798270889240963,2.0
second_order_lift,444,1,0,-1.0,93.46073384171078,1.980600834266406,2.0
second_order_lift,445,1,0,-1.0,41.54414165603002,0.8972739212301024,0.0
second_order_lift,446,1,0,-1.0,31.993808625808825,0.5470316185137059,0.0
second_order_lift,447,1,0,-1.0,41.67828805805213,-0.6765751057539278,1.0
second_order_lift,448,1,0,-1.0,64.31614848837657,0.9649204327716693,2.0
second_order_lift,449,1,0,-1.0,78.37644363722596,1.805911215293284,2.0
second_order_lift,450,1,0,-1.0,88.88825649584273,2.4449395513091745,3.0
second_order_lift,451,1,0,-1.0,51.854129114052185,0.9500120268290114,1.0
second_order_lift,452,1,0,-1.0,58.96939071768297,0.8239713239253602,1.0
second_order_lift,453,1,0,-1.0,54.23379982949948,0.8275340507274196,1.0
second_order_lift,454,1,0,-1.0,51.447232071674875,0.7707270609978244,1.0
second_order_lift,455,1,0,-1.0,84.04631579738032,1.7006367778897904,3.0
second_order_lift,456,1,0,-1.0,49.527072384545015,-0.3991319040207432,2.0
second_order_lift,457,1,0,-1.0,43.20259234928668,0.4464274648095806,1.0
second_order_lift,458,1,0,-1.0,41.431347098756355,0.4748052375954174,1.0
second_order_lift,459,1,0,-1.0,48.99996984344703,0.3889214588121108,1.0
second_order_lift,460,1,0,-1.0,39.572699599951704,-0.003723880369899882,0.0
second_order_lift,461,1,0,-1.0,55.933093761215346,1.2413836937413831,1.0
second_order_lift,462,1,0,-1.0,44.30121260236503,0.5101593295065595,0.0
second_order_lift,463,1,0,-1.0,41.78705553482346,0.19020189026731224,0.0
second_order_lift,464,1,0,-1.0,50.62537395394382,1.4204038689811807,1.0
second_order_lift,465,1,0,-1.0,83.60695341360679,1.760331274243589,3.0
second_order_lift,466,1,0,-1.0,36.593198474347545,0.013684137174723441,0.0
second_order_lift,467,1,0,-1.0,43.975220280165026,-0.8171605821153327,1.0
second_order_lift,468,1,0,-1.0,57.46726744352866,0.6245586469326978,2.0
second_order_lift,469,1,0,-1.0,40.32412389851323,0.8395634543298719,0.0
second_order_lift,470,1,0,-1.0,37.197397569262165,0.6238702959088336,0.0
second_order_lift,471,1,0,-1.0,62.494632896050504,1.3424333003654085,1.0
second_order_lift,472,1,0,-1.0,86.56220943874496,2.165157709424672,5.0
second_order_lift,473,1,0,-1.0,115.62949807816673,0.9585360311868225,3.0
second_order_lift,474,1,0,-1.0,41.60028067514973,0.36727777872657436,0.0
second_order_lift,475,1,0,-1.0,60.8103698552236,1.3516527928836233,0.0
second_order_lift,476,1,0,-1.0,25.38773547225103,0.1502727865692652,0.0
second_order_lift,477,1,0,-1.0,25.69306231939838,0.0943057868401409,1.0
second_order_lift,478,1,0,-1.0,27.131031358012184,0.05031297681746092,0.0
second_order_lift,479,1,0,-1.0,90.71608598796493,2.4943182881406547,3.0
second_order_lift,480,1,0,-1.0,45.334095565892255,1.5008181208860445,1.0
second_order_lift,481,1,0,-1.0,39.954782183321086,-0.048310564222679424,0.0
second_order_lift,482,1,0,-1.0,55.333788674029925,1.2721973234890158,3.0
second_order_lift,483,1,0,-1.0,33.11233347290984,0.5447581208143772,0.0
second_order_lift,484,1,0,-1.0,66.01210477520513,1.3897774446351907,1.0
second_order_lift,485,1,0,-1.0,57.686056663893105,1.1673474005235362,2.0
second_order_lift,486,1,0,-1.0,28.04153794591535,0.660242029100247,0.0
second_order_lift,487,1,0,-1.0,105.37333040823663,2.031337915889704,3.0
second_order_lift,488,1,0,-1.0,49.85127371843805,1.1164945308496725,1.0
second_order_lift,489,1,0,-1.0,72.66401685672118,1.8178715520330246,2.0
second_order_lift,490,1,0,-1.0,43.99237116011029,0.2715790652511169,0.0
second_order_lift,491,1,0,-1.0,75.50936317076643,1.9670301208448857,2.0
second_order_lift,492,1,0,-1.0,46.30675262126894,1.1529444168944978,0.0
second_order_lift,493,1,0,-1.0,61.74722186704333,1.541234794476221,1.0
second_order_lift,494,1,0,-1.0,56.82456889348541,0.6077780771511638,2.0
second_order_lift,495,1,0,-1.0,64.00087846651513,0.8167691702117896,1.0
second_order_lift,496,1,0,-1.0,57.97088575793374,1.1374856733077376,1.0
second_order_lift,497,1,0,-1.0,46.33685112343874,0.3401647689428473,1.0
second_order_lift,498,1,0,-1.0,58.96605030739856,1.029326635295317,1.0
second_order_lift,499,1,0,-1.0,54.29131912412618,0.0248755395630712,1.0
second_order_lift,500,1,0,-1.0,50.402719761459394,0.801093599604774,1.0
second_order_lift,501,1,0,-1.0,73.14001822455714,1.435072742771128,2.0
second_order_lift,502,1,0,-1.0,89.25797675603212,1.96348834149556,2.0
second_order_lift,503,1,0,-1.0,67.23203816012109,0.6499682771888068,3.0
second_order_lift,504,1,0,-1.0,72.54133785853726,1.9909354372925436,2.0
second_order_lift,505,1,0,-1.0,81.57741869847439,1.532254818386576,2.0
second_order_lift,506,1,0,-1.0,37.05531970951158,0.10819598550912908,0.0
second_order_lift,507,1,0,-1.0,48.84470705357158,0.4046577368388018,0.0
second_order_lift,508,1,0,-1.0,67.57484451922787,0.9733295472364923,1.0
second_order_lift,509,1,0,-1.0,71.69727766747829,0.013420428153655734,1.0
second_order_lift,510,1,0,-1.0,62.87506617207686,0.6313467967010726,0.0
second_order_lift,511,1,0,-1.0,33.09313226565344,0.7388753427608127,0.0
second_order_lift,512,1,0,-1.0,92.2578909273064,2.0444280167288706,3.0
second_order_lift,513,1,0,-1.0,66.56462872873595,1.1405660512525981,1.0
second_order_lift,514,1,0,-1.0,72.22469090178822,2.8913802847451775,0.0
second_order_lift,515,1,0,-1.0,44.44463268882485,0.7206974886454441,0.0
second_order_lift,516,1,0,-1.0,40.09567405090304,0.9295307303902656,0.0
second_order_lift,517,1,0,-1.0,38.483995745068725,0.6479491479522912,1.0
second_order_lift,518,1,0,-1.0,76.04811399018534,0.6486990614104663,3.0
second_order_lift,519,1,0,-1.0,37.09251226960449,0.935658850838583,1.0
second_order_lift,520,1,0,-1.0,52.8281490636592,0.7843357785322417,1.0
second_order_lift,521,1,0,-1.0,52.91659640391128,0.6545079252517535,2.0
second_order_lift,522,1,0,-1.0,64.45397149447736,1.6705714076169724,2.0
second_order_lift,523,1,0,-1.0,28.843828383363945,0.7191753952370643,0.0
second_order_lift,524,1,0,-1.0,45.279532141294226,-0.29683249646811377,1.0
second_order_lift,525,1,0,-1.0,26.895660086681136,-0.3942485861913765,0.0
second_order_lift,526,1,0,-1.0,69.57394829111583,1.16512412153247,1.0
second_order_lift,527,1,0,-1.0,43.86082050119041,0.9936003003229701,1.0
second_order_lift,528,1,0,-1.0,49.81790839625669,0.40356075673575187,1.0
second_order_lift,529,1,0,-1.0,62.867123433522046,1.5118857779910948,2.0
second_order_lift,530,1,0,-1.0,50.95091982593335,0.8522349031548553,1.0
second_order_lift,531,1,0,-1.0,65.52779130489307,1.2499500299986972,2.0
second_order_lift,532,1,0,-1.0,53.43926788666417,2.0693517401487305,1.0
second_order_lift,533,1,0,-1.0,35.87114393535402,0.45709432668420313,0.0
second_order_lift,534,1,0,-1.0,64.70444358668428,1.451273984014121,2.0
second_order_lift,535,1,0,-1.0,30.752124401758262,0.27227151694898916,0.0
second_order_lift,536,1,0,-1.0,79.28158022417907,1.8188547953091485,2.0
second_order_lift,537,1,0,-1.0,79.28416611495189,2.803035253342359,2.0
second_order_lift,538,1,0,-1.0,30.188869939858755,-0.16946248521610235,0.0
second_order_lift,539,1,0,-1.0,33.39764379187306,-0.25712377689203014,0.0
second_order_lift,540,1,0,-1.0,77.3267419694158,2.089382444910814,3.0
second_order_lift,541,1,0,-1.0,40.755881966794334,0.6953567344925755,1.0
second_order_lift,542,1,0,-1.0,83.65534331028479,1.336019631155356,3.0
second_order_lift,543,1,0,-1.0,89.8834499334937,2.116102676855137,1.0
second_order_lift,544,1,0,-1.0,53.9425441449894,1.3572904886486596,1.0
second_order_lift,545,1,0,-1.0,64.38620571648956,2.37700725421872,3.0
second_order_lift,546,1,0,-1.0,39.958422997235914,-0.9317911757841353,1.0
second_order_lift,547,1,0,-1.0,55.4179010249354,1.5002056319591703,1.0
second_order_lift,548,1,0,-1.0,29.661363263791742,0.20693877531606705,0.0
second_order_lift,549,1,0,-1.0,51.47545931128944,-0.5817056448707427,1.0
second_order_lift,550,1,0,-1.0,61.96171873442371,1.675455611809963,1.0
second_order_lift,551,1,0,-1.0,41.67054416079153,-0.37739476162607843,1.0
second_order_lift,552,1,0,-1.0,81.52966030186148,1.4595373354930221,1.0
second_order_lift,553,1,0,-1.0,59.37589460732888,1.9606186469382947,1.0
second_order_lift,554,1,0,-1.0,66.60621336173348,1.4998835442582579,1.0
second_order_lift,555,1,0,-1.0,50.565324006511965,0.6045441979565802,1.0
second_order_lift,556,1,0,-1.0,56.17229966854322,1.5814758484689844,1.0
second_order_lift,557,1,0,-1.0,32.00566800974807,-0.07781246407116844,0.0
second_order_lift,558,1,0,-1.0,83.51387240953827,1.9312090818077046,3.0
second_order_lift,559,1,0,-1.0,36.89883680533865,-0.22938869820599872,1.0
second_order_lift,560,1,0,-1.0,66.5438702360513,1.0674487384025189,1.0
second_order_lift,561,1,0,-1.0,43.87002808327388,0.8785854503317774,1.0
second_order_lift,562,1,0,-1.0,58.51355928708752,0.7695995314394745,0.0
second_order_lift,563,1,0,-1.0,31.297391911955472,0.17754784335325818,0.0
second_order_lift,564,1,0,-1.0,32.295369228408234,0.7021320686642755,0.0
second_order_lift,565,1,0,-1.0,62.256421673448,0.32820915441581405,1.0
second_order_lift,566,1,0,-1.0,62.92346013533022,0.2727161482853645,1.0
second_order_lift,567,1,0,-1.0,63.5214694986938,0.21084008524899855,2.0
second_order_lift,568,1,0,-1.0,32.74949056577248,-0.25476256323707563,0.0
second_order_lift,569,1,0,-1.0,32.095139221827765,-0.0977065037610363,0.0
second_order_lift,570,1,0,-1.0,63.72819680484393,1.310758201494311,1.0
second_order_lift,571,1,0,-1.0,53.351268115282025,0.18863037959382975,0.0
second_order_lift,572,1,0,-1.0,37.01844711452088,-0.17455794528793028,0.0
second_order_lift,573,1,0,-1.0,33.166182002576846,0.012069735552470734,0.0
second_order_lift,574,1,0,-1.0,57.21219579140077,0.2788515291813639,0.0
second_order_lift,575,1,0,-1.0,21.37069407934621,-0.3310264407277104,0.0
second_order_lift,576,1,0,-1.0,52.35209880911474,1.4912319106521466,0.0
second_order_lift,577,1,0,-1.0,38.05892418147048,-0.4996730224365294,0.0
second_order_lift,578,1,0,-1.0,33.05796551844029,0.20260174533756728,0.0
second_order_lift,579,1,0,-1.0,63.60282495809134,1.7458272599684297,1.0
second_order_lift,580,1,0,-1.0,58.12898609989759,1.114453661710711,1.0
second_order_lift,581,1,0,-1.0,25.56188521788964,0.5990205651217804,0.0
second_order_lift,582,1,0,-1.0,65.09773344614227,0.5134213141128827,2.0
second_order_lift,583,1,0,-1.0,62.16107353714165,1.6901514443038266,1.0
second_order_lift,584,1,0,-1.0,61.94224513170194,2.243125865272275,1.0
second_order_lift,585,1,0,-1.0,54.58182842779304,1.0134869566987519,2.0
second_order_lift,586,1,0,-1.0,37.15300538279347,0.44900426561249646,0.0
second_order_lift,587,1,0,-1.0,31.85685670904731,0.4836790035564855,1.0
second_order_lift,588,1,0,-1.0,74.20271342454976,1.899646130910694,2.0
second_order_lift,589,1,0,-1.0,61.412542041540135,1.126979801501817,1.0
second_order_lift,590,1,0,-1.0,31.907268866684547,1.0816255255740137,1.0
second_order_lift,591,1,0,-1.0,58.50538702675624,1.7853168282078822,2.0
second_order_lift,592,1,0,-1.0,40.46085008005243,0.2953907864896336,0.0
second_order_lift,593,1,0,-1.0,38.836675531581044,0.9572384595443042,0.0
second_order_lift,594,1,0,-1.0,63.09867728725513,0.3626127169890786,1.0
second_order_lift,595,1,0,-1.0,48.95497439949444,0.5755178166142839,1.0
second_order_lift,596,1,0,-1.0,44.09603536971859,-0.27942545759262793,0.0
second_order_lift,597,1,0,-1.0,86.5112058273729,1.7102822585222293,3.0
second_order_lift,598,1,0,-1.0,81.48277613412102,1.6836102701661604,5.0
second_order_lift,599,1,0,-1.0,56.07638841813666,0.7098565248602061,2.0
second_order_lift,600,1,0,-1.0,60.33030920146114,0.24724941935898287,1.0
second_order_lift,601,1,0,-1.0,71.0745564531594,1.316147074314518,2.0
second_order_lift,602,1,0,-1.0,33.318966235867705,-0.12953987547354215,0.0
second_order_lift,603,1,0,-1.0,63.956098994512,1.1607079109995768,1.0
second_order_lift,604,1,0,-1.0,64.80317149682179,0.5862701756602144,2.0
second_order_lift,605,1,0,-1.0,49.01577203056553,0.46031058732544894,1.0
second_order_lift,606,1,0,-1.0,50.88585111244565,0.3168434257531321,1.0
second_order_lift,607,1,0,-1.0,46.839736373812116,0.576121150564191,1.0
second_order_lift,608,1,0,-1.0,34.5810646161943,-0.6436447260681339,1.0
second_order_lift,609,1,0,-1.0,95.49443797674961,1.7980755080539883,4.0
second_order_lift,610,1,0,-1.0,47.03281969443629,0.4870934021812326,0.0
second_order_lift,611,1,0,-1.0,34.88736759096908,0.43822945509873074,0.0
second_order_lift,612,1,0,-1.0,61.46179079490854,0.7969771165317042,0.0
second_order_lift,613,1,0,-1.0,70.49038660563092,0.9957790627417806,2.0
second_order_lift,614,1,0,-1.0,57.55180315140386,1.8300980354585465,1.0
second_order_lift,615,1,0,-1.0,21.767241401167365,-0.5041907456227388,0.0
second_order_lift,616,1,0,-1.0,31.656773477904103,-0.4663313266318965,1.0
second_order_lift,617,1,0,-1.0,64.6045451756389,1.2870329884100475,2.0
second_order_lift,618,1,0,-1.0,81.91190132619275,1.5167596742628322,2.0
second_order_lift,619,1,0,-1.0,63.367089982886,1.0517972715028394,1.0
second_order_lift,620,1,0,-1.0,31.175786389111362,-0.5758261047554094,0.0
second_order_lift,621,1,0,-1.0,48.33245296658307,0.7630183904541858,1.0
second_order_lift,622,1,0,-1.0,67.86760797627862,1.7446308062513654,3.0
second_order_lift,623,1,0,-1.0,63.44648199837059,0.517516750191726,1.0
second_order_lift,624,1,0,-1.0,18.487501582328438,-0.10829473801182525,0.0
second_order_lift,625,1,0,-1.0,100.06662121671069,2.253146456931282,3.0
second_order_lift,626,1,0,-1.0,35.4075988560774,0.3450020251771296,0.0
second_order_lift,627,1,0,-1.0,42.84111171399422,0.4711874804541755,1.0
second_order_lift,628,1,0,-1.0,79.60607407501976,2.5539073797646954,2.0
second_order_lift,629,1,0,-1.0,40.946429315654605,0.07721874076277228,0.0
second_order_lift,630,1,0,-1.0,35.75984585160471,-0.0814349155994991,0.0
second_order_lift,631,1,0,-1.0,32.849326509656265,0.864355820780859,0.0
second_order_lift,632,1,0,-1.0,35.10670676071305,0.2519278024290306,0.0
second_order_lift,633,1,0,-1.0,55.23920193420867,0.6185549367154656,0.0
second_order_lift,634,1,0,-1.0,45.11571272386902,0.14671549306017417,0.0
second_order_lift,635,1,0,-1.0,103.60920874115136,1.931437364721484,3.0
second_order_lift,636,1,0,-1.0,35.315196528558495,0.9774480809471054,0.0
second_order_lift,637,1,0,-1.0,39.50929488676745,0.5559587901558827,0.0
second_order_lift,638,1,0,-1.0,68.87101179011881,1.337358408413206,1.0
second_order_lift,639,1,0,-1.0,46.306747227125456,0.9784440477287966,1.0
second_order_lift,640,1,0,-1.0,76.03681238046839,1.8010861009634132,2.0
second_order_lift,641,1,0,-1.0,62.14247861148475,1.1756487119209933,0.0
second_order_lift,642,1,0,-1.0,55.480804452987506,1.3050271590737128,1.0
second_order_lift,643,1,0,-1.0,81.72550417173632,1.608104236705736,2.0
second_order_lift,644,1,0,-1.0,63.92644802611858,0.6614917353047716,1.0
second_order_lift,645,1,0,-1.0,66.42929165885279,1.333505993800911,1.0
second_order_lift,646,1,0,-1.0,67.52367560801733,2.0811018897774685,1.0
second_order_lift,647,1,0,-1.0,31.430311895325175,0.2055878161918176,0.0
second_order_lift,648,1,0,-1.0,51.77893766463173,0.37791160662048934,1.0
second_order_lift,649,1,0,-1.0,66.23985074031143,1.3824067383104721,1.0
second_order_lift,650,1,0,-1.0,78.34989549687616,1.414254994618629,2.0
second_order_lift,651,1,0,-1.0,53.059015666551666,0.24802354068158283,1.0
second_order_lift,652,1,0,-1.0,50.914585059337284,1.5925867950735466,0.0
second_order_lift,653,1,0,-1.0,40.11312209770116,0.7639879826656186,0.0
second_order_lift,654,1,0,-1.0,52.81842916393356,0.04856356321510459,1.0
second_order_lift,655,1,0,-1.0,53.35260056361393,1.216103004234553,2.0
second_order_lift,656,1,0,-1.0,45.35089942952971,0.08993528383176888,0.0
second_order_lift,657,1,0,-1.0,30.964888390428747,0.05510533982995577,0.0
second_order_lift,658,1,0,-1.0,58.251137671183606,1.0068078656056518,1.0
second_order_lift,659,1,0,-1.0,54.63690662608436,1.6463229095302019,1.0
second_order_lift,660,1,0,-1.0,47.62935398699621,1.1810076096367743,0.0
second_order_lift,661,1,0,-1.0,46.95579397742858,0.2526293366162105,1.0
second_order_lift,662,1,0,-1.0,79.41385108955171,0.9275639900545201,4.0
second_order_lift,663,1,0,-1.0,53.26628437261468,1.0133688540418193,1.0
second_order_lift,664,1,0,-1.0,70.10978856417333,1.2664034748939552,2.0
second_order_lift,665,1,0,-1.0,70.78640991950154,1.367429213577526,1.0
second_order_lift,666,1,0,-1.0,26.029334696484696,0.286047345763027,0.0
second_order_lift,667,1,0,-1.0,40.120511103719,0.4324431879571588,0.0
second_order_lift,668,1,0,-1.0,30.10210922711299,0.34704710870493166,0.0
second_order_lift,669,1,0,-1.0,64.6844034300912,1.2389946194403947,2.0
second_order_lift,670,1,0,-1.0,46.03625744556105,0.8814112061846673,0.0
second_order_lift,671,1,0,-1.0,36.42702120251,0.14145895888993532,0.0
second_order_lift,672,1,0,-1.0,46.26049766487691,0.16382355845330315,0.0
second_order_lift,673,1,0,-1.0,26.99005926779201,-0.5241889018753162,0.0
second_order_lift,674,1,0,-1.0,39.65162928052018,0.6690258363314752,0.0
second_order_lift,675,1,0,-1.0,42.09078369125592,0.4384923498247496,0.0
second_order_lift,676,1,0,-1.0,72.67065197869465,1.777351920118272,2.0
second_order_lift,677,1,0,-1.0,56.97380861615109,0.9607770323571904,2.0
second_order_lift,678,1,0,-1.0,36.28691014034791,0.6811686738891336,1.0
second_order_lift,679,1,0,-1.0,63.72837053665642,1.2961712143417248,1.0
second_order_lift,680,1,0,-1.0,31.768963952624443,-0.09106455673400922,0.0
second_order_lift,681,1,0,-1.0,49.93119012209323,0.4528757860445596,0.0
second_order_lift,682,1,0,-1.0,49.40498943027445,1.4266404895069387,1.0
second_order_lift,683,1,0,-1.0,53.130892703564626,1.091636308100677,0.0
second_order_lift,684,1,0,-1.0,40.766839815065595,-0.04335351905185707,0.0
second_order_lift,685,1,0,-1.0,70.51986225258725,-0.1090957326106724,2.0
second_order_lift,686,1,0,-1.0,36.70342006714986,0.7819958107859776,1.0
second_order_lift,687,1,0,-1.0,87.69265519740854,1.5723636338726557,2.0
second_order_lift,688,1,0,-1.0,37.59994036223973,-0.05169808315849538,0.0
second_order_lift,689,1,0,-1.0,89.43635885379976,1.6530398918159506,3.0
second_order_lift,690,1,0,-1.0,81.6625300803942,1.0031614476942998,2.0
second_order_lift,691,1,0,-1.0,49.66076612741325,1.144499132778777,0.0
second_order_lift,692,1,0,-1.0,36.94909567733747,0.9472353061584554,1.0
second_order_lift,693,1,0,-1.0,49.610300225472066,0.16002296876624,1.0
second_order_lift,694,1,0,-1.0,47.91665690182874,0.441821648498115,0.0
second_order_lift,695,1,0,-1.0,59.64934383832566,-0.47440267887175736,1.0
second_order_lift,696,1,0,-1.0,51.99962535353201,1.0237292329520298,1.0
second_order_lift,697,1,0,-1.0,53.095618887859516,1.484080117598726,1.0
second_order_lift,698,1,0,-1.0,63.93786930386926,1.5664279394820082,1.0
second_order_lift,699,1,0,-1.0,56.79960290908541,1.0741555504610238,1.0
second_order_lift,700,1,0,-1.0,50.1570941618864,0.8802460262129775,1.0
second_order_lift,701,1,0,-1.0,64.53169298620756,1.1298863560824464,1.0
second_order_lift,702,1,0,-1.0,49.92395699464915,1.3206423590715346,1.0
second_order_lift,703,1,0,-1.0,20.777342668044184,1.0701053741297646,0.0
second_order_lift,704,1,0,-1.0,24.43117884572772,-0.3603266857961554,0.0
second_order_lift,705,1,0,-1.0,26.845106331164573,0.3566235028899001,0.0
second_order_lift,706,1,0,-1.0,70.4144532667711,1.6070873622640534,1.0
second_order_lift,707,1,0,-1.0,48.95671623886025,0.5232093784667572,2.0
second_order_lift,708,1,0,-1.0,47.58660180177354,0.9074088159603849,1.0
second_order_lift,709,1,0,-1.0,74.97955978659911,1.080174010967239,2.0
second_order_lift,710,1,0,-1.0,63.53969924789169,0.7167227137168986,2.0
second_order_lift,711,1,0,-1.0,37.31668120205277,-0.1341881038169917,0.0
second_order_lift,712,1,0,-1.0,47.83060277178151,0.45562898497582227,0.0
second_order_lift,713,1,0,-1.0,40.169370186759735,0.07269742648944426,1.0
second_order_lift,714,1,0,-1.0,72.61803279237843,0.6747818870018344,1.0
second_order_lift,715,1,0,-1.0,46.89729207942359,1.1079986139777922,1.0
second_order_lift,716,1,0,-1.0,39.12198339583082,0.23721777501695068,1.0
second_order_lift,717,1,0,-1.0,60.99469725327268,0.39842172508674273,1.0
second_order_lift,718,1,0,-1.0,76.38545130927162,-0.1700014826310481,2.0
second_order_lift,719,1,0,-1.0,31.750565845883827,0.34496797510701044,0.0
second_order_lift,720,1,0,-1.0,33.11889601951716,0.4822996286019493,0.0
second_order_lift,721,1,0,-1.0,53.13891532428266,0.9674332908571665,1.0
second_order_lift,722,1,0,-1.0,46.49062685284106,1.0613040917892527,0.0
second_order_lift,723,1,0,-1.0,31.399124053248862,-0.15503622894543953,1.0
second_order_lift,724,1,0,-1.0,48.18811688622229,0.47080347624591684,2.0
second_order_lift,725,1,0,-1.0,34.137770865009315,0.2980784168321739,1.0
second_order_lift,726,1,0,-1.0,65.24321771635351,1.29916263167006,2.0
second_order_lift,727,1,0,-1.0,33.41491016660664,0.9440585495588737,0.0
second_order_lift,728,1,0,-1.0,57.663915982470236,1.4725832057674777,1.0
second_order_lift,729,1,0,-1.0,45.740362727091444,0.6521834832512862,2.0
second_order_lift,730,1,0,-1.0,66.43872168565231,1.5973326449355985,2.0
second_order_lift,731,1,0,-1.0,71.54813091010128,1.4400841588225592,1.0
second_order_lift,732,1,0,-1.0,46.96358080993984,1.8423537548114637,1.0
second_order_lift,733,1,0,-1.0,68.96429250317681,1.452318891954504,2.0
second_order_lift,734,1,0,-1.0,53.11320277120711,0.7791318569425486,0.0
second_order_lift,735,1,0,-1.0,42.91414750641435,0.7210465892004543,0.0
second_order_lift,736,1,0,-1.0,62.445799380233666,0.790692428230456,2.0
second_order_lift,737,1,0,-1.0,49.392228082244735,0.3117231321397203,1.0
second_order_lift,738,1,0,-1.0,46.26908752808666,1.0702032257892173,1.0
second_order_lift,739,1,0,-1.0,77.63786368948416,2.187596566715569,2.0
second_order_lift,740,1,0,-1.0,58.76855512285154,0.3510264764821404,1.0
second_order_lift,741,1,0,-1.0,54.44728432845411,0.9628345094085393,1.0
second_order_lift,742,1,0,-1.0,70.53350856513062,0.8245526439163167,2.0
second_order_lift,743,1,0,-1.0,53.722377823611716,0.4027435237314513,1.0
second_order_lift,744,1,0,-1.0,50.53793054597541,0.8732545964406321,1.0
second_order_lift,745,1,0,-1.0,71.29961452111615,1.0314773320797186,1.0
second_order_lift,746,1,0,-1.0,85.75185848206175,1.5542592052373958,3.0
second_order_lift,747,1,0,-1.0,82.66857155721935,1.7197719178920314,2.0
second_order_lift,748,1,0,-1.0,49.491649755942134,1.3944709497315901,0.0
second_order_lift,749,1,0,-1.0,38.945961384688644,0.36003457079973017,0.0
second_order_lift,750,1,0,-1.0,47.9398863887707,1.1367602357390378,0.0
second_order_lift,751,1,0,-1.0,46.3055804730991,0.5021491931143373,0.0
second_order_lift,752,1,0,-1.0,42.48921656203743,0.8294324932488422,1.0
second_order_lift,753,1,0,-1.0,67.50227487604832,1.675578360262659,1.0
second_order_lift,754,1,0,-1.0,64.17452447501617,0.8925773682866333,1.0
second_order_lift,755,1,0,-1.0,48.07751879310865,1.290083527168089,0.0
second_order_lift,756,1,0,-1.0,64.44136133933435,1.3936203973795342,1.0
second_order_lift,757,1,0,-1.0,64.37280885675595,1.9753099455697491,1.0
second_order_lift,758,1,0,-1.0,47.57082588194251,1.0820999080944032,1.0
second_order_lift,759,1,0,-1.0,37.768882760653,0.38356805862031224,0.0
second_order_lift,760,1,0,-1.0,70.41070629882533,2.049411172586593,2.0
second_order_lift,761,1,0,-1.0,63.970521214216404,1.0554660981401243,2.0
second_order_lift,762,1,0,-1.0,46.407526108622015,1.4951138363162357,1.0
second_order_lift,763,1,0,-1.0,79.0111449877642,1.0330129022510797,2.0
second_order_lift,764,1,0,-1.0,62.700717993571395,0.9316657693054775,1.0
second_order_lift,765,1,0,-1.0,46.341460519945564,0.4679864098145016,0.0
second_order_lift,766,1,0,-1.0,32.43738964645194,0.2224934874177808,0.0
second_order_lift,767,1,0,-1.0,62.99602178381428,1.3187500616319423,1.0
second_order_lift,768,1,0,-1.0,73.76432535534938,1.777026533377957,1.0
second_order_lift,769,1,0,-1.0,41.61944304807706,0.7895784974703665,1.0
second_order_lift,770,1,0,-1.0,7.570492843132934,0.009001358669333043,0.0
second_order_lift,771,1,0,-1.0,29.943614474510618,0.6057428938880326,0.0
second_order_lift,772,1,0,-1.0,34.150678145762996,-0.45028158280355846,0.0
second_order_lift,773,1,0,-1.0,55.88007656811409,0.6614417454615495,1.0
second_order_lift,774,1,0,-1.0,99.0339483624438,1.5572712946097025,2.0
second_order_lift,775,1,0,-1.0,32.38586547998799,-0.06755407848125967,0.0
second_order_lift,776,1,0,-1.0,72.9233436100006,1.4401674158938602,1.0
second_order_lift,777,1,0,-1.0,88.03144512835647,2.9134961987277768,2.0
second_order_lift,778,1,0,-1.0,62.952823348917,1.0554198933486676,2.0
second_order_lift,779,1,0,-1.0,63.457089744621044,1.7069649997431786,1.0
second_order_lift,780,1,0,-1.0,53.88651938687972,0.8239747196366244,2.0
second_order_lift,781,1,0,-1.0,34.41801107366308,0.8314095433772487,1.0
second_order_lift,782,1,0,-1.0,75.01872343769895,1.6482812522956483,1.0
second_order_lift,783,1,0,-1.0,24.672729976957342,-0.18102911586913997,0.0
second_order_lift,784,1,0,-1.0,32.80211061956513,-0.06326839894933424,0.0
second_order_lift,785,1,0,-1.0,45.953911021840064,0.14581040152806118,0.0
second_order_lift,786,1,0,-1.0,33.500854386953534,-0.39646487749436377,0.0
second_order_lift,787,1,0,-1.0,89.21205674315578,2.9327252414102625,3.0
second_order_lift,788,1,0,-1.0,64.90629242851661,0.685673332442307,2.0
second_order_lift,789,1,0,-1.0,44.722249624904435,-0.23786028637587622,0.0
second_order_lift,790,1,0,-1.0,46.49964209788139,1.0806350419767123,1.0
second_order_lift,791,1,0,-1.0,56.133458264667546,0.6581538776722801,2.0
second_order_lift,792,1,0,-1.0,68.8547372509074,0.723261919095742,1.0
second_order_lift,793,1,0,-1.0,42.787214221593544,0.7889423784391368,1.0
second_order_lift,794,1,0,-1.0,48.141369746433156,1.1844048817564938,1.0
second_order_lift,795,1,0,-1.0,23.190311208856038,0.03392210273427454,0.0
second_order_lift,796,1,0,-1.0,76.28260982105265,1.7505109263579934,2.0
second_order_lift,797,1,0,-1.0,42.18673721733164,0.6580990348293944,1.0
second_order_lift,798,1,0,-1.0,54.728349444182015,1.4494574408326388,0.0
second_order_lift,799,1,0,-1.0,63.38304825262378,1.722969704397414,2.0
second_order_lift,800,1,0,-1.0,69.36457749770626,0.6083304264386626,1.0
second_order_lift,801,1,0,-1.0,53.794539593742215,1.0952267949088061,2.0
second_order_lift,802,1,0,-1.0,66.33502666318368,1.1814102975275542,1.0
second_order_lift,803,1,0,-1.0,28.6245388462877,0.7091747897639087,1.0
second_order_lift,804,1,0,-1.0,62.71114445604516,1.1598723830106576,0.0
second_order_lift,805,1,0,-1.0,95.45147092728973,2.6381726292611356,3.0
second_order_lift,806,1,0,-1.0,39.215899705121025,0.19667199681373873,1.0
second_order_lift,807,1,0,-1.0,41.7088579959725,0.2420959758486328,0.0
second_order_lift,808,1,0,-1.0,47.939894253758105,1.1704030055753991,1.0
second_order_lift,809,1,0,-1.0,45.53909072632045,0.6707569415445634,0.0
second_order_lift,810,1,0,-1.0,62.653113651786185,1.298848769391773,2.0
second_order_lift,811,1,0,-1.0,54.163292333955255,1.0078892713043488,0.0
second_order_lift,812,1,0,-1.0,53.83067666276659,0.7818684209359982,0.0
second_order_lift,813,1,0,-1.0,57.578847027852404,1.0840089642813762,1.0
second_order_lift,814,1,0,-1.0,61.812737044066594,1.020199729272265,1.0
second_order_lift,815,1,0,-1.0,37.49924352738927,-0.17777936667172595,0.0
second_order_lift,816,1,0,-1.0,66.46836004309097,0.5913767252581529,1.0
second_order_lift,817,1,0,-1.0,41.0080499921795,0.8240038158494044,0.0
second_order_lift,818,1,0,-1.0,61.128071666426855,1.0909503161203629,1.0
second_order_lift,819,1,0,-1.0,64.06747330846977,1.875128570410613,1.0
second_order_lift,820,1,0,-1.0,46.407102056704254,0.34657501501828736,0.0
second_order_lift,821,1,0,-1.0,78.73485771982828,1.831404037735468,3.0
second_order_lift,822,1,0,-1.0,37.05124577953665,0.2712367338611498,1.0
second_order_lift,823,1,0,-1.0,88.02585090440817,1.1398164118499117,4.0
second_order_lift,824,1,0,-1.0,33.08169382259172,-0.3544150058604955,0.0
second_order_lift,825,1,0,-1.0,44.05344770731772,0.5237755197591638,1.0
second_order_lift,826,1,0,-1.0,54.38473440317312,0.6279741873343248,0.0
second_order_lift,827,1,0,-1.0,50.54287588065641,1.3192534684125619,1.0
second_order_lift,828,1,0,-1.0,69.65383042989527,1.0889710384954023,0.0
second_order_lift,829,1,0,-1.0,39.935124337685096,0.8858114700610012,0.0
second_order_lift,830,1,0,-1.0,38.76881373352446,-0.37973827975863694,2.0
second_order_lift,831,1,0,-1.0,75.81700622574142,1.6229035560565948,2.0
second_order_lift,832,1,0,-1.0,60.062472992218545,1.4067949238075876,2.0
second_order_lift,833,1,0,-1.0,63.93233530105137,0.49449583619961995,1.0
second_order_lift,834,1,0,-1.0,36.1807253875872,1.1532686023783654,0.0
second_order_lift,835,1,0,-1.0,72.74863372293507,1.647041225505839,2.0
second_order_lift,836,1,0,-1.0,88.75880029647882,1.7330487868451434,4.0
second_order_lift,837,1,0,-1.0,42.464724682867,0.5635955529403555,0.0
second_order_lift,838,1,0,-1.0,39.47697478664901,-0.19821038292299234,0.0
second_order_lift,839,1,0,-1.0,33.95025236070132,0.7742092887409775,0.0
second_order_lift,840,1,0,-1.0,33.23471578515784,0.2876147526277371,1.0
second_order_lift,841,1,0,-1.0,42.42662700549242,1.453568848376179,0.0
second_order_lift,842,1,0,-1.0,59.631169501020366,2.4155591819981366,1.0
second_order_lift,843,1,0,-1.0,50.693726281083,0.42906000748179063,0.0
second_order_lift,844,1,0,-1.0,56.07854700793349,0.8503392161191741,1.0
second_order_lift,845,1,0,-1.0,39.601615621097785,0.312304731115109,0.0
second_order_lift,846,1,0,-1.0,27.562501707741774,-1.246935619877868,0.0
second_order_lift,847,1,0,-1.0,60.6692954679333,0.9452990195278816,1.0
second_order_lift,848,1,0,-1.0,64.82436601582515,1.0412944581552177,2.0
second_order_lift,849,1,0,-1.0,70.89186840385537,0.7248547307502173,1.0
second_order_lift,850,1,0,-1.0,52.454178847293456,0.7996088668342995,1.0
second_order_lift,851,1,0,-1.0,46.561577377293354,-0.31769665447259676,0.0
second_order_lift,852,1,0,-1.0,42.87348923196589,0.5414833124543419,0.0
second_order_lift,853,1,0,-1.0,49.56769533504034,0.6519509307009699,1.0
second_order_lift,854,1,0,-1.0,55.82014376422957,-0.8619944006702098,0.0
second_order_lift,855,1,0,-1.0,48.13983720553989,0.23712365576578298,1.0
second_order_lift,856,1,0,-1.0,71.9749759175456,1.637072341795341,2.0
second_order_lift,857,1,0,-1.0,65.73748303256085,1.0359712406766077,1.0
second_order_lift,858,1,0,-1.0,17.881035134147712,-0.0927095811721272,0.0
second_order_lift,859,1,0,-1.0,45.439221985739024,0.9338392224302349,1.0
second_order_lift,860,1,0,-1.0,32.798003228699244,-0.5194827432489736,0.0
second_order_lift,861,1,0,-1.0,35.65809411385946,0.3948653059882565,1.0
second_order_lift,862,1,0,-1.0,39.171933360021974,-0.18153449147237116,0.0
second_order_lift,863,1,0,-1.0,82.62845344274987,1.7658977877250077,3.0
second_order_lift,864,1,0,-1.0,46.623648045899685,0.7265966630264331,0.0
second_order_lift,865,1,0,-1.0,37.7635503409981,0.8951799415331407,0.0
second_order_lift,866,1,0,-1.0,71.74755078375932,2.5307927304080136,2.0
second_order_lift,867,1,0,-1.0,43.217588480652864,0.6204302652735344,1.0
second_order_lift,868,1,0,-1.0,36.22321784079126,1.0662784863652277,0.0
second_order_lift,869,1,0,-1.0,33.62769638015024,-0.17390539787712095,0.0
second_order_lift,870,1,0,-1.0,43.78886383849883,0.6450643057497377,1.0
second_order_lift,871,1,0,-1.0,40.216567285458865,0.08705522927901861,0.0
second_order_lift,872,1,0,-1.0,57.5385538679009,0.8438637842895993,0.0
second_order_lift,873,1,0,-1.0,38.69725396885338,1.1866079388362771,1.0
second_order_lift,874,1,0,-1.0,34.586883738664085,-0.0857729335144435,0.0
second_order_lift,875,1,0,-1.0,73.53517571054516,1.6507394519446075,3.0
second_order_lift,876,1,0,-1.0,42.045557943000176,0.3522365154567534,1.0
second_order_lift,877,1,0,-1.0,70.22452153793914,1.8423061555092939,1.0
second_order_lift,878,1,0,-1.0,49.033656030517946,0.9464649463317448,1.0
second_order_lift,879,1,0,-1.0,65.23762004800074,0.7863893442077134,2.0
second_order_lift,880,1,0,-1.0,63.820267761962185,1.2101769374042968,2.0
second_order_lift,881,1,0,-1.0,84.83648910647142,1.121694294061228,3.0
second_order_lift,882,1,0,-1.0,49.8212239978749,0.6412421618265027,1.0
second_order_lift,883,1,0,-1.0,38.81230504584874,0.8828956245778593,1.0
second_order_lift,884,1,0,-1.0,41.539645305554906,0.7114178712182554,1.0
second_order_lift,885,1,0,-1.0,46.782635171478404,1.1886261691584545,1.0
second_order_lift,886,1,0,-1.0,42.075788441493664,1.1567147965925324,0.0
second_order_lift,887,1,0,-1.0,53.32506148472235,-0.5375335733615697,1.0
second_order_lift,888,1,0,-1.0,60.16158995237282,1.9132140570363605,2.0
second_order_lift,889,1,0,-1.0,68.04855311956295,1.6762447273311956,2.0
second_order_lift,890,1,0,-1.0,56.16420168796811,1.0817913453035668,0.0
second_order_lift,891,1,0,-1.0,76.98763489545776,2.4703968997419987,1.0
second_order_lift,892,1,0,-1.0,58.05725241103954,0.7940618492379027,1.0
second_order_lift,893,1,0,-1.0,40.89429643893904,0.48251993987992275,0.0
second_order_lift,894,1,0,-1.0,49.60086647449547,1.0233647749545254,0.0
second_order_lift,895,1,0,-1.0,59.91304812994219,1.1280838539229132,1.0
second_order_lift,896,1,0,-1.0,49.811026774832136,0.18217256527882947,0.0
second_order_lift,897,1,0,-1.0,55.07878805739422,1.557617208139734,0.0
second_order_lift,898,1,0,-1.0,41.1082571800572,-0.3621650971366725,0.0
second_order_lift,899,1,0,-1.0,51.253892492483445,0.466578377992091,0.0
second_order_lift,900,1,0,-1.0,75.6396257678177,1.643966612352808,2.0
second_order_lift,901,1,0,-1.0,30.668884278012932,1.032150943620248,1.0
second_order_lift,902,1,0,-1.0,40.954920163370865,0.6331240021220803,0.0
second_order_lift,903,1,0,-1.0,56.90326705160629,0.9033814839633362,0.0
second_order_lift,904,1,0,-1.0,52.182667971658006,1.0739824650715877,1.0
second_order_lift,905,1,0,-1.0,23.19117028541227,0.09849975204125135,0.0
second_order_lift,906,1,0,-1.0,69.9710806642191,1.3633382502298774,1.0
second_order_lift,907,1,0,-1.0,47.54397889404346,0.9596867684600944,2.0
second_order_lift,908,1,0,-1.0,61.02276087905533,0.5695187112629643,3.0
second_order_lift,909,1,0,-1.0,70.53512155728687,1.5821088173070363,2.0
second_order_lift,910,1,0,-1.0,51.922437025887184,0.8152158096191136,0.0
second_order_lift,911,1,0,-1.0,63.808031435626425,1.3668269340432395,2.0
second_order_lift,912,1,0,-1.0,51.36341229624514,1.2044370462581204,0.0
second_order_lift,913,1,0,-1.0,62.44545446206452,1.6587913933932141,1.0
second_order_lift,914,1,0,-1.0,28.053128492580427,0.10009264425019954,0.0
second_order_lift,915,1,0,-1.0,70.40018151488415,2.250443230409444,1.0
second_order_lift,916,1,0,-1.0,79.39294270024126,2.213034117475885,3.0
second_order_lift,917,1,0,-1.0,27.5291031284307,0.49667492057192497,0.0
second_order_lift,918,1,0,-1.0,46.2899858493769,0.8790218751553195,1.0
second_order_lift,919,1,0,-1.0,48.28400910233123,0.6871883850587577,2.0
second_order_lift,920,1,0,-1.0,56.1900047809554,1.4814809021816266,1.0
second_order_lift,921,1,0,-1.0,45.279313641763096,0.32429888586467953,1.0
second_order_lift,922,1,0,-1.0,30.02240883029777,0.526693303623414,0.0
second_order_lift,923,1,0,-1.0,80.75359311219388,1.5185536470009726,2.0
second_order_lift,924,1,0,-1.0,56.84676281666916,0.4818639438398225,2.0
second_order_lift,925,1,0,-1.0,41.831485607470334,0.17806263884482013,0.0
second_order_lift,926,1,0,-1.0,71.82315885514484,1.5967030758760699,2.0
second_order_lift,927,1,0,-1.0,59.253359312297675,0.5844196225669728,2.0
second_order_lift,928,1,0,-1.0,44.4489498702795,0.7347657388324914,1.0
second_order_lift,929,1,0,-1.0,88.07963560789504,1.5982100471510874,3.0
second_order_lift,930,1,0,-1.0,63.13686458804274,1.2489212318456255,2.0
second_order_lift,931,1,0,-1.0,69.51878478540378,1.7385841805297486,1.0
second_order_lift,932,1,0,-1.0,54.60741754375533,-0.19163550053812473,1.0
second_order_lift,933,1,0,-1.0,71.74898273978191,0.9853034958100614,3.0
second_order_lift,934,1,0,-1.0,45.43743405025034,-0.32142682924010707,0.0
second_order_lift,935,1,0,-1.0,57.242563994155574,0.6161498594140589,0.0
second_order_lift,936,1,0,-1.0,62.28157556016964,0.4723904871392025,2.0
second_order_lift,937,1,0,-1.0,48.433002649566085,-0.22398350815810936,1.0
second_order_lift,938,1,0,-1.0,58.8512116901868,0.5399556436120156,1.0
second_order_lift,939,1,0,-1.0,58.59453795974511,0.8563922170945568,1.0
second_order_lift,940,1,0,-1.0,62.66912944885544,1.5892791577779555,3.0
second_order_lift,941,1,0,-1.0,56.93095767072717,1.4565708104873525,2.0
second_order_lift,942,1,0,-1.0,43.7917473580857,0.8640597936291257,1.0
second_order_lift,943,1,0,-1.0,52.98961481539837,-0.14637691290005875,1.0
second_order_lift,944,1,0,-1.0,48.75942836741472,-0.10938862843998672,0.0
second_order_lift,945,1,0,-1.0,53.007429610361214,0.5950222838782668,2.0
second_order_lift,946,1,0,-1.0,39.563185215085404,0.18754098842520883,1.0
second_order_lift,947,1,0,-1.0,59.89759018108572,0.9272562273917792,2.0
second_order_lift,948,1,0,-1.0,30.63122361692375,0.5331015364548531,0.0
second_order_lift,949,1,0,-1.0,53.95462110581183,0.6206611554320309,3.0
second_order_lift,950,1,0,-1.0,32.679150121347675,-0.5629103956105508,0.0
second_order_lift,951,1,0,-1.0,75.28994316041897,1.769730859970148,1.0
second_order_lift,952,1,0,-1.0,47.11507014734255,1.1909945680747407,1.0
second_order_lift,953,1,0,-1.0,62.206132620561235,1.8675674964565898,2.0
second_order_lift,954,1,0,-1.0,65.32687265737607,1.2332622229102965,1.0
second_order_lift,955,1,0,-1.0,37.02540128647351,0.33169162275281283,1.0
second_order_lift,956,1,0,-1.0,45.13460770747013,0.8949520441919452,1.0
second_order_lift,957,1,0,-1.0,65.41974735035845,2.1030321864037322,1.0
second_order_lift,958,1,0,-1.0,37.22548825889351,0.9903524082897883,1.0
second_order_lift,959,1,0,-1.0,52.381854936673946,1.0516048136978537,1.0
second_order_lift,960,1,0,-1.0,42.20240016567977,0.9461259462696703,1.0
second_order_lift,961,1,0,-1.0,47.35762356002176,0.15387419991802853,1.0
second_order_lift,962,1,0,-1.0,62.42042499684994,0.7771523866480453,1.0
second_order_lift,963,1,0,-1.0,98.35696349658328,2.473211895077005,3.0
second_order_lift,964,1,0,-1.0,61.56007173494676,0.49876785203698426,0.0
second_order_lift,965,1,0,-1.0,76.16373093520615,2.193178801404117,2.0
second_order_lift,966,1,0,-1.0,57.79869338952909,0.08081867592963889,0.0
second_order_lift,967,1,0,-1.0,91.20984058571052,1.3594879024094921,2.0
second_order_lift,968,1,0,-1.0,34.077865221140726,0.3901185983257797,0.0
second_order_lift,969,1,0,-1.0,83.78279233477616,1.8907212958945945,2.0
second_order_lift,970,1,0,-1.0,68.43955682174634,1.2037443195634137,1.0
second_order_lift,971,1,0,-1.0,49.36912000878205,0.4780708482396897,1.0
second_order_lift,972,1,0,-1.0,39.764091602701285,0.02852138512211755,0.0
second_order_lift,973,1,0,-1.0,53.38016550815503,0.5568067866135897,1.0
second_order_lift,974,1,0,-1.0,67.36130974125317,2.634737009701618,1.0
second_order_lift,975,1,0,-1.0,43.55120194752556,1.0744959602816173,0.0
second_order_lift,976,1,0,-1.0,60.96351884970949,1.048702377793917,1.0
second_order_lift,977,1,0,-1.0,54.100527041188265,1.1890152752598047,1.0
second_order_lift,978,1,0,-1.0,45.326763215237506,-0.055408289396945073,0.0
second_order_lift,979,1,0,-1.0,40.065190380455896,0.4471384901495496,0.0
second_order_lift,980,1,0,-1.0,51.08963778626604,0.9965721894798875,1.0
second_order_lift,981,1,0,-1.0,60.74486621758882,1.2602798418551175,2.0
second_order_lift,982,1,0,-1.0,78.95173407841192,1.1677363483281424,1.0
second_order_lift,983,1,0,-1.0,72.93095233477595,1.11447767960568,1.0
second_order_lift,984,1,0,-1.0,53.290039150430815,0.7890142495635776,1.0
second_order_lift,985,1,0,-1.0,62.613159498418575,0.9696226568913939,2.0
second_order_lift,986,1,0,-1.0,75.28786226090594,1.5530967975624241,1.0
second_order_lift,987,1,0,-1.0,74.43173029038606,1.8902704410669067,2.0
second_order_lift,988,1,0,-1.0,58.732357715063884,1.1092171618469495,3.0
second_order_lift,989,1,0,-1.0,52.60033263726625,0.5887578293944494,0.0
second_order_lift,990,1,0,-1.0,45.36728810956385,0.7043521902972213,0.0
second_order_lift,991,1,0,-1.0,60.19058728830449,0.21370136713606278,0.0
second_order_lift,992,1,0,-1.0,52.63130835720307,0.5973146771041461,1.0
second_order_lift,993,1,0,-1.0,46.52739853441698,0.9141001584452522,1.0
second_order_lift,994,1,0,-1.0,57.90890560324763,0.930799268148296,1.0
second_order_lift,995,1,0,-1.0,45.36028928537542,0.942136267863981,0.0
second_order_lift,996,1,0,-1.0,28.487675870322757,0.34329880102264015,0.0
second_order_lift,997,1,0,-1.0,65.065005718395,0.9473611330572673,1.0
second_order_lift,998,1,0,-1.0,53.13967304683166,1.476889314532434,1.0
second_order_lift,999,1,0,-1.0,68.61361490614877,0.9134914392432945,2.0
branch_heterogeneity,0,1,1,219.0,1021.151135172464,11.31252176983646,10.0
branch_heterogeneity,1,1,1,219.0,873.8857923798764,10.208936207954077,9.0
branch_heterogeneity,2,1,1,219.0,981.9223271445182,11.478555849177498,9.0
branch_heterogeneity,3,1,1,219.0,1008.9164954865844,10.751711033554901,10.0
branch_heterogeneity,4,1,1,219.0,958.7871413169111,11.157447318605293,10.0
branch_heterogeneity,5,1,1,219.0,997.3645724897096,12.626332965667844,11.0
branch_heterogeneity,6,1,1,219.0,994.7728608069276,11.431587819856057,10.0
branch_heterogeneity,7,1,1,219.0,991.6205738327899,11.699724953014051,10.0
branch_heterogeneity,8,1,1,219.0,1035.4587538515366,11.813632098667435,11.0
branch_heterogeneity,9,1,1,219.0,862.7928571267192,12.667085231964856,9.0
branch_heterogeneity,10,1,1,219.0,996.8151571762099,14.211622412417912,9.0
branch_heterogeneity,11,1,1,219.0,1021.7468974871572,12.217686663358808,9.0
branch_heterogeneity,12,1,1,219.0,896.6069050632424,10.281550595820008,10.0
branch_heterogeneity,13,1,1,219.0,982.1297475221176,11.995669927770757,8.0
branch_heterogeneity,14,1,1,219.0,1058.4908128196766,10.849767039203387,11.0
branch_heterogeneity,15,1,1,219.0,890.5425423986646,9.182330524891158,8.0
branch_heterogeneity,16,1,1,219.0,1011.5456624811846,12.606219477864371,9.0
branch_heterogeneity,17,1,1,219.0,1011.2781916414738,14.162388752023642,10.0
branch_heterogeneity,18,1,1,219.0,960.4805658956972,12.02540016618413,9.0
branch_heterogeneity,19,1,1,219.0,1032.9223928847769,12.630297432275022,10.0
branch_heterogeneity,20,1,1,219.0,950.2090469404336,11.595597683332816,10.0
branch_heterogeneity,21,1,1,219.0,1000.5427046832876,12.114978168328866,10.0
branch_heterogeneity,22,1,1,219.0,996.8864737845157,12.616497329709036,10.0
branch_heterogeneity,23,1,1,219.0,1037.3520124589922,13.174868661387222,10.0
branch_heterogeneity,24,1,1,219.0,934.5960478155416,11.350692085202283,9.0
branch_heterogeneity,25,1,1,219.0,1086.1491738167222,12.06442969733853,10.0
branch_heterogeneity,26,1,1,219.0,1113.3958699107188,12.551167231334658,9.0
branch_heterogeneity,27,1,1,219.0,948.5585350085681,10.559713403646734,10.0
branch_heterogeneity,28,1,1,219.0,1005.8532130585128,11.818932259245361,11.0
branch_heterogeneity,29,1,1,219.0,962.8546670629158,11.99418918589193,11.0
branch_heterogeneity,30,1,1,219.0,983.8587404208685,13.752225794157699,10.0
branch_heterogeneity,31,1,1,219.0,1058.2317970841768,14.066241696301173,10.0
branch_heterogeneity,32,1,1,219.0,1009.3253510196284,10.919468361874078,10.0
branch_heterogeneity,33,1,1,219.0,964.4740656284291,11.972344740990627,10.0
branch_heterogeneity,34,1,1,219.0,1007.7822951533575,12.521050785643444,10.0
branch_heterogeneity,35,1,1,219.0,1002.3466931473796,13.300614056520885,11.0
branch_heterogeneity,36,1,1,219.0,961.6331202455735,11.103385975186905,8.0
branch_heterogeneity,37,1,1,219.0,902.3674724647358,10.443845563739483,10.0
branch_heterogeneity,38,1,1,219.0,1002.8416565282145,12.433698043953125,10.0
branch_heterogeneity,39,1,1,219.0,962.370554385306,12.049076026019897,10.0
branch_heterogeneity,40,1,1,219.0,950.4150344106197,10.789438548934305,9.0
branch_heterogeneity,41,1,1,219.0,1093.6199083781594,12.997724961079934,9.0
branch_heterogeneity,42,1,1,219.0,953.8348606460281,10.081384534697074,11.0
branch_heterogeneity,43,1,1,219.0,1062.660069224607,14.683616394167023,10.0
branch_heterogeneity,44,1,1,219.0,1023.6608696204778,11.628094672068196,10.0
branch_heterogeneity,45,1,1,219.0,1046.0645429056926,13.73765542248428,9.0
branch_heterogeneity,46,1,1,219.0,1116.4162143258961,14.577831129062064,10.0
branch_heterogeneity,47,1,1,219.0,1056.7355009752212,13.285139221071063,10.0
branch_heterogeneity,48,1,1,219.0,967.4927910316853,12.167909442503989,10.0
branch_heterogeneity,49,1,1,219.0,1048.5523702232897,12.15032325389375,9.0
branch_heterogeneity,50,1,1,219.0,1055.0757834731378,13.344353346623743,11.0
branch_heterogeneity,51,1,1,219.0,911.1296057754832,11.87179678917409,10.0
branch_heterogeneity,52,1,1,219.0,1010.9607869610994,13.133978873318995,11.0
branch_heterogeneity,53,1,1,219.0,1059.5048030066093,14.206033441802173,10.0
branch_heterogeneity,54,1,1,219.0,1031.5304226361177,10.616492765657545,8.0
branch_heterogeneity,55,1,1,219.0,981.5893722251315,11.550861232179864,9.0
branch_heterogeneity,56,1,1,219.0,949.5626076933819,11.661134196938443,10.0
branch_heterogeneity,57,1,1,219.0,814.235047185276,10.08287005853059,9.0
branch_heterogeneity,58,1,1,219.0,1061.244634040936,11.109431377482025,10.0
branch_heterogeneity,59,1,1,219.0,989.0933876773965,10.386829932699818,10.0
branch_heterogeneity,60,1,1,219.0,1034.9110730013745,12.516444857336417,10.0
branch_heterogeneity,61,1,1,219.0,1055.7643266548962,11.126022981613836,9.0
branch_heterogeneity,62,1,1,219.0,991.3253635079631,9.556885903814175,10.0
branch_heterogeneity,63,1,1,219.0,874.2592176037313,11.448444153691108,10.0
branch_heterogeneity,64,1,1,219.0,1017.580196754774,9.126109827227227,9.0
branch_heterogeneity,65,1,1,219.0,1022.9505627567107,9.374583480992426,9.0
branch_heterogeneity,66,1,1,219.0,1000.2212765965588,12.066614622642666,10.0
branch_heterogeneity,67,1,1,219.0,1067.987615662973,11.205411170982355,9.0
branch_heterogeneity,68,1,1,219.0,1029.4049298232917,11.974667388528534,9.0
branch_heterogeneity,69,1,1,219.0,987.0315540937167,13.199060401969428,11.0
branch_heterogeneity,70,1,1,219.0,1027.6062906555035,11.621509746512999,9.0
branch_heterogeneity,71,1,1,219.0,1057.4359058929938,13.48547931608004,10.0
branch_heterogeneity,72,1,1,219.0,1042.251016351064,13.107176312110896,9.0
branch_heterogeneity,73,1,1,219.0,959.6976157008662,11.221587172608595,9.0
branch_heterogeneity,74,1,1,219.0,1054.7171155168746,11.89969851208465,10.0
branch_heterogeneity,75,1,1,219.0,970.5093132301114,13.399404828624062,9.0
branch_heterogeneity,76,1,1,219.0,945.1649376449835,12.403671111261371,10.0
branch_heterogeneity,77,1,1,219.0,967.1175368715338,10.945985982856318,9.0
branch_heterogeneity,78,1,1,219.0,963.296684747221,11.714426343767736,9.0
branch_heterogeneity,79,1,1,219.0,954.2843434204491,11.965281856433705,9.0
branch_heterogeneity,80,1,1,219.0,956.7641805786643,10.9617029347942,10.0
branch_heterogeneity,81,1,1,219.0,1036.3092846925856,12.755129842761415,10.0
branch_heterogeneity,82,1,1,219.0,934.3655653672649,11.732968850062665,9.0
branch_heterogeneity,83,1,1,219.0,942.8719646336826,11.871862585893279,9.0
branch_heterogeneity,84,1,1,219.0,905.5505411540146,11.661090453203768,9.0
branch_heterogeneity,85,1,1,219.0,928.4788966492353,9.173253590711884,11.0
branch_heterogeneity,86,1,1,219.0,960.0519862150678,12.746986078716418,10.0
branch_heterogeneity,87,1,1,219.0,982.6391579360114,12.997417683556455,9.0
branch_heterogeneity,88,1,1,219.0,946.2853529937184,10.868512330715827,10.0
branch_heterogeneity,89,1,1,219.0,1088.820624039237,12.44641182040582,10.0
branch_heterogeneity,90,1,1,219.0,1003.5227137969356,12.002939465420955,10.0
branch_heterogeneity,91,1,1,219.0,997.5968215112936,13.246641967521612,10.0
branch_heterogeneity,92,1,1,219.0,1008.9325952625977,13.307353087604707,10.0
branch_heterogeneity,93,1,1,219.0,1026.9748759180914,13.80069068270842,10.0
branch_heterogeneity,94,1,1,219.0,1026.487695510823,12.628072375227251,10.0
branch_heterogeneity,95,1,1,219.0,1001.2426558108393,10.74473987638517,11.0
branch_heterogeneity,96,1,1,219.0,910.815875371211,10.744624492263151,10.0
branch_heterogeneity,97,1,1,219.0,1035.0947746222764,14.495690470133717,9.0
branch_heterogeneity,98,1,1,219.0,1001.4837605582379,12.746179927005997,9.0
branch_heterogeneity,99,1,1,219.0,927.5546236281891,13.124553035060051,9.0
branch_heterogeneity,100,1,1,219.0,1007.604041102188,11.530087636809315,9.0
branch_heterogeneity,101,1,1,219.0,975.654050439455,13.570578425716898,9.0
branch_heterogeneity,102,1,1,219.0,915.9336444069666,12.74294433974218,10.0
branch_heterogeneity,103,1,1,219.0,972.843852898525,10.81481233339011,10.0
branch_heterogeneity,104,1,1,219.0,935.4062582133982,13.157484145641828,10.0
branch_heterogeneity,105,1,1,219.0,1012.7207210135284,12.518490183621742,10.0
branch_heterogeneity,106,1,1,219.0,873.7624551755533,10.763654170623948,10.0
branch_heterogeneity,107,1,1,219.0,1014.7156634939261,11.628901544006323,9.0
branch_heterogeneity,108,1,1,219.0,985.6467887543307,12.053636142345496,10.0
branch_heterogeneity,109,1,1,219.0,1020.1582507007952,14.657561070244071,10.0
branch_heterogeneity,110,1,1,219.0,990.7019959417635,13.028334754087922,10.0
branch_heterogeneity,111,1,1,219.0,949.6182356771687,10.173511098242475,10.0
branch_heterogeneity,112,1,1,219.0,993.7713671641327,11.591416814684369,9.0
branch_heterogeneity,113,1,1,219.0,1006.1888933248075,12.072055886550372,10.0
branch_heterogeneity,114,1,1,219.0,980.5626963084565,12.135899410086813,10.0
branch_heterogeneity,115,1,1,219.0,964.2827149775701,12.212270661031253,11.0
branch_heterogeneity,116,1,1,219.0,989.2232606166945,13.158803450635336,9.0
branch_heterogeneity,117,1,1,219.0,1025.6769827769554,11.120022631500513,10.0
branch_heterogeneity,118,1,1,219.0,958.7918923987622,9.583471685717512,10.0
branch_heterogeneity,119,1,1,219.0,950.6670235803482,11.74644555185803,11.0
branch_heterogeneity,120,1,1,219.0,1122.5158038743061,12.009346121571914,10.0
branch_heterogeneity,121,1,1,219.0,973.5770680251918,12.574645613772988,10.0
branch_heterogeneity,122,1,1,219.0,1048.7723654384145,12.23300156098683,9.0
branch_heterogeneity,123,1,1,219.0,935.4819216564166,10.566617092003716,8.0
branch_heterogeneity,124,1,1,219.0,934.2361322600809,11.305436598496593,10.0
branch_heterogeneity,125,1,1,219.0,962.5003716490938,12.43752810060467,9.0
branch_heterogeneity,126,1,1,219.0,1069.5151002365537,14.832762922924093,10.0
branch_heterogeneity,127,1,1,219.0,952.6217196811082,11.899072457842793,10.0
branch_heterogeneity,128,1,1,219.0,1004.7635284941111,12.408860704667235,10.0
branch_heterogeneity,129,1,1,219.0,923.8591230350264,9.640334995487578,8.0
branch_heterogeneity,130,1,1,219.0,1020.829674332703,15.333138643189217,9.0
branch_heterogeneity,131,1,1,219.0,1076.1261848958618,13.145158322311655,10.0
branch_heterogeneity,132,1,1,219.0,1034.2890293272549,13.474160528371582,10.0
branch_heterogeneity,133,1,1,219.0,1006.1609399208899,11.414992413067793,10.0
branch_heterogeneity,134,1,1,219.0,964.9290465453611,11.975752951018418,9.0
branch_heterogeneity,135,1,1,219.0,1100.12859283443,12.28173092330397,10.0
branch_heterogeneity,136,1,1,219.0,972.037627936724,9.985588525535004,10.0
branch_heterogeneity,137,1,1,219.0,969.7222912286434,12.526684706897639,10.0
branch_heterogeneity,138,1,1,219.0,1001.4316621790165,9.554226870683134,10.0
branch_heterogeneity,139,1,1,219.0,993.80988612316,12.325065797559716,9.0
branch_heterogeneity,140,1,1,219.0,848.0210414744095,11.052845285546187,9.0
branch_heterogeneity,141,1,1,219.0,891.4035878070355,10.02570666036422,10.0
branch_heterogeneity,142,1,1,219.0,1036.5103692661262,12.620367967009738,9.0
branch_heterogeneity,143,1,1,219.0,985.7386202908762,13.421566237783914,10.0
branch_heterogeneity,144,1,1,219.0,1036.876919225414,13.387192401657513,9.0
branch_heterogeneity,145,1,1,219.0,1076.8800641812845,11.395920473776261,11.0
branch_heterogeneity,146,1,1,219.0,989.064973395915,10.465724582860902,10.0
branch_heterogeneity,147,1,1,219.0,995.2767144928004,13.723868312182438,10.0
branch_heterogeneity,148,1,1,219.0,892.5410597784421,10.040553760192237,9.0
branch_heterogeneity,149,1,1,219.0,941.1540144468075,11.282661935341892,9.0
branch_heterogeneity,150,1,1,219.0,1026.8258769616225,11.469299403315292,10.0
branch_heterogeneity,151,1,1,219.0,949.1143763413778,11.110344389795205,10.0
branch_heterogeneity,152,1,1,219.0,958.114890815478,11.158901159155302,10.0
branch_heterogeneity,153,1,1,219.0,1037.1575797814023,12.105981315066378,10.0
branch_heterogeneity,154,1,1,219.0,1061.7653609533977,14.950960511148395,11.0
branch_heterogeneity,155,1,1,219.0,1062.9268623184896,11.729771954788285,9.0
branch_heterogeneity,156,1,1,219.0,960.799300193577,12.172840492808882,9.0
branch_heterogeneity,157,1,1,219.0,1058.3766313370586,12.08608899087337,9.0
branch_heterogeneity,158,1,1,219.0,956.5253151871404,12.602378388463098,10.0
branch_heterogeneity,159,1,1,219.0,946.5910899990288,11.966447544663371,9.0
branch_heterogeneity,160,1,1,219.0,794.8084546439663,7.984804774679669,10.0
branch_heterogeneity,161,1,1,219.0,949.5591013840117,12.677921377851733,10.0
branch_heterogeneity,162,1,1,219.0,1042.5760716903842,14.084917936366924,10.0
branch_heterogeneity,163,1,1,219.0,961.7339284435164,10.363240311069314,9.0
branch_heterogeneity,164,1,1,219.0,1072.4910515322633,10.420190103549483,10.0
branch_heterogeneity,165,1,1,219.0,922.5958878360345,12.468341494374792,11.0
branch_heterogeneity,166,1,1,219.0,859.8414257065906,12.140051504888302,11.0
branch_heterogeneity,167,1,1,219.0,976.9167055339828,12.753085604663326,9.0
branch_heterogeneity,168,1,1,219.0,1029.8771302089112,13.0916746138337,9.0
branch_heterogeneity,169,1,1,219.0,1052.5595057803064,13.120156235028967,11.0
branch_heterogeneity,170,1,1,219.0,903.7391691475225,10.22920394038508,10.0
branch_heterogeneity,171,1,1,219.0,964.8011063423804,11.79578881162983,10.0
branch_heterogeneity,172,1,1,219.0,1011.5307046201501,9.647828367234741,9.0
branch_heterogeneity,173,1,1,219.0,937.9428649918734,12.503715094209616,9.0
branch_heterogeneity,174,1,1,219.0,945.7019740679501,13.564855765918047,10.0
branch_heterogeneity,175,1,1,219.0,1030.6837984712993,13.134321338614567,12.0
branch_heterogeneity,176,1,1,219.0,963.2151022875305,12.235382039053233,9.0
branch_heterogeneity,177,1,1,219.0,996.8383203768614,10.984583110119383,10.0
branch_heterogeneity,178,1,1,219.0,954.9570100440486,11.374981888872316,8.0
branch_heterogeneity,179,1,1,219.0,1069.3173439766158,11.482519656069927,9.0
branch_heterogeneity,180,1,1,219.0,1063.7105804436264,11.276385132818689,11.0
branch_heterogeneity,181,1,1,219.0,1059.1425881655423,13.309422768643687,10.0
branch_heterogeneity,182,1,1,219.0,972.7060341987087,13.216197203083258,10.0
branch_heterogeneity,183,1,1,219.0,968.2068124227574,11.494540619150671,9.0
branch_heterogeneity,184,1,1,219.0,991.2066673199834,11.895659990540732,9.0
branch_heterogeneity,185,1,1,219.0,983.239189685969,12.03096467996344,10.0
branch_heterogeneity,186,1,1,219.0,1039.2423869271897,11.760918769876579,10.0
branch_heterogeneity,187,1,1,219.0,955.6577167840866,13.321437105501923,12.0
branch_heterogeneity,188,1,1,219.0,1060.7258480982039,13.053069622481503,9.0
branch_heterogeneity,189,1,1,219.0,976.1613578244068,10.844627889705068,10.0
branch_heterogeneity,190,1,1,219.0,964.2862345392564,12.497988351918025,10.0
branch_heterogeneity,191,1,1,219.0,917.5696651515826,11.603742775529374,10.0
branch_heterogeneity,192,1,1,219.0,1104.7443739915784,12.359004846061403,11.0
branch_heterogeneity,193,1,1,219.0,1149.435624264323,14.187410600519923,9.0
branch_heterogeneity,194,1,1,219.0,987.9623441399912,10.524010976280772,10.0
branch_heterogeneity,195,1,1,219.0,925.7304162392066,12.672300390235385,10.0
branch_heterogeneity,196,1,1,219.0,1039.0622803367946,13.74247821911301,10.0
branch_heterogeneity,197,1,1,219.0,1019.4065469868732,13.198727413606807,10.0
branch_heterogeneity,198,1,1,219.0,930.4281540122843,13.08219857026853,11.0
branch_heterogeneity,199,1,1,219.0,1050.7096520112127,11.709166082645194,9.0
branch_heterogeneity,200,1,1,219.0,1046.5607076758122,13.694092548541688,10.0
branch_heterogeneity,201,1,1,219.0,943.550207490401,11.304033373563522,9.0
branch_heterogeneity,202,1,1,219.0,1009.0622306850156,11.713705999160641,10.0
branch_heterogeneity,203,1,1,219.0,985.9575959229912,11.433918862145703,9.0
branch_heterogeneity,204,1,1,219.0,961.6286290939305,10.991737288863117,9.0
branch_heterogeneity,205,1,1,219.0,965.0446920935253,9.505344091085554,10.0
branch_heterogeneity,206,1,1,219.0,1045.3676773455486,10.668080589250854,9.0
branch_heterogeneity,207,1,1,219.0,1022.9073368398647,12.069020396703687,10.0
branch_heterogeneity,208,1,1,219.0,926.0612346798819,10.908878739637792,9.0
branch_heterogeneity,209,1,1,219.0,855.9813900484039,10.837446794384242,12.0
branch_heterogeneity,210,1,1,219.0,1089.188829493803,14.182207207554942,11.0
branch_heterogeneity,211,1,1,219.0,987.1254681092731,11.912887774667995,9.0
branch_heterogeneity,212,1,1,219.0,1042.306076797278,12.60153150437998,9.0
branch_heterogeneity,213,1,1,219.0,983.0787541309054,13.709286993632517,10.0
branch_heterogeneity,214,1,1,219.0,890.197593411719,10.589263595420528,10.0
branch_heterogeneity,215,1,1,219.0,954.4024327892488,10.239934541191078,8.0
branch_heterogeneity,216,1,1,219.0,975.0700577392399,12.375540128875603,9.0
branch_heterogeneity,217,1,1,219.0,921.6902787121571,11.77630638076847,10.0
branch_heterogeneity,218,1,1,219.0,983.7104030379041,11.271795566848692,9.0
branch_heterogeneity,219,1,1,219.0,851.9296700437764,10.5230063012721,9.0
branch_heterogeneity,220,1,1,219.0,1059.1882611670264,11.959152933862548,11.0
branch_heterogeneity,221,1,1,219.0,992.2886064653251,9.783222761797807,9.0
branch_heterogeneity,222,1,1,219.0,935.506098204447,11.277214325504609,10.0
branch_heterogeneity,223,1,1,219.0,1049.587364446412,12.728264526147957,10.0
branch_heterogeneity,224,1,1,219.0,1031.4680153797567,10.6067078348015,9.0
branch_heterogeneity,225,1,1,219.0,1052.556435870437,12.638778721107686,10.0
branch_heterogeneity,226,1,1,219.0,909.0840632824637,9.947954567725638,9.0
branch_heterogeneity,227,1,1,219.0,951.491595403796,11.211656438649744,10.0
branch_heterogeneity,228,1,1,219.0,951.0479271203693,11.733117923323979,9.0
branch_heterogeneity,229,1,1,219.0,1084.153583503591,13.495963978474903,11.0
branch_heterogeneity,230,1,1,219.0,1003.6281629284001,12.473952246988958,9.0
branch_heterogeneity,231,1,1,219.0,925.3066155138483,11.545304930199633,11.0
branch_heterogeneity,232,1,1,219.0,1018.77504024386,13.007188790730197,10.0
branch_heterogeneity,233,1,1,219.0,924.2792669426033,10.824111994579422,9.0
branch_heterogeneity,234,1,1,219.0,987.4834101849668,11.25058018515891,10.0
branch_heterogeneity,235,1,1,219.0,1095.9967076606501,12.542619951543129,10.0
branch_heterogeneity,236,1,1,219.0,1020.8145438320672,12.91228076576197,9.0
branch_heterogeneity,237,1,1,219.0,972.203692015252,11.713299725603756,11.0
branch_heterogeneity,238,1,1,219.0,1032.0909327465947,13.098746175780585,9.0
branch_heterogeneity,239,1,1,219.0,1072.943470675304,13.25916083114371,10.0
branch_heterogeneity,240,1,1,219.0,992.6183976140691,13.93397655193555,9.0
branch_heterogeneity,241,1,1,219.0,993.614461572103,12.810962528332423,11.0
branch_heterogeneity,242,1,1,219.0,1060.7530698585358,12.846774926411586,11.0
branch_heterogeneity,243,1,1,219.0,953.1759976263556,12.941278257544072,10.0
branch_heterogeneity,244,1,1,219.0,970.4431036722509,9.973879922666331,10.0
branch_heterogeneity,245,1,1,219.0,1016.6445712770526,13.432852920808658,10.0
branch_heterogeneity,246,1,1,219.0,949.2697742326122,11.966526947389967,10.0
branch_heterogeneity,247,1,1,219.0,920.928199502244,11.87442094493743,9.0
branch_heterogeneity,248,1,1,219.0,899.2274898828246,12.186146911276122,10.0
branch_heterogeneity,249,1,1,219.0,947.0480880463417,12.839004761601357,9.0
branch_heterogeneity,250,1,1,219.0,958.7410247939702,13.863740859027923,10.0
branch_heterogeneity,251,1,1,219.0,1035.7259764547093,11.362317450712455,10.0
branch_heterogeneity,252,1,1,219.0,898.6407193650354,10.611621298711823,10.0
branch_heterogeneity,253,1,1,219.0,980.4404261096461,12.709848111427215,10.0
branch_heterogeneity,254,1,1,219.0,1002.4415319538938,11.583153000947457,9.0
branch_heterogeneity,255,1,1,219.0,1039.8116410909906,13.219238335815371,9.0
branch_heterogeneity,256,1,1,219.0,1045.3470606984506,12.044080349518802,9.0
branch_heterogeneity,257,1,1,219.0,923.5207844380877,11.700064355176988,11.0
branch_heterogeneity,258,1,1,219.0,946.5165809242858,12.139573661812202,9.0
branch_heterogeneity,259,1,1,219.0,1040.0180004303338,12.362849438136301,10.0
branch_heterogeneity,260,1,1,219.0,1016.5952943176901,13.156218005257186,10.0
branch_heterogeneity,261,1,1,219.0,996.4279988363073,11.69447213856419,11.0
branch_heterogeneity,262,1,1,219.0,960.9573148334212,12.87717867726066,10.0
branch_heterogeneity,263,1,1,219.0,1082.0301853814462,13.06388241078555,10.0
branch_heterogeneity,264,1,1,219.0,1013.5646558545673,11.533593878373829,9.0
branch_heterogeneity,265,1,1,219.0,906.5762211355451,13.317085134980394,10.0
branch_heterogeneity,266,1,1,219.0,1055.5798849658959,13.539151249814239,11.0
branch_heterogeneity,267,1,1,219.0,919.6349685069613,12.792090226048487,10.0
branch_heterogeneity,268,1,1,219.0,979.5801771219714,12.150752257701958,10.0
branch_heterogeneity,269,1,1,219.0,1021.0088363086381,12.951870850138166,9.0
branch_heterogeneity,270,1,1,219.0,1072.1146513385966,11.571243041001074,10.0
branch_heterogeneity,271,1,1,219.0,995.7355156095813,12.250829925323574,9.0
branch_heterogeneity,272,1,1,219.0,879.6677058398768,9.764146654008607,8.0
branch_heterogeneity,273,1,1,219.0,1023.3760898273955,10.112830715665442,10.0
branch_heterogeneity,274,1,1,219.0,906.2793866029224,11.853978735771838,11.0
branch_heterogeneity,275,1,1,219.0,1021.7752507418545,12.453187953132765,10.0
branch_heterogeneity,276,1,1,219.0,970.7440487713766,13.005911139961974,10.0
branch_heterogeneity,277,1,1,219.0,1039.2458970186165,11.642514296343572,9.0
branch_heterogeneity,278,1,1,219.0,880.8486651560105,10.535971043510715,9.0
branch_heterogeneity,279,1,1,219.0,1104.4729611674056,12.727521510249247,10.0
branch_heterogeneity,280,1,1,219.0,967.2384000228539,14.647437157830652,11.0
branch_heterogeneity,281,1,1,219.0,949.0088121476465,12.68274414012338,10.0
branch_heterogeneity,282,1,1,219.0,980.5520064397215,12.839523863493604,10.0
branch_heterogeneity,283,1,1,219.0,983.3473905147478,11.233858738732518,10.0
branch_heterogeneity,284,1,1,219.0,878.7637348227922,10.229544767046754,10.0
branch_heterogeneity,285,1,1,219.0,991.0974066622734,12.956072411412617,10.0
branch_heterogeneity,286,1,1,219.0,986.4474981174285,13.260854966439272,10.0
branch_heterogeneity,287,1,1,219.0,973.8859150623774,12.792623118024762,10.0
branch_heterogeneity,288,1,1,219.0,910.0983213801759,9.130363675927697,10.0
branch_heterogeneity,289,1,1,219.0,967.9397350135364,12.937518030516538,10.0
branch_heterogeneity,290,1,1,219.0,904.331199044708,10.987730622177335,9.0
branch_heterogeneity,291,1,1,219.0,988.4562274382295,11.801238854947918,9.0
branch_heterogeneity,292,1,1,219.0,953.3105619195508,11.813979132603384,10.0
branch_heterogeneity,293,1,1,219.0,1050.5557752694285,13.002822850505897,11.0
branch_heterogeneity,294,1,1,219.0,1084.7223489329715,11.861058904270276,9.0
branch_heterogeneity,295,1,1,219.0,1057.4801486906435,12.096254609819805,9.0
branch_heterogeneity,296,1,1,219.0,1019.8738108814753,11.66199839548605,10.0
branch_heterogeneity,297,1,1,219.0,883.7236943657787,11.727483395940334,10.0
branch_heterogeneity,298,1,1,219.0,987.9760256382496,12.621623729868235,11.0
branch_heterogeneity,299,1,1,219.0,893.9089978096488,11.237828794111161,9.0
branch_heterogeneity,300,1,1,219.0,965.4018156933563,11.77798787695183,9.0
branch_heterogeneity,301,1,1,219.0,1019.8122665927219,12.218386860563324,8.0
branch_heterogeneity,302,1,1,219.0,1013.4028408361604,13.575222384616282,9.0
branch_heterogeneity,303,1,1,219.0,979.02994150526,11.258328716031476,9.0
branch_heterogeneity,304,1,1,219.0,927.9948173169879,9.811649192861612,9.0
branch_heterogeneity,305,1,1,219.0,1027.5853434454214,13.095978483900526,10.0
branch_heterogeneity,306,1,1,219.0,976.6161121955068,11.320535095881056,9.0
branch_heterogeneity,307,1,1,219.0,942.4786906643167,11.510738640687407,10.0
branch_heterogeneity,308,1,1,219.0,1010.7672453550103,12.731193138605787,9.0
branch_heterogeneity,309,1,1,219.0,907.2152727783363,11.830275908637988,10.0
branch_heterogeneity,310,1,1,219.0,1058.43813641399,11.785297117770016,9.0
branch_heterogeneity,311,1,1,219.0,970.9108964941162,13.250451834060081,9.0
branch_heterogeneity,312,1,1,219.0,1018.9484591445561,11.795162810390487,10.0
branch_heterogeneity,313,1,1,219.0,988.3017641154571,12.104426280328749,10.0
branch_heterogeneity,314,1,1,219.0,985.7628589568722,11.181860152935627,10.0
branch_heterogeneity,315,1,1,219.0,1084.7499275752534,13.907957517023227,11.0
branch_heterogeneity,316,1,1,219.0,957.4645892863322,12.52886338531076,11.0
branch_heterogeneity,317,1,1,219.0,965.9554505510296,10.943210893037755,10.0
branch_heterogeneity,318,1,1,219.0,872.458248308197,10.020209543532605,9.0
branch_heterogeneity,319,1,1,219.0,1032.8572356292354,12.76216750270362,11.0
branch_heterogeneity,320,1,1,219.0,1090.4633092919707,10.794169442533018,10.0
branch_heterogeneity,321,1,1,219.0,1062.0627031403612,13.1167671141374,10.0
branch_heterogeneity,322,1,1,219.0,1075.6006603207486,12.426071165562421,11.0
branch_heterogeneity,323,1,1,219.0,978.1992030791416,11.494887208087272,10.0
branch_heterogeneity,324,1,1,219.0,1011.572962098516,10.424714924802089,11.0
branch_heterogeneity,325,1,1,219.0,938.0649719154426,12.786670923763358,9.0
branch_heterogeneity,326,1,1,219.0,888.3491455104138,10.809637223103058,9.0
branch_heterogeneity,327,1,1,219.0,956.0055131130227,14.445806531701503,10.0
branch_heterogeneity,328,1,1,219.0,943.0782950312208,11.406106203634902,8.0
branch_heterogeneity,329,1,1,219.0,931.8693285993041,13.132029446983246,10.0
branch_heterogeneity,330,1,1,219.0,973.8632158222509,12.692879370926635,9.0
branch_heterogeneity,331,1,1,219.0,1015.1170274864714,13.158383731229458,9.0
branch_heterogeneity,332,1,1,219.0,1003.6172381952932,12.201024667028044,8.0
branch_heterogeneity,333,1,1,219.0,924.6139592751811,12.187006665006981,9.0
branch_heterogeneity,334,1,1,219.0,972.4286295405494,10.856528461452575,10.0
branch_heterogeneity,335,1,1,219.0,1056.3162827728465,12.094819168602577,10.0
branch_heterogeneity,336,1,1,219.0,915.7240197941052,11.25507669192857,10.0
branch_heterogeneity,337,1,1,219.0,889.7400550202748,11.841634160446018,10.0
branch_heterogeneity,338,1,1,219.0,879.723340106449,9.32361300861093,10.0
branch_heterogeneity,339,1,1,219.0,933.3581500576358,11.24016557968806,9.0
branch_heterogeneity,340,1,1,219.0,1057.2267202256169,11.583190615045265,10.0
branch_heterogeneity,341,1,1,219.0,957.5233891367196,9.061911683938122,9.0
branch_heterogeneity,342,1,1,219.0,1036.7031485946702,13.475795011614611,9.0
branch_heterogeneity,343,1,1,219.0,1029.9332794767588,12.045462552658803,9.0
branch_heterogeneity,344,1,1,219.0,913.4630705121913,10.988961672845608,9.0
branch_heterogeneity,345,1,1,219.0,949.7339945678809,13.404053480201727,10.0
branch_heterogeneity,346,1,1,219.0,1019.1668057355531,12.550322458919274,10.0
branch_heterogeneity,347,1,1,219.0,921.5690098067678,10.715678463814063,10.0
branch_heterogeneity,348,1,1,219.0,1012.5677294799618,11.265596509119199,10.0
branch_heterogeneity,349,1,1,219.0,975.9678802902185,12.925650748777718,10.0
branch_heterogeneity,350,1,1,219.0,947.2296899452903,11.516078274167297,10.0
branch_heterogeneity,351,1,1,219.0,869.703571537402,10.49315113101599,10.0
branch_heterogeneity,352,1,1,219.0,979.8036643289298,13.416301465977128,9.0
branch_heterogeneity,353,1,1,219.0,958.8695061827846,12.047013154278448,9.0
branch_heterogeneity,354,1,1,219.0,1062.6216183903753,11.881445167363614,10.0
branch_heterogeneity,355,1,1,219.0,946.5220383901776,12.076012984655364,9.0
branch_heterogeneity,356,1,1,219.0,942.9775635741523,10.242630235333735,10.0
branch_heterogeneity,357,1,1,219.0,1046.8915370951886,13.712409561453706,9.0
branch_heterogeneity,358,1,1,219.0,978.962593428567,10.816608424530013,9.0
branch_heterogeneity,359,1,1,219.0,1015.8138949482892,12.11160403605917,11.0
branch_heterogeneity,360,1,1,219.0,1037.4098229424837,11.254185056498713,10.0
branch_heterogeneity,361,1,1,219.0,892.0792268105381,10.481790396260257,10.0
branch_heterogeneity,362,1,1,219.0,982.3558918815461,13.65692343282256,9.0
branch_heterogeneity,363,1,1,219.0,893.7836207123846,12.959355626151737,8.0
branch_heterogeneity,364,1,1,219.0,1090.0749502781262,12.880612954949893,9.0
branch_heterogeneity,365,1,1,219.0,1045.6035560595712,12.60342345509757,11.0
branch_heterogeneity,366,1,1,219.0,823.0564538057658,9.031605482140646,9.0
branch_heterogeneity,367,1,1,219.0,1027.3827039989085,12.924976667960113,11.0
branch_heterogeneity,368,1,1,219.0,947.1757029692769,12.029968225602861,11.0
branch_heterogeneity,369,1,1,219.0,893.3668355718964,12.696628934632338,10.0
branch_heterogeneity,370,1,1,219.0,993.8757371842044,12.536694936013486,10.0
branch_heterogeneity,371,1,1,219.0,1010.326958832367,12.107803166135461,9.0
branch_heterogeneity,372,1,1,219.0,1035.916321928594,14.596009693241516,10.0
branch_heterogeneity,373,1,1,219.0,1142.173299504723,14.374515239118622,10.0
branch_heterogeneity,374,1,1,219.0,1076.357232098006,10.72498533648426,11.0
branch_heterogeneity,375,1,1,219.0,991.0348823606167,14.502557870432913,10.0
branch_heterogeneity,376,1,1,219.0,972.6707210120439,13.026935205682273,9.0
branch_heterogeneity,377,1,1,219.0,1027.5382581703088,11.239333717548728,10.0
branch_heterogeneity,378,1,1,219.0,888.7194803784718,10.434421604990025,10.0
branch_heterogeneity,379,1,1,219.0,998.9109972046281,12.144734570205127,10.0
branch_heterogeneity,380,1,1,219.0,1036.218180699491,12.733930608776772,11.0
branch_heterogeneity,381,1,1,219.0,1108.295096395495,11.898584197319037,9.0
branch_heterogeneity,382,1,1,219.0,1033.9643299220595,11.776282270303724,11.0
branch_heterogeneity,383,1,1,219.0,903.5431236407971,10.777465183309989,10.0
branch_heterogeneity,384,1,1,219.0,943.7772298265521,11.378763097515492,9.0
branch_heterogeneity,385,1,1,219.0,1038.3432784971849,13.202503262270213,11.0
branch_heterogeneity,386,1,1,219.0,950.7154689328997,10.902236430543837,10.0
branch_heterogeneity,387,1,1,219.0,961.3033397177528,12.363653222050377,9.0
branch_heterogeneity,388,1,1,219.0,926.4206177921734,9.843673339642379,9.0
branch_heterogeneity,389,1,1,220.0,936.3099943688101,13.012629488891694,11.0
branch_heterogeneity,390,1,1,219.0,944.913515745888,12.331471009926048,9.0
branch_heterogeneity,391,1,1,219.0,977.5438489520411,11.835073991945608,9.0
branch_heterogeneity,392,1,1,219.0,1069.144803659487,11.295467674377386,9.0
branch_heterogeneity,393,1,1,219.0,949.2192381883747,10.013491884644099,10.0
branch_heterogeneity,394,1,1,219.0,1028.0634569456279,11.835515104262791,10.0
branch_heterogeneity,395,1,1,219.0,1055.4058763265223,12.549756241420683,10.0
branch_heterogeneity,396,1,1,219.0,1095.4256845396583,15.300827855802094,10.0
branch_heterogeneity,397,1,1,219.0,997.6643839359645,12.473462576042238,9.0
branch_heterogeneity,398,1,1,219.0,971.1601308963757,12.264522748077846,9.0
branch_heterogeneity,399,1,1,219.0,967.3921190598368,12.893746164118944,10.0
branch_heterogeneity,400,1,1,219.0,933.824547102335,10.130905431334497,9.0
branch_heterogeneity,401,1,1,219.0,962.476709659392,10.546414540730183,10.0
branch_heterogeneity,402,1,1,219.0,962.9579770480085,9.118601690571953,10.0
branch_heterogeneity,403,1,1,219.0,1064.139999052807,12.461877931905834,9.0
branch_heterogeneity,404,1,1,219.0,912.2582533680402,10.945680966758303,9.0
branch_heterogeneity,405,1,1,219.0,971.6013278293437,12.436751699722619,11.0
branch_heterogeneity,406,1,1,219.0,1067.9182001772479,11.785232149859079,9.0
branch_heterogeneity,407,1,1,219.0,918.0821045218581,11.435986669838128,9.0
branch_heterogeneity,408,1,1,219.0,869.0710022272606,8.9940636239563,10.0
branch_heterogeneity,409,1,1,219.0,995.3754279159037,13.496438328204622,10.0
branch_heterogeneity,410,1,1,219.0,1032.5367455012822,11.00701154408231,8.0
branch_heterogeneity,411,1,1,219.0,867.2986117193066,11.016086012847673,10.0
branch_heterogeneity,412,1,1,219.0,949.3526218256305,11.971578801821849,8.0
branch_heterogeneity,413,1,1,219.0,965.3848334206352,12.76956740597757,10.0
branch_heterogeneity,414,1,1,219.0,974.4939014126081,11.228712685657216,9.0
branch_heterogeneity,415,1,1,219.0,954.7352125403575,12.23085331493425,10.0
branch_heterogeneity,416,1,1,219.0,1038.8073849401717,11.487513873836509,9.0
branch_heterogeneity,417,1,1,219.0,982.6419260275612,11.627550241904592,9.0
branch_heterogeneity,418,1,1,219.0,1003.6989840501356,12.974669047215011,11.0
branch_heterogeneity,419,1,1,219.0,920.8501901941729,11.385456943435514,10.0
branch_heterogeneity,420,1,1,219.0,1047.0709397310598,10.49560323217924,9.0
branch_heterogeneity,421,1,1,219.0,860.8789542277832,10.647363261711613,10.0
branch_heterogeneity,422,1,1,219.0,1000.9969080798442,11.940490435365112,10.0
branch_heterogeneity,423,1,1,219.0,970.5443506507077,12.667130084878298,10.0
branch_heterogeneity,424,1,1,219.0,1021.5183272343063,13.54038398390101,10.0
branch_heterogeneity,425,1,1,219.0,1088.694994637902,14.269902548856747,10.0
branch_heterogeneity,426,1,1,219.0,934.9329461504753,10.880030000977507,9.0
branch_heterogeneity,427,1,1,219.0,1086.4189974340693,10.68129388948153,9.0
branch_heterogeneity,428,1,1,219.0,904.6144164384536,10.988121158253826,9.0
branch_heterogeneity,429,1,1,219.0,930.0042091194507,9.893530246947643,9.0
branch_heterogeneity,430,1,1,219.0,975.45894967499,11.06297498743793,9.0
branch_heterogeneity,431,1,1,219.0,912.9308937764104,10.957090261703925,10.0
branch_heterogeneity,432,1,1,219.0,1053.904342105384,12.750935435860313,9.0
branch_heterogeneity,433,1,1,219.0,856.8230429480088,10.76305143230135,9.0
branch_heterogeneity,434,1,1,219.0,1002.1772354150135,9.820900973982967,10.0
branch_heterogeneity,435,1,1,219.0,1017.1699992738016,11.890245712182807,10.0
branch_heterogeneity,436,1,1,219.0,1083.7980081881474,12.866623502163954,10.0
branch_heterogeneity,437,1,1,219.0,1013.6558027000799,12.99609439975804,10.0
branch_heterogeneity,438,1,1,219.0,970.2826986997679,10.914981874334142,10.0
branch_heterogeneity,439,1,1,219.0,1040.5318902974263,10.736496430739903,9.0
branch_heterogeneity,440,1,1,219.0,973.5277062277576,11.857344722507797,9.0
branch_heterogeneity,441,1,1,219.0,1125.091751675804,12.680951655770995,10.0
branch_heterogeneity,442,1,1,219.0,974.8097279062198,11.270684730067265,9.0
branch_heterogeneity,443,1,1,219.0,963.4748127138724,11.12790262703244,9.0
branch_heterogeneity,444,1,1,219.0,1033.9574116723475,11.77983829922747,10.0
branch_heterogeneity,445,1,1,219.0,939.4027966856884,10.98544266909494,9.0
branch_heterogeneity,446,1,1,219.0,1014.8344648724751,11.756990470695257,9.0
branch_heterogeneity,447,1,1,219.0,1066.957771876477,11.013161641339087,10.0
branch_heterogeneity,448,1,1,219.0,944.0654375018229,12.523794310111553,9.0
branch_heterogeneity,449,1,1,219.0,1022.1264614088941,12.37033400594408,12.0
branch_heterogeneity,450,1,1,219.0,1043.8378100694704,13.574074572249815,11.0
branch_heterogeneity,451,1,1,219.0,818.3483871513798,10.257228714686878,8.0
branch_heterogeneity,452,1,1,219.0,948.7322503877258,11.776001392399053,11.0
branch_heterogeneity,453,1,1,219.0,1013.0333960786813,12.047546844144104,10.0
branch_heterogeneity,454,1,1,219.0,1036.122939692393,11.096819746699909,10.0
branch_heterogeneity,455,1,1,219.0,979.3875113532147,12.462914711110978,11.0
branch_heterogeneity,456,1,1,219.0,960.6649680319476,10.830029307637563,9.0
branch_heterogeneity,457,1,1,219.0,951.4274211699973,11.668951278727626,11.0
branch_heterogeneity,458,1,1,219.0,1033.2971644729885,11.792156119821223,10.0
branch_heterogeneity,459,1,1,219.0,979.9546499762048,9.919052689599232,11.0
branch_heterogeneity,460,1,1,219.0,993.9305664426901,12.197966677542725,10.0
branch_heterogeneity,461,1,1,219.0,948.8782562997243,11.465945011526001,10.0
branch_heterogeneity,462,1,1,219.0,934.8858116724274,11.370775581576217,11.0
branch_heterogeneity,463,1,1,219.0,1089.8393392977862,11.8568311731513,10.0
branch_heterogeneity,464,1,1,219.0,1001.196785538314,12.513365106592598,9.0
branch_heterogeneity,465,1,1,219.0,1045.8286942215152,13.699931608832316,11.0
branch_heterogeneity,466,1,1,219.0,897.3394436758246,10.439384657043755,9.0
branch_heterogeneity,467,1,1,219.0,981.9096154423758,10.691772967495009,9.0
branch_heterogeneity,468,1,1,219.0,987.9465845759378,11.07087847574669,9.0
branch_heterogeneity,469,1,1,219.0,995.5823673188308,12.094435856180812,9.0
branch_heterogeneity,470,1,1,219.0,959.106322354456,11.826558284955947,9.0
branch_heterogeneity,471,1,1,219.0,1006.9070763069172,12.234746801924802,10.0
branch_heterogeneity,472,1,1,219.0,989.9035395887331,13.384286114106883,10.0
branch_heterogeneity,473,1,1,219.0,1222.8123942374384,14.081200748142056,10.0
branch_heterogeneity,474,1,1,219.0,1088.7250738333842,12.510647443503919,10.0
branch_heterogeneity,475,1,1,219.0,1067.0621043928907,13.217731594997826,11.0
branch_heterogeneity,476,1,1,219.0,911.6512952571516,10.901593575636753,9.0
branch_heterogeneity,477,1,1,219.0,941.8753352597821,9.068385486954538,9.0
branch_heterogeneity,478,1,1,219.0,886.7383759313287,11.448377650373695,11.0
branch_heterogeneity,479,1,1,219.0,997.8407936348019,14.068410079495665,9.0
branch_heterogeneity,480,1,1,219.0,944.983312939408,10.657868859576519,9.0
branch_heterogeneity,481,1,1,219.0,962.8142949291687,9.873257891261526,11.0
branch_heterogeneity,482,1,1,219.0,895.5928892414262,9.868999784745002,10.0
branch_heterogeneity,483,1,1,219.0,909.3608139356791,10.699112647368853,10.0
branch_heterogeneity,484,1,1,219.0,1026.5609399583072,14.247591653247746,10.0
branch_heterogeneity,485,1,1,219.0,938.692389945254,12.720927615872515,11.0
branch_heterogeneity,486,1,1,219.0,817.0463490268337,10.497934594998867,9.0
branch_heterogeneity,487,1,1,219.0,1061.0113333981596,13.586380937299381,10.0
branch_heterogeneity,488,1,1,219.0,982.5969352332733,11.38372092785534,10.0
branch_heterogeneity,489,1,1,219.0,1089.7963350087773,12.918310117982388,10.0
branch_heterogeneity,490,1,1,219.0,802.6113159627525,8.287694837832841,8.0
branch_heterogeneity,491,1,1,219.0,944.0683938773642,12.728529212534978,11.0
branch_heterogeneity,492,1,1,219.0,957.3795830617335,12.090316401973794,9.0
branch_heterogeneity,493,1,1,219.0,1056.7868046772517,12.677982303590136,10.0
branch_heterogeneity,494,1,1,219.0,997.6428310520912,11.734212537077562,10.0
branch_heterogeneity,495,1,1,219.0,1056.4596200892624,13.057553271148414,10.0
branch_heterogeneity,496,1,1,219.0,1031.1561721099968,13.130580953159816,10.0
branch_heterogeneity,497,1,1,219.0,994.8762814059168,10.763051847543132,9.0
branch_heterogeneity,498,1,1,219.0,1040.3380699093727,12.292177880615302,10.0
branch_heterogeneity,499,1,1,219.0,987.1375893695777,11.807169151755105,10.0
branch_heterogeneity,500,1,1,219.0,994.6700493238131,13.186039663360468,10.0
branch_heterogeneity,501,1,1,219.0,1067.0590961369635,11.884427500035843,10.0
branch_heterogeneity,502,1,1,219.0,1027.6535421999079,13.426048116607346,10.0
branch_heterogeneity,503,1,1,219.0,1055.9098848274498,13.122365732041269,12.0
branch_heterogeneity,504,1,1,219.0,947.2347382928585,12.980055304329513,9.0
branch_heterogeneity,505,1,1,219.0,995.7474856445159,12.461342001827587,10.0
branch_heterogeneity,506,1,1,219.0,1027.5233918821114,12.072050159598374,10.0
branch_heterogeneity,507,1,1,219.0,1029.4699053959885,11.34083447035119,10.0
branch_heterogeneity,508,1,1,219.0,959.5759976701847,11.541074213162325,9.0
branch_heterogeneity,509,1,1,219.0,1058.7900902061199,10.539685613386652,10.0
branch_heterogeneity,510,1,1,219.0,938.6504348582704,11.635535057030989,9.0
branch_heterogeneity,511,1,1,219.0,850.1614656713914,10.721106040188593,10.0
branch_heterogeneity,512,1,1,219.0,983.3911090312683,13.129336002135398,8.0
branch_heterogeneity,513,1,1,219.0,934.3824598428681,10.931040686169219,10.0
branch_heterogeneity,514,1,1,219.0,1032.247918810754,15.523946580811483,9.0
branch_heterogeneity,515,1,1,219.0,1007.6749981927801,11.732294690802442,10.0
branch_heterogeneity,516,1,1,219.0,907.8120565668179,10.651236320207897,10.0
branch_heterogeneity,517,1,1,219.0,1103.2093967976248,13.064104763731917,11.0
branch_heterogeneity,518,1,1,219.0,1096.5175715138253,13.320268484993736,11.0
branch_heterogeneity,519,1,1,219.0,917.6501509668349,13.329023349887333,8.0
branch_heterogeneity,520,1,1,219.0,1013.715544269059,11.431336741161678,10.0
branch_heterogeneity,521,1,1,219.0,990.1058068035443,11.08576547889595,9.0
branch_heterogeneity,522,1,1,219.0,972.6661519741397,12.580499819619734,10.0
branch_heterogeneity,523,1,1,219.0,948.1212994983744,12.0972131910899,9.0
branch_heterogeneity,524,1,1,219.0,961.2527003680609,11.047733298047534,9.0
branch_heterogeneity,525,1,1,219.0,962.733390811856,10.33941349404848,10.0
branch_heterogeneity,526,1,1,219.0,1012.1547172498131,10.819318497531945,10.0
branch_heterogeneity,527,1,1,219.0,976.281025957687,12.696307198594276,10.0
branch_heterogeneity,528,1,1,219.0,1013.2408284287661,12.395716804493063,9.0
branch_heterogeneity,529,1,1,219.0,1009.6536612838341,12.565336686269289,9.0
branch_heterogeneity,530,1,1,219.0,962.9023521534382,12.06349216464307,10.0
branch_heterogeneity,531,1,1,219.0,995.1972735303709,12.779430915338631,9.0
branch_heterogeneity,532,1,1,219.0,1099.368438058444,14.209819973864104,10.0
branch_heterogeneity,533,1,1,219.0,1066.0312168570126,10.471834608562089,9.0
branch_heterogeneity,534,1,1,219.0,1095.4688084434613,12.695189111495752,9.0
branch_heterogeneity,535,1,1,219.0,965.3278508124043,10.753607392410201,10.0
branch_heterogeneity,536,1,1,219.0,1097.7180988713426,13.736554989003267,10.0
branch_heterogeneity,537,1,1,219.0,936.1159309327327,13.699420934614865,11.0
branch_heterogeneity,538,1,1,219.0,1071.198164576756,10.582149786484408,9.0
branch_heterogeneity,539,1,1,219.0,995.1868343017878,10.812907514142328,9.0
branch_heterogeneity,540,1,1,219.0,1036.2549083351155,14.524729351394539,11.0
branch_heterogeneity,541,1,1,219.0,879.1161664707923,11.064396069612817,9.0
branch_heterogeneity,542,1,1,219.0,981.299281650757,11.763758489936965,10.0
branch_heterogeneity,543,1,1,219.0,1042.4745055054234,12.287042485803005,9.0
branch_heterogeneity,544,1,1,219.0,879.9897913216194,12.012626044497704,9.0
branch_heterogeneity,545,1,1,219.0,961.5948872828739,13.815660137392063,10.0
branch_heterogeneity,546,1,1,219.0,992.4458237643081,11.686994549099719,10.0
branch_heterogeneity,547,1,1,219.0,919.7949405281228,11.552830972141344,9.0
branch_heterogeneity,548,1,1,219.0,924.092103704364,11.176934326339476,9.0
branch_heterogeneity,549,1,1,219.0,987.6460008060275,11.089727644917359,11.0
branch_heterogeneity,550,1,1,219.0,1010.910226383016,12.530398844947447,10.0
branch_heterogeneity,551,1,1,219.0,1028.088561004819,11.794238702480124,9.0
branch_heterogeneity,552,1,1,219.0,1066.3983998892409,12.183480143178532,10.0
branch_heterogeneity,553,1,1,219.0,971.0798649728794,13.437931328875404,10.0
branch_heterogeneity,554,1,1,219.0,970.746387295331,12.836889672274797,10.0
branch_heterogeneity,555,1,1,219.0,988.0472642757653,12.069448240853681,10.0
branch_heterogeneity,556,1,1,219.0,1061.740502463377,13.988858653950995,10.0
branch_heterogeneity,557,1,1,219.0,964.127935891717,9.420671963917075,9.0
branch_heterogeneity,558,1,1,219.0,1116.34785775728,13.71488442978392,11.0
branch_heterogeneity,559,1,1,219.0,988.2837569995688,11.502888198335063,9.0
branch_heterogeneity,560,1,1,219.0,1005.7869198150671,13.778738560037322,10.0
branch_heterogeneity,561,1,1,219.0,908.8041948936686,10.86114362881832,8.0
branch_heterogeneity,562,1,1,219.0,1049.2838168620124,12.085681652065091,9.0
branch_heterogeneity,563,1,1,219.0,999.3303460495383,12.874073158674518,10.0
branch_heterogeneity,564,1,1,219.0,930.6821306355066,9.277004807226088,10.0
branch_heterogeneity,565,1,1,219.0,1044.4488171019082,10.705011766811653,10.0
branch_heterogeneity,566,1,1,219.0,1036.2021261919303,12.451061348072603,10.0
branch_heterogeneity,567,1,1,219.0,997.7129658711759,10.420362312215214,9.0
branch_heterogeneity,568,1,1,219.0,941.9706983049664,11.117808052774278,9.0
branch_heterogeneity,569,1,1,219.0,973.0065498426617,11.256797379543679,9.0
branch_heterogeneity,570,1,1,219.0,911.3404241590438,11.12766404823243,10.0
branch_heterogeneity,571,1,1,219.0,954.843087421579,11.455889251754268,10.0
branch_heterogeneity,572,1,1,219.0,960.9698186506454,10.07554461926633,10.0
branch_heterogeneity,573,1,1,219.0,981.3320764006028,9.116941056360258,10.0
branch_heterogeneity,574,1,1,219.0,970.4687197054242,12.251252309136747,9.0
branch_heterogeneity,575,1,1,219.0,884.0850791390296,9.277311087095498,9.0
branch_heterogeneity,576,1,1,219.0,921.3852956543939,12.001886168556583,10.0
branch_heterogeneity,577,1,1,219.0,976.2186637840836,11.110969164148282,9.0
branch_heterogeneity,578,1,1,219.0,922.0170758527152,10.69008322429552,8.0
branch_heterogeneity,579,1,1,219.0,1000.5757535899991,13.52447334362088,9.0
branch_heterogeneity,580,1,1,219.0,950.4780589958089,10.560686095965076,10.0
branch_heterogeneity,581,1,1,219.0,945.7750447250764,10.606709101592523,9.0
branch_heterogeneity,582,1,1,219.0,1016.0821326955315,11.663052070680358,9.0
branch_heterogeneity,583,1,1,219.0,1033.1238353840054,12.876437725147667,11.0
branch_heterogeneity,584,1,1,219.0,910.7648370449793,13.005685506128398,10.0
branch_heterogeneity,585,1,1,219.0,1029.0390625786326,12.233278626897844,9.0
branch_heterogeneity,586,1,1,219.0,931.5946872946371,11.917377768097113,10.0
branch_heterogeneity,587,1,1,219.0,965.389368149055,11.47465864118507,10.0
branch_heterogeneity,588,1,1,219.0,957.5060350775984,12.785002705966507,10.0
branch_heterogeneity,589,1,1,219.0,902.1085741748419,11.876345580492936,10.0
branch_heterogeneity,590,1,1,219.0,884.6726744693002,10.862037322930622,9.0
branch_heterogeneity,591,1,1,219.0,964.0693280181677,13.88312144928717,9.0
branch_heterogeneity,592,1,1,219.0,941.8564398066883,9.623983789531696,9.0
branch_heterogeneity,593,1,1,219.0,1014.5743835842395,13.545647158705066,10.0
branch_heterogeneity,594,1,1,219.0,1083.3881757853003,12.251153530605626,9.0
branch_heterogeneity,595,1,1,219.0,976.3008022984084,10.672505820847126,9.0
branch_heterogeneity,596,1,1,219.0,933.2362952321222,9.289668715091333,10.0
branch_heterogeneity,597,1,1,219.0,971.2140650742974,11.684719186530511,9.0
branch_heterogeneity,598,1,1,219.0,1056.958738743047,13.936408712062224,11.0
branch_heterogeneity,599,1,1,219.0,1055.9176296458163,12.911948047619662,10.0
branch_heterogeneity,600,1,1,219.0,1063.047955392851,13.361215962808364,10.0
branch_heterogeneity,601,1,1,219.0,1062.9622914008553,11.450723206391217,9.0
branch_heterogeneity,602,1,1,219.0,939.4449563362446,9.913831343230706,11.0
branch_heterogeneity,603,1,1,219.0,1030.5425118845817,11.819735654674217,10.0
branch_heterogeneity,604,1,1,219.0,968.8927213654234,11.087795559205796,10.0
branch_heterogeneity,605,1,1,219.0,1052.8759272195405,11.281719179319575,9.0
branch_heterogeneity,606,1,1,219.0,1085.4092815248666,12.737422900711163,10.0
branch_heterogeneity,607,1,1,219.0,971.2117013048951,9.889641062811837,10.0
branch_heterogeneity,608,1,1,219.0,959.8038587195819,10.96866253542939,10.0
branch_heterogeneity,609,1,1,219.0,1116.1575852808328,14.475529147277307,10.0
branch_heterogeneity,610,1,1,219.0,1001.3902242705501,12.04776010388743,10.0
branch_heterogeneity,611,1,1,219.0,952.9638695383602,11.036041204708944,10.0
branch_heterogeneity,612,1,1,219.0,1051.3730570900984,12.188013828871057,9.0
branch_heterogeneity,613,1,1,219.0,974.2280115561691,10.762830142912856,9.0
branch_heterogeneity,614,1,1,219.0,1028.6587548546083,13.762762657900534,9.0
branch_heterogeneity,615,1,1,219.0,893.683137358661,9.910029102265332,9.0
branch_heterogeneity,616,1,1,219.0,967.3091640657651,11.476168953339528,10.0
branch_heterogeneity,617,1,1,219.0,972.6610733220352,12.631673637973911,10.0
branch_heterogeneity,618,1,1,219.0,968.947151957674,14.31326066522591,10.0
branch_heterogeneity,619,1,1,219.0,994.4783869125554,11.701409280280526,10.0
branch_heterogeneity,620,1,1,219.0,942.6500091507396,10.257177215069783,10.0
branch_heterogeneity,621,1,1,219.0,949.9616488049455,11.705188588934144,11.0
branch_heterogeneity,622,1,1,219.0,1047.0250331682323,12.563337105415089,10.0
branch_heterogeneity,623,1,1,219.0,991.4885145317187,11.511981898513657,10.0
branch_heterogeneity,624,1,1,219.0,1010.0476585313081,11.555298770224365,9.0
branch_heterogeneity,625,1,1,219.0,1067.0104099496034,14.41728708033461,10.0
branch_heterogeneity,626,1,1,219.0,945.5120050774432,10.643868888455996,9.0
branch_heterogeneity,627,1,1,219.0,930.1006291505405,10.90476401859275,10.0
branch_heterogeneity,628,1,1,219.0,1117.5520608152324,13.362414090354076,10.0
branch_heterogeneity,629,1,1,219.0,1041.1540125131585,11.528809310842147,9.0
branch_heterogeneity,630,1,1,219.0,1003.0015458226703,11.20048617363012,10.0
branch_heterogeneity,631,1,1,219.0,1012.1966045996626,12.190905785568473,9.0
branch_heterogeneity,632,1,1,219.0,991.9287915106681,9.909536345875559,10.0
branch_heterogeneity,633,1,1,219.0,1090.0725734130863,12.431475509813946,9.0
branch_heterogeneity,634,1,1,219.0,1042.3222832372096,10.301214012474661,9.0
branch_heterogeneity,635,1,1,219.0,1039.4636505174058,13.930370998556727,10.0
branch_heterogeneity,636,1,1,219.0,881.2306841817167,10.849123277959823,8.0
branch_heterogeneity,637,1,1,219.0,1004.3431218998588,11.474350024323503,10.0
branch_heterogeneity,638,1,1,219.0,905.8678169614248,11.882173701125485,10.0
branch_heterogeneity,639,1,1,219.0,987.9051850479837,13.588163034468089,10.0
branch_heterogeneity,640,1,1,219.0,971.4890921734832,14.301028395033697,9.0
branch_heterogeneity,641,1,1,219.0,1025.7745326854088,12.004327623442064,11.0
branch_heterogeneity,642,1,1,219.0,969.3828643052971,10.040761762881575,10.0
branch_heterogeneity,643,1,1,219.0,995.1428002073069,11.77171754200153,10.0
branch_heterogeneity,644,1,1,219.0,906.6353416560974,11.971744861202906,10.0
branch_heterogeneity,645,1,1,219.0,1013.8752685681548,11.636363978429975,9.0
branch_heterogeneity,646,1,1,219.0,1012.5170161853175,14.478495438456317,10.0
branch_heterogeneity,647,1,1,219.0,954.7303003241959,10.578465095740766,10.0
branch_heterogeneity,648,1,1,219.0,1024.9233008833426,10.660390989760813,10.0
branch_heterogeneity,649,1,1,219.0,914.2227997469938,12.38630218756766,11.0
branch_heterogeneity,650,1,1,219.0,986.1987710841126,11.467168344466646,10.0
branch_heterogeneity,651,1,1,219.0,1010.6556200377355,11.139647286781678,10.0
branch_heterogeneity,652,1,1,219.0,971.7157964477875,12.526020906614319,11.0
branch_heterogeneity,653,1,1,219.0,874.4583651262456,10.186424513450454,9.0
branch_heterogeneity,654,1,1,219.0,940.4378546160517,10.307133058504041,9.0
branch_heterogeneity,655,1,1,219.0,1067.7878490438006,13.081702951047665,11.0
branch_heterogeneity,656,1,1,219.0,956.2836296187718,11.009597789032224,10.0
branch_heterogeneity,657,1,1,219.0,944.5797075409344,10.693645264290431,10.0
branch_heterogeneity,658,1,1,219.0,1013.9175612438919,12.57203752764418,11.0
branch_heterogeneity,659,1,1,219.0,1035.0437658050787,12.464515655242554,10.0
branch_heterogeneity,660,1,1,219.0,975.1262067244394,12.560205225288856,9.0
branch_heterogeneity,661,1,1,219.0,990.8424450757605,12.023109843767017,10.0
branch_heterogeneity,662,1,1,219.0,1018.52317823844,12.005386704526579,11.0
branch_heterogeneity,663,1,1,219.0,1069.8960081228965,13.091699645095375,9.0
branch_heterogeneity,664,1,1,219.0,930.2604360602998,12.255900872902089,11.0
branch_heterogeneity,665,1,1,219.0,1012.743665377619,12.034019928301914,10.0
branch_heterogeneity,666,1,1,219.0,964.7777359047752,11.829727534130756,9.0
branch_heterogeneity,667,1,1,219.0,858.0593801713683,11.745948637657298,8.0
branch_heterogeneity,668,1,1,219.0,1042.2470584656664,11.12848455868067,9.0
branch_heterogeneity,669,1,1,219.0,1053.740361164752,11.230738305877763,11.0
branch_heterogeneity,670,1,1,219.0,869.6295375636774,12.305122625511247,9.0
branch_heterogeneity,671,1,1,219.0,921.9726128920486,12.3741847115518,11.0
branch_heterogeneity,672,1,1,219.0,911.7839377634078,12.260643957381214,10.0
branch_heterogeneity,673,1,1,219.0,985.9113597976158,11.356991923490353,10.0
branch_heterogeneity,674,1,1,219.0,901.2181255906202,12.75758300251818,10.0
branch_heterogeneity,675,1,1,219.0,974.9233515647576,11.63621729709612,10.0
branch_heterogeneity,676,1,1,219.0,1016.8727996453357,13.706005629489702,10.0
branch_heterogeneity,677,1,1,219.0,1013.0963790420036,10.815114286785317,10.0
branch_heterogeneity,678,1,1,219.0,928.4563340654447,9.795975034470745,10.0
branch_heterogeneity,679,1,1,219.0,1006.6952715508271,12.413588057506919,10.0
branch_heterogeneity,680,1,1,219.0,906.7536200794467,12.309976491310321,9.0
branch_heterogeneity,681,1,1,219.0,1046.4859720961774,11.633022956705467,9.0
branch_heterogeneity,682,1,1,219.0,998.5939454458239,12.775031346313012,10.0
branch_heterogeneity,683,1,1,219.0,931.7493814353585,11.388246228693522,9.0
branch_heterogeneity,684,1,1,219.0,1055.2050693164686,11.850014983505654,9.0
branch_heterogeneity,685,1,1,219.0,985.0864465341174,11.55530977038874,10.0
branch_heterogeneity,686,1,1,219.0,911.7252149712479,12.39766258280224,10.0
branch_heterogeneity,687,1,1,219.0,1109.8338286996657,14.671648314329145,11.0
branch_heterogeneity,688,1,1,219.0,902.5845658985122,11.677357009639858,9.0
branch_heterogeneity,689,1,1,219.0,1069.2162621207135,13.750993419786555,11.0
branch_heterogeneity,690,1,1,219.0,1073.805809666707,12.111476620568373,9.0
branch_heterogeneity,691,1,1,219.0,1067.5092049019602,12.71715606120409,10.0
branch_heterogeneity,692,1,1,219.0,974.9358518953034,12.903111431838079,10.0
branch_heterogeneity,693,1,1,219.0,968.7306365472809,13.738321356440872,10.0
branch_heterogeneity,694,1,1,219.0,1010.29555977917,8.816110269103142,10.0
branch_heterogeneity,695,1,1,219.0,945.6549970713128,12.335676047686889,11.0
branch_heterogeneity,696,1,1,219.0,850.0909870062056,9.776745855844812,10.0
branch_heterogeneity,697,1,1,219.0,995.1075997525608,12.84936147596055,9.0
branch_heterogeneity,698,1,1,219.0,953.4155489480906,13.047808655066103,8.0
branch_heterogeneity,699,1,1,219.0,974.341957948183,12.325242628347418,10.0
branch_heterogeneity,700,1,1,219.0,1055.7967539855244,11.495994881515497,10.0
branch_heterogeneity,701,1,1,219.0,1038.3051019065458,11.747643352039544,9.0
branch_heterogeneity,702,1,1,219.0,925.2782039048387,11.370398203434208,10.0
branch_heterogeneity,703,1,1,219.0,904.3556410910205,10.942306987585845,9.0
branch_heterogeneity,704,1,1,219.0,963.9085945678231,10.138161173516407,8.0
branch_heterogeneity,705,1,1,219.0,977.1862299926852,11.241330118633082,9.0
branch_heterogeneity,706,1,1,219.0,953.3253502659843,12.008917994703292,10.0
branch_heterogeneity,707,1,1,219.0,993.6111404991681,12.395283728230947,10.0
branch_heterogeneity,708,1,1,219.0,905.5779710273282,11.820063790904081,8.0
branch_heterogeneity,709,1,1,219.0,1000.7465628701004,12.1915560083636,9.0
branch_heterogeneity,710,1,1,219.0,968.3958028505275,12.225484963792882,9.0
branch_heterogeneity,711,1,1,219.0,955.4942399565565,11.75413862090532,8.0
branch_heterogeneity,712,1,1,219.0,1032.3085300540201,10.580458440973942,8.0
branch_heterogeneity,713,1,1,219.0,936.1103909257217,12.18970232478494,9.0
branch_heterogeneity,714,1,1,219.0,1084.659570988047,12.697790305783274,9.0
branch_heterogeneity,715,1,1,219.0,925.6034013124709,11.634314431918794,10.0
branch_heterogeneity,716,1,1,219.0,892.8506161497701,10.405972966652307,11.0
branch_heterogeneity,717,1,1,219.0,987.2510762118212,9.810280115748546,10.0
branch_heterogeneity,718,1,1,219.0,1008.2670663721972,12.028873061915471,10.0
branch_heterogeneity,719,1,1,219.0,954.6561312066649,10.511427488015245,8.0
branch_heterogeneity,720,1,1,219.0,913.4995181200541,10.321401443689123,9.0
branch_heterogeneity,721,1,1,219.0,1007.8087934888946,10.74079322076467,9.0
branch_heterogeneity,722,1,1,219.0,907.7854051748275,12.419211214339287,9.0
branch_heterogeneity,723,1,1,219.0,969.062140156805,11.020822139066501,8.0
branch_heterogeneity,724,1,1,219.0,939.3323676223238,11.890142520985627,10.0
branch_heterogeneity,725,1,1,219.0,869.72076897249,10.148006383179837,9.0
branch_heterogeneity,726,1,1,219.0,1039.9410323935565,12.48189589703407,9.0
branch_heterogeneity,727,1,1,219.0,998.5329456567576,11.016840891234049,9.0
branch_heterogeneity,728,1,1,219.0,996.7763113212258,12.83408039853237,10.0
branch_heterogeneity,729,1,1,219.0,1065.3269029174637,11.713202422271186,11.0
branch_heterogeneity,730,1,1,219.0,1018.4983236798612,13.457408599645428,10.0
branch_heterogeneity,731,1,1,219.0,1063.7518577900714,13.494099700122012,11.0
branch_heterogeneity,732,1,1,219.0,858.8958276546282,11.75719817978127,10.0
branch_heterogeneity,733,1,1,219.0,1005.6026795794023,12.387200218305562,11.0
branch_heterogeneity,734,1,1,219.0,1106.2041999446174,13.073712075950972,9.0
branch_heterogeneity,735,1,1,219.0,1005.5339763095064,12.35690720622903,10.0
branch_heterogeneity,736,1,1,219.0,964.1618014934439,12.474993512504833,9.0
branch_heterogeneity,737,1,1,219.0,1012.1393833013879,12.567214814679305,11.0
branch_heterogeneity,738,1,1,219.0,1019.293894963244,12.075133353471662,11.0
branch_heterogeneity,739,1,1,219.0,1003.7332392416336,12.857851683437131,11.0
branch_heterogeneity,740,1,1,219.0,993.9452910332566,11.677819556768995,10.0
branch_heterogeneity,741,1,1,219.0,954.2732705725764,12.490031843426765,10.0
branch_heterogeneity,742,1,1,219.0,1017.5688429218447,11.989340017315016,11.0
branch_heterogeneity,743,1,1,219.0,903.6396613948384,10.232153594694468,9.0
branch_heterogeneity,744,1,1,219.0,948.1921312702128,11.56759944945166,9.0
branch_heterogeneity,745,1,1,219.0,954.5769959626032,11.470874192421762,10.0
branch_heterogeneity,746,1,1,219.0,1075.1818056165657,13.496700126690989,10.0
branch_heterogeneity,747,1,1,219.0,971.5882319742124,12.891388369549993,11.0
branch_heterogeneity,748,1,1,219.0,1098.284431091132,11.662077209981605,9.0
branch_heterogeneity,749,1,1,219.0,1048.9345058058714,12.220354014471283,10.0
branch_heterogeneity,750,1,1,219.0,1072.5223468452116,12.495348068054161,10.0
branch_heterogeneity,751,1,1,219.0,973.7213776992538,11.08517454986356,10.0
branch_heterogeneity,752,1,1,219.0,951.0342513994664,12.585190059281874,10.0
branch_heterogeneity,753,1,1,219.0,1075.7608022160684,13.500114228221543,10.0
branch_heterogeneity,754,1,1,219.0,1012.4993453129986,11.210013283606791,9.0
branch_heterogeneity,755,1,1,219.0,899.7043204673744,11.10201623322153,9.0
branch_heterogeneity,756,1,1,219.0,1036.0950490007083,13.780401748173993,10.0
branch_heterogeneity,757,1,1,219.0,1027.9244882733165,11.49328546535326,10.0
branch_heterogeneity,758,1,1,219.0,930.3773696998724,11.40604580538758,9.0
branch_heterogeneity,759,1,1,219.0,942.004907329565,11.34218720293891,9.0
branch_heterogeneity,760,1,1,219.0,1012.3993833114928,13.023789542173617,10.0
branch_heterogeneity,761,1,1,219.0,1020.0295504344314,12.579292028512317,10.0
branch_heterogeneity,762,1,1,219.0,982.4697640950878,13.460448038446799,9.0
branch_heterogeneity,763,1,1,219.0,1098.3668245675137,14.428307924092689,10.0
branch_heterogeneity,764,1,1,219.0,992.7892639899482,10.670925963223807,10.0
branch_heterogeneity,765,1,1,219.0,993.7873881738701,10.693656336080986,10.0
branch_heterogeneity,766,1,1,219.0,922.5578239784189,9.667001410850034,9.0
branch_heterogeneity,767,1,1,219.0,957.9846821761885,11.828030701361701,10.0
branch_heterogeneity,768,1,1,219.0,1014.3771218660864,12.150568600743648,10.0
branch_heterogeneity,769,1,1,219.0,1039.0255247777457,12.920239190206834,11.0
branch_heterogeneity,770,1,1,219.0,886.3850054805301,10.037922135025381,9.0
branch_heterogeneity,771,1,1,219.0,859.4455023412102,12.37284936614931,9.0
branch_heterogeneity,772,1,1,219.0,953.5030060606261,10.28137163605275,10.0
branch_heterogeneity,773,1,1,219.0,1022.2992993582303,12.39192196288278,10.0
branch_heterogeneity,774,1,1,219.0,1059.8678566081921,13.157590424750824,10.0
branch_heterogeneity,775,1,1,219.0,944.6295684768377,11.60861391137862,10.0
branch_heterogeneity,776,1,1,219.0,1004.6604457193122,13.66994227811922,9.0
branch_heterogeneity,777,1,1,219.0,1022.6407044651694,14.683304805230478,10.0
branch_heterogeneity,778,1,1,219.0,936.6229342289192,12.10505875579391,8.0
branch_heterogeneity,779,1,1,219.0,1055.1352300195108,13.382797828823895,10.0
branch_heterogeneity,780,1,1,219.0,991.9440899399189,13.191906857355308,9.0
branch_heterogeneity,781,1,1,219.0,1080.4282801040574,11.673958974869068,8.0
branch_heterogeneity,782,1,1,219.0,974.4638361997675,14.302381475557864,9.0
branch_heterogeneity,783,1,1,219.0,1053.3882304541278,12.27509501836628,9.0
branch_heterogeneity,784,1,1,219.0,957.5380941261966,9.353779099316558,9.0
branch_heterogeneity,785,1,1,219.0,1000.7756091348747,12.841820522584205,9.0
branch_heterogeneity,786,1,1,219.0,995.7379066195781,9.480532828913733,9.0
branch_heterogeneity,787,1,1,219.0,1088.8002047593936,14.030348064378916,9.0
branch_heterogeneity,788,1,1,219.0,963.380674188407,11.176169813143304,10.0
branch_heterogeneity,789,1,1,219.0,1037.8772353701477,11.150868495195873,9.0
branch_heterogeneity,790,1,1,219.0,1035.45088233585,13.177625042955418,10.0
branch_heterogeneity,791,1,1,219.0,930.8175303080551,9.210106078081566,10.0
branch_heterogeneity,792,1,1,219.0,1032.0275621289518,11.383199551215988,10.0
branch_heterogeneity,793,1,1,219.0,992.6075293716192,12.369148742224134,9.0
branch_heterogeneity,794,1,1,219.0,1008.5440141514488,11.498021137191603,10.0
branch_heterogeneity,795,1,1,219.0,917.7181124598815,10.486625933969783,9.0
branch_heterogeneity,796,1,1,219.0,1140.9539519502225,14.587393959317911,9.0
branch_heterogeneity,797,1,1,219.0,960.4247481097777,11.051243564053653,9.0
branch_heterogeneity,798,1,1,219.0,1014.6111920631777,10.529068297214874,10.0
branch_heterogeneity,799,1,1,219.0,952.4678496160526,13.283010757639525,10.0
branch_heterogeneity,800,1,1,219.0,994.2579317551815,11.715704384078547,11.0
branch_heterogeneity,801,1,1,219.0,1078.0086126293618,13.385077591513433,8.0
branch_heterogeneity,802,1,1,219.0,1013.9786292469593,12.398152485678436,11.0
branch_heterogeneity,803,1,1,219.0,977.1686435804786,10.51859932027738,9.0
branch_heterogeneity,804,1,1,219.0,979.1950987128945,12.208908219155616,9.0
branch_heterogeneity,805,1,1,219.0,1110.6927327438616,14.960102892371419,10.0
branch_heterogeneity,806,1,1,219.0,963.2841292251276,11.149952196118367,10.0
branch_heterogeneity,807,1,1,219.0,978.1994297114478,10.531062809077252,9.0
branch_heterogeneity,808,1,1,219.0,1080.0678969139062,13.197897742140334,9.0
branch_heterogeneity,809,1,1,219.0,941.0171572676601,10.44037827050099,9.0
branch_heterogeneity,810,1,1,219.0,1027.6220179255865,13.465546475221256,10.0
branch_heterogeneity,811,1,1,219.0,949.2483645982024,11.672213863949032,11.0
branch_heterogeneity,812,1,1,219.0,1111.2452614860063,13.438679419804012,10.0
branch_heterogeneity,813,1,1,219.0,1034.0196019775037,10.599767769810072,8.0
branch_heterogeneity,814,1,1,219.0,1045.3944792193827,11.669816773703719,11.0
branch_heterogeneity,815,1,1,219.0,898.6324481433562,9.539219210824852,9.0
branch_heterogeneity,816,1,1,219.0,1040.2880329702903,12.398309413432589,10.0
branch_heterogeneity,817,1,1,219.0,912.4535291528164,11.413967079663092,11.0
branch_heterogeneity,818,1,1,219.0,1006.1109310781271,12.332511236209191,10.0
branch_heterogeneity,819,1,1,219.0,963.5905936571301,12.227157033419713,9.0
branch_heterogeneity,820,1,1,219.0,1058.9809303169673,11.960070843906976,10.0
branch_heterogeneity,821,1,1,219.0,1011.8281916284304,11.667229232533444,11.0
branch_heterogeneity,822,1,1,219.0,923.0941554020037,10.932985872386302,9.0
branch_heterogeneity,823,1,1,219.0,1013.4322043463326,13.549508577939394,10.0
branch_heterogeneity,824,1,1,219.0,1007.8961700074403,10.435954259873402,9.0
branch_heterogeneity,825,1,1,219.0,951.7351810523944,10.840759395007268,10.0
branch_heterogeneity,826,1,1,219.0,1116.597441068793,12.156140489979046,9.0
branch_heterogeneity,827,1,1,219.0,1109.2914485709161,12.267537050617026,10.0
branch_heterogeneity,828,1,1,219.0,1071.285911249906,13.734170291194344,10.0
branch_heterogeneity,829,1,1,219.0,1030.5448667613505,12.299640196826099,9.0
branch_heterogeneity,830,1,1,219.0,1010.8994265979487,10.097955172355926,10.0
branch_heterogeneity,831,1,1,219.0,1094.423245415403,14.215427214552639,11.0
branch_heterogeneity,832,1,1,219.0,1049.5294117078693,11.896704281212223,10.0
branch_heterogeneity,833,1,1,219.0,1039.9324771117303,11.47624425580649,10.0
branch_heterogeneity,834,1,1,219.0,881.9335236381585,11.461678746010406,10.0
branch_heterogeneity,835,1,1,219.0,995.5877869819868,13.655302954640748,11.0
branch_heterogeneity,836,1,1,219.0,1051.8968994238141,14.144766901583814,10.0
branch_heterogeneity,837,1,1,219.0,949.4187264280143,11.721677225800477,10.0
branch_heterogeneity,838,1,1,219.0,962.8261927594822,12.024945391290734,10.0
branch_heterogeneity,839,1,1,219.0,838.4734903900885,10.891173347075158,10.0
branch_heterogeneity,840,1,1,219.0,991.5690712545548,10.750130048153443,9.0
branch_heterogeneity,841,1,1,219.0,913.4349640270333,12.614852975004263,9.0
branch_heterogeneity,842,1,1,219.0,969.1503679759332,13.968446592040337,9.0
branch_heterogeneity,843,1,1,219.0,991.9109859635221,11.15653965855208,9.0
branch_heterogeneity,844,1,1,219.0,932.0795813230343,11.992446513824744,10.0
branch_heterogeneity,845,1,1,219.0,939.2361766226397,12.142740810438978,9.0
branch_heterogeneity,846,1,1,219.0,988.3048701165364,11.418684702048331,10.0
branch_heterogeneity,847,1,1,219.0,967.8588291949791,11.807940039110852,10.0
branch_heterogeneity,848,1,1,219.0,1009.9427581361299,12.885223369000467,10.0
branch_heterogeneity,849,1,1,219.0,1057.199764005938,11.693210600156794,10.0
branch_heterogeneity,850,1,1,219.0,863.7796447848865,10.595770434942194,9.0
branch_heterogeneity,851,1,1,219.0,915.3944336608055,9.971489365973742,10.0
branch_heterogeneity,852,1,1,219.0,1064.7337917028085,13.208441018415202,10.0
branch_heterogeneity,853,1,1,219.0,989.3864966963426,11.555797801409225,9.0
branch_heterogeneity,854,1,1,219.0,955.0472780449205,10.196090871459287,9.0
branch_heterogeneity,855,1,1,219.0,1138.9604750712513,11.911278797075955,10.0
branch_heterogeneity,856,1,1,219.0,1029.5647205223825,13.261270244314172,10.0
branch_heterogeneity,857,1,1,219.0,1033.4336012039353,11.584510714962162,10.0
branch_heterogeneity,858,1,1,219.0,936.3509604825393,10.87704190926305,8.0
branch_heterogeneity,859,1,1,219.0,932.197153376014,11.214826711219686,9.0
branch_heterogeneity,860,1,1,219.0,919.5869469713894,11.185112278875494,9.0
branch_heterogeneity,861,1,1,219.0,994.4972255635399,10.302407442232285,9.0
branch_heterogeneity,862,1,1,219.0,966.157622884032,11.027949797983153,9.0
branch_heterogeneity,863,1,1,219.0,990.0635687879907,12.947109336463404,11.0
branch_heterogeneity,864,1,1,219.0,980.9560174467224,11.759603702250894,10.0
branch_heterogeneity,865,1,1,219.0,966.0911513399036,14.075668866877882,9.0
branch_heterogeneity,866,1,1,219.0,1006.8677605693942,13.643374230404762,10.0
branch_heterogeneity,867,1,1,219.0,985.4504038750154,12.274781426748968,9.0
branch_heterogeneity,868,1,1,219.0,931.3853328768246,11.364783168520415,10.0
branch_heterogeneity,869,1,1,219.0,926.4708279581346,10.49417380999963,9.0
branch_heterogeneity,870,1,1,219.0,1052.3493302893314,12.774728039374153,10.0
branch_heterogeneity,871,1,1,219.0,992.5391486146043,10.139163152102963,10.0
branch_heterogeneity,872,1,1,219.0,1122.6772539696974,14.155988158017678,11.0
branch_heterogeneity,873,1,1,219.0,1009.5791810161738,12.060293795105482,10.0
branch_heterogeneity,874,1,1,219.0,905.3873219585195,10.488221286326338,9.0
branch_heterogeneity,875,1,1,219.0,974.1606693207905,12.60369044599172,11.0
branch_heterogeneity,876,1,1,219.0,1041.1275149248788,11.143872943191631,9.0
branch_heterogeneity,877,1,1,219.0,1041.11795033245,13.390941356651474,10.0
branch_heterogeneity,878,1,1,219.0,1045.198710449387,10.87760287526214,9.0
branch_heterogeneity,879,1,1,219.0,965.10767123831,10.978671695223206,10.0
branch_heterogeneity,880,1,1,219.0,1108.5859669652211,12.455982390786074,9.0
branch_heterogeneity,881,1,1,219.0,1041.4655531265607,13.706386234977376,10.0
branch_heterogeneity,882,1,1,219.0,941.2317540591093,10.141889462735689,9.0
branch_heterogeneity,883,1,1,219.0,976.7862361730299,11.048928788439218,10.0
branch_heterogeneity,884,1,1,219.0,987.4880732579501,10.918708698963409,10.0
branch_heterogeneity,885,1,1,219.0,975.8180204169864,13.610270652174401,9.0
branch_heterogeneity,886,1,1,219.0,909.8186595537848,11.385358895725131,10.0
branch_heterogeneity,887,1,1,219.0,991.2910422921377,9.372471524869681,9.0
branch_heterogeneity,888,1,1,219.0,1019.0653096137382,13.02900891385936,10.0
branch_heterogeneity,889,1,1,219.0,991.332326040771,12.760281818658925,10.0
branch_heterogeneity,890,1,1,219.0,964.6038975742606,13.299188013749758,9.0
branch_heterogeneity,891,1,1,219.0,1016.3698396396619,13.776796278899742,10.0
branch_heterogeneity,892,1,1,219.0,955.4318024596665,12.65813651841563,10.0
branch_heterogeneity,893,1,1,219.0,889.8520548071151,10.173920245340765,9.0
branch_heterogeneity,894,1,1,219.0,972.2502373761349,11.839458146911477,9.0
branch_heterogeneity,895,1,1,219.0,1010.9475701642577,11.153863142582537,9.0
branch_heterogeneity,896,1,1,219.0,1011.5934543301776,12.237596364043558,9.0
branch_heterogeneity,897,1,1,219.0,985.8915697986324,13.313629837099612,10.0
branch_heterogeneity,898,1,1,219.0,993.4972208200602,10.409499889965275,9.0
branch_heterogeneity,899,1,1,219.0,1038.8918479591296,13.639354816654565,10.0
branch_heterogeneity,900,1,1,219.0,978.4721249938958,13.01193661277889,9.0
branch_heterogeneity,901,1,1,219.0,915.4057983979787,10.123650645130866,9.0
branch_heterogeneity,902,1,1,219.0,972.7538992802818,11.653320231283796,10.0
branch_heterogeneity,903,1,1,219.0,914.8181694127271,10.813050489021322,9.0
branch_heterogeneity,904,1,1,219.0,994.4564552177516,10.240922957312954,9.0
branch_heterogeneity,905,1,1,219.0,1077.595358791248,11.878858579910483,10.0
branch_heterogeneity,906,1,1,219.0,1020.1709608179092,12.387154605163115,9.0
branch_heterogeneity,907,1,1,219.0,949.3834532062288,13.05244465405766,10.0
branch_heterogeneity,908,1,1,219.0,995.0873181479275,12.981280225920578,9.0
branch_heterogeneity,909,1,1,219.0,1020.2568052387348,13.314052280992097,11.0
branch_heterogeneity,910,1,1,219.0,1092.0177675650475,12.995031775005828,10.0
branch_heterogeneity,911,1,1,219.0,1029.2262458211887,13.06313537898301,9.0
branch_heterogeneity,912,1,1,219.0,970.7528790814516,13.982536308660125,9.0
branch_heterogeneity,913,1,1,219.0,973.4357590526746,11.855219716693197,9.0
branch_heterogeneity,914,1,1,219.0,819.7578549459595,9.090329000703978,9.0
branch_heterogeneity,915,1,1,219.0,926.6429262520919,12.906352609297768,9.0
branch_heterogeneity,916,1,1,219.0,1061.4369005963076,13.591240907012851,10.0
branch_heterogeneity,917,1,1,219.0,1006.8166460788309,11.11568064366845,9.0
branch_heterogeneity,918,1,1,219.0,923.7148278238525,11.015909102996973,11.0
branch_heterogeneity,919,1,1,219.0,990.7225134269233,11.837478709249263,9.0
branch_heterogeneity,920,1,1,219.0,963.2391269733421,11.97346344792122,11.0
branch_heterogeneity,921,1,1,219.0,971.6409884402972,10.562118154884281,10.0
branch_heterogeneity,922,1,1,219.0,980.1556928074219,12.357476307567765,10.0
branch_heterogeneity,923,1,1,219.0,1041.717894580242,14.005598567011237,10.0
branch_heterogeneity,924,1,1,219.0,979.6229074657454,11.127787923671992,10.0
branch_heterogeneity,925,1,1,219.0,1031.6923598606475,11.751541844895272,10.0
branch_heterogeneity,926,1,1,219.0,1008.9071619344123,13.418813320365079,10.0
branch_heterogeneity,927,1,1,219.0,1056.3732584024747,11.332363670988842,11.0
branch_heterogeneity,928,1,1,219.0,1014.7115829571296,12.120033204984907,10.0
branch_heterogeneity,929,1,1,219.0,1011.1316791399483,12.666718137140215,8.0
branch_heterogeneity,930,1,1,219.0,1038.6870449104645,11.551213795042809,10.0
branch_heterogeneity,931,1,1,219.0,1037.6221396474753,11.913942075394655,10.0
branch_heterogeneity,932,1,1,219.0,1052.427297408385,11.557505552203033,9.0
branch_heterogeneity,933,1,1,219.0,977.1633197278186,11.684903643159242,10.0
branch_heterogeneity,934,1,1,219.0,961.7514796601228,10.299986453196281,11.0
branch_heterogeneity,935,1,1,219.0,1049.6184132789517,10.693961855751212,10.0
branch_heterogeneity,936,1,1,219.0,993.5441324538335,12.388213716881555,9.0
branch_heterogeneity,937,1,1,219.0,1043.5232710719067,11.918339303994411,10.0
branch_heterogeneity,938,1,1,219.0,1029.746748758588,10.895440644516551,10.0
branch_heterogeneity,939,1,1,219.0,1025.2542983651588,12.417119679734743,11.0
branch_heterogeneity,940,1,1,219.0,1037.6000195112274,13.37820322094682,10.0
branch_heterogeneity,941,1,1,219.0,929.7948397930256,11.10546388910077,10.0
branch_heterogeneity,942,1,1,219.0,957.9808396896385,10.336548877408708,10.0
branch_heterogeneity,943,1,1,219.0,1110.6635665921235,10.218727443427829,11.0
branch_heterogeneity,944,1,1,219.0,1026.1265314442053,12.04396566785939,10.0
branch_heterogeneity,945,1,1,219.0,949.1686866206048,12.614446783159293,10.0
branch_heterogeneity,946,1,1,219.0,899.1001776542003,10.359452647888867,10.0
branch_heterogeneity,947,1,1,219.0,1097.8500763052464,13.115147680347231,9.0
branch_heterogeneity,948,1,1,219.0,1005.157682734026,10.497455153103141,10.0
branch_heterogeneity,949,1,1,219.0,972.4679158683425,11.399159539351025,9.0
branch_heterogeneity,950,1,1,219.0,861.998323904842,9.506687770989533,9.0
branch_heterogeneity,951,1,1,219.0,927.8757507549228,12.956049386077947,9.0
branch_heterogeneity,952,1,1,219.0,945.7176143946263,11.545750445508501,9.0
branch_heterogeneity,953,1,1,219.0,1122.1525577139932,12.918495449531532,9.0
branch_heterogeneity,954,1,1,219.0,1055.8548910388872,14.36490725932102,10.0
branch_heterogeneity,955,1,1,219.0,945.7443352492169,10.791667971968602,9.0
branch_heterogeneity,956,1,1,219.0,916.1991702258074,10.997058070886524,9.0
branch_heterogeneity,957,1,1,219.0,856.9541651322418,13.285875082551742,10.0
branch_heterogeneity,958,1,1,219.0,968.7077898412375,10.73902790955644,9.0
branch_heterogeneity,959,1,1,219.0,1055.6941435741355,12.484569417552633,10.0
branch_heterogeneity,960,1,1,219.0,880.3672314692931,11.502210620534507,11.0
branch_heterogeneity,961,1,1,219.0,1019.2216923114962,11.171525788290761,10.0
branch_heterogeneity,962,1,1,219.0,959.0925949747149,11.590515237619806,10.0
branch_heterogeneity,963,1,1,219.0,981.9856342354292,13.104111956396864,10.0
branch_heterogeneity,964,1,1,219.0,926.3958837773891,9.70873606582751,9.0
branch_heterogeneity,965,1,1,219.0,1044.1785327637149,13.598047815507677,10.0
branch_heterogeneity,966,1,1,219.0,965.6082321809716,11.007051467757078,10.0
branch_heterogeneity,967,1,1,219.0,1068.3640249265036,13.8589679904083,11.0
branch_heterogeneity,968,1,1,219.0,977.9609716798886,12.898143035196535,10.0
branch_heterogeneity,969,1,1,219.0,1093.342422490254,13.015964570836465,10.0
branch_heterogeneity,970,1,1,219.0,963.7610105041574,11.9004042246842,10.0
branch_heterogeneity,971,1,1,219.0,1032.3052289276784,12.537422384091068,9.0
branch_heterogeneity,972,1,1,219.0,965.6380704687514,10.85596950054987,9.0
branch_heterogeneity,973,1,1,219.0,990.4302754078142,12.512522448952982,9.0
branch_heterogeneity,974,1,1,219.0,984.8195315774356,15.6145267827959,10.0
branch_heterogeneity,975,1,1,219.0,958.4257017422417,12.708921291711112,10.0
branch_heterogeneity,976,1,1,219.0,975.43927635659,11.30970037859183,10.0
branch_heterogeneity,977,1,1,219.0,993.1739267114285,12.50668173048826,9.0
branch_heterogeneity,978,1,1,219.0,975.5800328930752,13.02319217717915,10.0
branch_heterogeneity,979,1,1,219.0,942.4301538465483,12.147671759758845,10.0
branch_heterogeneity,980,1,1,219.0,971.3511151522436,12.47204931266042,9.0
branch_heterogeneity,981,1,1,219.0,1003.092976916388,12.123880474595195,10.0
branch_heterogeneity,982,1,1,219.0,1090.0167490453578,12.288096202824745,9.0
branch_heterogeneity,983,1,1,219.0,1092.847615407146,11.701729997615638,11.0
branch_heterogeneity,984,1,1,219.0,846.7020384977196,10.751674153805947,9.0
branch_heterogeneity,985,1,1,219.0,954.0074387985181,11.891900376003164,9.0
branch_heterogeneity,986,1,1,219.0,1098.0240755653658,13.245694339655772,10.0
branch_heterogeneity,987,1,1,219.0,1010.2025693004736,14.454556972377377,11.0
branch_heterogeneity,988,1,1,219.0,1094.4404335626375,12.50141104791036,9.0
branch_heterogeneity,989,1,1,219.0,987.5405108750177,11.791837734382145,11.0
branch_heterogeneity,990,1,1,219.0,860.0920669248251,11.884925396714467,10.0
branch_heterogeneity,991,1,1,219.0,1130.2723294318403,11.00472935592898,9.0
branch_heterogeneity,992,1,1,219.0,1060.915591398608,12.617297087153116,10.0
branch_heterogeneity,993,1,1,219.0,1007.6435043250109,12.794440931710911,10.0
branch_heterogeneity,994,1,1,219.0,959.7887781358219,12.262601161947162,10.0
branch_heterogeneity,995,1,1,219.0,1100.3434937145682,13.465271344089745,10.0
branch_heterogeneity,996,1,1,219.0,979.6955130972595,11.979706694189293,10.0
branch_heterogeneity,997,1,1,219.0,986.1946407018851,11.629640836422576,9.0
branch_heterogeneity,998,1,1,219.0,1016.2420965319556,14.461943846074565,10.0
branch_heterogeneity,999,1,1,219.0,1037.2574076011372,13.854086536312922,10.0
