world,class,operation,passed,shortest_witness
0,admissible,rename,1,
0,admissible,rigid_isometry,1,
0,admissible,edge_order,1,
0,admissible,full_iso,1,
0,mutation,metric,1,out_edge_type=G
0,mutation,edge_type,1,out_edge_type=G
0,mutation,boundary,1,boundary=open
0,mutation,warrant,1,warrant=definition
0,mutation,continuation,1,continuation=0
0,mutation,role,1,role=participant
1,admissible,rename,1,
1,admissible,rigid_isometry,1,
1,admissible,edge_order,1,
1,admissible,full_iso,1,
1,mutation,metric,1,out_edge_type=G
1,mutation,edge_type,1,out_edge_type=G
1,mutation,boundary,1,boundary=open
1,mutation,warrant,1,warrant=definition
1,mutation,continuation,1,continuation=0
1,mutation,role,1,role=participant
2,admissible,rename,1,
2,admissible,rigid_isometry,1,
2,admissible,edge_order,1,
2,admissible,full_iso,1,
2,mutation,metric,1,exists_metric_le=2.0
2,mutation,edge_type,1,out_edge_type=G
2,mutation,boundary,1,boundary=open
2,mutation,warrant,1,warrant=definition
2,mutation,continuation,1,continuation=0
2,mutation,role,1,role=participant
3,admissible,rename,1,
3,admissible,rigid_isometry,1,
3,admissible,edge_order,1,
3,admissible,full_iso,1,
3,mutation,metric,1,exists_metric_le=1.25
3,mutation,edge_type,1,out_edge_type=G
3,mutation,boundary,1,boundary=open
3,mutation,warrant,1,warrant=definition
3,mutation,continuation,1,continuation=0
3,mutation,role,1,role=participant
4,admissible,rename,1,
4,admissible,rigid_isometry,1,
4,admissible,edge_order,1,
4,admissible,full_iso,1,
4,mutation,metric,1,out_edge_type=G
4,mutation,edge_type,1,out_edge_type=G
4,mutation,boundary,1,boundary=open
4,mutation,warrant,1,warrant=definition
4,mutation,continuation,1,continuation=0
4,mutation,role,1,role=participant
5,admissible,rename,1,
5,admissible,rigid_isometry,1,
5,admissible,edge_order,1,
5,admissible,full_iso,1,
5,mutation,metric,1,typed_neighbor=G@2.0
5,mutation,edge_type,1,out_edge_type=G
5,mutation,boundary,1,boundary=open
5,mutation,warrant,1,warrant=definition
5,mutation,continuation,1,continuation=0
5,mutation,role,1,role=participant
6,admissible,rename,1,
6,admissible,rigid_isometry,1,
6,admissible,edge_order,1,
6,admissible,full_iso,1,
6,mutation,metric,1,out_edge_type=G
6,mutation,edge_type,1,out_edge_type=G
6,mutation,boundary,1,boundary=open
6,mutation,warrant,1,warrant=definition
6,mutation,continuation,1,continuation=0
6,mutation,role,1,role=participant
7,admissible,rename,1,
7,admissible,rigid_isometry,1,
7,admissible,edge_order,1,
7,admissible,full_iso,1,
7,mutation,metric,1,exists_metric_le=1.25
7,mutation,edge_type,1,out_edge_type=G
7,mutation,boundary,1,boundary=open
7,mutation,warrant,1,warrant=definition
7,mutation,continuation,1,continuation=0
7,mutation,role,1,role=participant
8,admissible,rename,1,
8,admissible,rigid_isometry,1,
8,admissible,edge_order,1,
8,admissible,full_iso,1,
8,mutation,metric,1,out_edge_type=G
8,mutation,edge_type,1,out_edge_type=G
8,mutation,boundary,1,boundary=open
8,mutation,warrant,1,warrant=definition
8,mutation,continuation,1,continuation=0
8,mutation,role,1,role=participant
9,admissible,rename,1,
9,admissible,rigid_isometry,1,
9,admissible,edge_order,1,
9,admissible,full_iso,1,
9,mutation,metric,1,out_edge_type=G
9,mutation,edge_type,1,out_edge_type=G
9,mutation,boundary,1,boundary=open
9,mutation,warrant,1,warrant=definition
9,mutation,continuation,1,continuation=0
9,mutation,role,1,role=participant
10,admissible,rename,1,
10,admissible,rigid_isometry,1,
10,admissible,edge_order,1,
10,admissible,full_iso,1,
10,mutation,metric,1,out_edge_type=G
10,mutation,edge_type,1,out_edge_type=G
10,mutation,boundary,1,boundary=open
10,mutation,warrant,1,warrant=definition
10,mutation,continuation,1,continuation=0
10,mutation,role,1,role=participant
11,admissible,rename,1,
11,admissible,rigid_isometry,1,
11,admissible,edge_order,1,
11,admissible,full_iso,1,
11,mutation,metric,1,out_edge_type=G
11,mutation,edge_type,1,out_edge_type=G
11,mutation,boundary,1,boundary=open
11,mutation,warrant,1,warrant=definition
11,mutation,continuation,1,continuation=0
11,mutation,role,1,role=participant
12,admissible,rename,1,
12,admissible,rigid_isometry,1,
12,admissible,edge_order,1,
12,admissible,full_iso,1,
12,mutation,metric,1,exists_metric_le=2.0
12,mutation,edge_type,1,out_edge_type=G
12,mutation,boundary,1,boundary=open
12,mutation,warrant,1,warrant=definition
12,mutation,continuation,1,continuation=0
12,mutation,role,1,role=participant
13,admissible,rename,1,
13,admissible,rigid_isometry,1,
13,admissible,edge_order,1,
13,admissible,full_iso,1,
13,mutation,metric,1,exists_metric_le=1.25
13,mutation,edge_type,1,out_edge_type=G
13,mutation,boundary,1,boundary=open
13,mutation,warrant,1,warrant=definition
13,mutation,continuation,1,continuation=0
13,mutation,role,1,role=participant
14,admissible,rename,1,
14,admissible,rigid_isometry,1,
14,admissible,edge_order,1,
14,admissible,full_iso,1,
14,mutation,metric,1,out_edge_type=G
14,mutation,edge_type,1,out_edge_type=G
14,mutation,boundary,1,boundary=open
14,mutation,warrant,1,warrant=definition
14,mutation,continuation,1,continuation=0
14,mutation,role,1,role=participant
15,admissible,rename,1,
15,admissible,rigid_isometry,1,
15,admissible,edge_order,1,
15,admissible,full_iso,1,
15,mutation,metric,1,exists_metric_le=2.0
15,mutation,edge_type,1,out_edge_type=G
15,mutation,boundary,1,boundary=open
15,mutation,warrant,1,warrant=definition
15,mutation,continuation,1,continuation=0
15,mutation,role,1,role=participant
16,admissible,rename,1,
16,admissible,rigid_isometry,1,
16,admissible,edge_order,1,
16,admissible,full_iso,1,
16,mutation,metric,1,exists_metric_le=1.25
16,mutation,edge_type,1,out_edge_type=G
16,mutation,boundary,1,boundary=open
16,mutation,warrant,1,warrant=definition
16,mutation,continuation,1,continuation=0
16,mutation,role,1,role=participant
17,admissible,rename,1,
17,admissible,rigid_isometry,1,
17,admissible,edge_order,1,
17,admissible,full_iso,1,
17,mutation,metric,1,out_edge_type=G
17,mutation,edge_type,1,out_edge_type=G
17,mutation,boundary,1,boundary=open
17,mutation,warrant,1,warrant=definition
17,mutation,continuation,1,continuation=0
17,mutation,role,1,role=participant
18,admissible,rename,1,
18,admissible,rigid_isometry,1,
18,admissible,edge_order,1,
18,admissible,full_iso,1,
18,mutation,metric,1,exists_metric_le=2.0
18,mutation,edge_type,1,out_edge_type=G
18,mutation,boundary,1,boundary=open
18,mutation,warrant,1,warrant=definition
18,mutation,continuation,1,continuation=0
18,mutation,role,1,role=participant
19,admissible,rename,1,
19,admissible,rigid_isometry,1,
19,admissible,edge_order,1,
19,admissible,full_iso,1,
19,mutation,metric,1,out_edge_type=G
19,mutation,edge_type,1,out_edge_type=G
19,mutation,boundary,1,boundary=open
19,mutation,warrant,1,warrant=definition
19,mutation,continuation,1,continuation=0
19,mutation,role,1,role=participant
20,admissible,rename,1,
20,admissible,rigid_isometry,1,
20,admissible,edge_order,1,
20,admissible,full_iso,1,
20,mutation,metric,1,out_edge_type=G
20,mutation,edge_type,1,out_edge_type=G
20,mutation,boundary,1,boundary=open
20,mutation,warrant,1,warrant=definition
20,mutation,continuation,1,continuation=0
20,mutation,role,1,role=participant
21,admissible,rename,1,
21,admissible,rigid_isometry,1,
21,admissible,edge_order,1,
21,admissible,full_iso,1,
21,mutation,metric,1,out_edge_type=G
21,mutation,edge_type,1,out_edge_type=G
21,mutation,boundary,1,boundary=open
21,mutation,warrant,1,warrant=definition
21,mutation,continuation,1,continuation=0
21,mutation,role,1,role=participant
22,admissible,rename,1,
22,admissible,rigid_isometry,1,
22,admissible,edge_order,1,
22,admissible,full_iso,1,
22,mutation,metric,1,exists_metric_le=1.25
22,mutation,edge_type,1,out_edge_type=G
22,mutation,boundary,1,boundary=open
22,mutation,warrant,1,warrant=definition
22,mutation,continuation,1,continuation=0
22,mutation,role,1,role=participant
23,admissible,rename,1,
23,admissible,rigid_isometry,1,
23,admissible,edge_order,1,
23,admissible,full_iso,1,
23,mutation,metric,1,exists_metric_le=1.25
23,mutation,edge_type,1,out_edge_type=G
23,mutation,boundary,1,boundary=open
23,mutation,warrant,1,warrant=definition
23,mutation,continuation,1,continuation=0
23,mutation,role,1,role=participant
24,admissible,rename,1,
24,admissible,rigid_isometry,1,
24,admissible,edge_order,1,
24,admissible,full_iso,1,
24,mutation,metric,1,exists_metric_le=2.0
24,mutation,edge_type,1,out_edge_type=G
24,mutation,boundary,1,boundary=open
24,mutation,warrant,1,warrant=definition
24,mutation,continuation,1,continuation=0
24,mutation,role,1,role=participant
25,admissible,rename,1,
25,admissible,rigid_isometry,1,
25,admissible,edge_order,1,
25,admissible,full_iso,1,
25,mutation,metric,1,out_edge_type=G
25,mutation,edge_type,1,out_edge_type=G
25,mutation,boundary,1,boundary=open
25,mutation,warrant,1,warrant=definition
25,mutation,continuation,1,continuation=0
25,mutation,role,1,role=participant
26,admissible,rename,1,
26,admissible,rigid_isometry,1,
26,admissible,edge_order,1,
26,admissible,full_iso,1,
26,mutation,metric,1,out_edge_type=G
26,mutation,edge_type,1,out_edge_type=G
26,mutation,boundary,1,boundary=open
26,mutation,warrant,1,warrant=definition
26,mutation,continuation,1,continuation=0
26,mutation,role,1,role=participant
27,admissible,rename,1,
27,admissible,rigid_isometry,1,
27,admissible,edge_order,1,
27,admissible,full_iso,1,
27,mutation,metric,1,out_edge_type=G
27,mutation,edge_type,1,out_edge_type=G
27,mutation,boundary,1,boundary=open
27,mutation,warrant,1,warrant=definition
27,mutation,continuation,1,continuation=0
27,mutation,role,1,role=participant
28,admissible,rename,1,
28,admissible,rigid_isometry,1,
28,admissible,edge_order,1,
28,admissible,full_iso,1,
28,mutation,metric,1,out_edge_type=G
28,mutation,edge_type,1,out_edge_type=G
28,mutation,boundary,1,boundary=open
28,mutation,warrant,1,warrant=definition
28,mutation,continuation,1,continuation=0
28,mutation,role,1,role=participant
29,admissible,rename,1,
29,admissible,rigid_isometry,1,
29,admissible,edge_order,1,
29,admissible,full_iso,1,
29,mutation,metric,1,out_edge_type=G
29,mutation,edge_type,1,out_edge_type=G
29,mutation,boundary,1,boundary=open
29,mutation,warrant,1,warrant=definition
29,mutation,continuation,1,continuation=0
29,mutation,role,1,role=participant
30,admissible,rename,1,
30,admissible,rigid_isometry,1,
30,admissible,edge_order,1,
30,admissible,full_iso,1,
30,mutation,metric,1,exists_metric_le=3.0
30,mutation,edge_type,1,out_edge_type=G
30,mutation,boundary,1,boundary=open
30,mutation,warrant,1,warrant=definition
30,mutation,continuation,1,continuation=0
30,mutation,role,1,role=participant
31,admissible,rename,1,
31,admissible,rigid_isometry,1,
31,admissible,edge_order,1,
31,admissible,full_iso,1,
31,mutation,metric,1,out_edge_type=G
31,mutation,edge_type,1,out_edge_type=G
31,mutation,boundary,1,boundary=open
31,mutation,warrant,1,warrant=definition
31,mutation,continuation,1,continuation=0
31,mutation,role,1,role=participant
32,admissible,rename,1,
32,admissible,rigid_isometry,1,
32,admissible,edge_order,1,
32,admissible,full_iso,1,
32,mutation,metric,1,exists_metric_le=1.25
32,mutation,edge_type,1,out_edge_type=G
32,mutation,boundary,1,boundary=open
32,mutation,warrant,1,warrant=definition
32,mutation,continuation,1,continuation=0
32,mutation,role,1,role=participant
33,admissible,rename,1,
33,admissible,rigid_isometry,1,
33,admissible,edge_order,1,
33,admissible,full_iso,1,
33,mutation,metric,1,typed_neighbor=G@3.0
33,mutation,edge_type,1,out_edge_type=G
33,mutation,boundary,1,boundary=open
33,mutation,warrant,1,warrant=definition
33,mutation,continuation,1,continuation=0
33,mutation,role,1,role=participant
34,admissible,rename,1,
34,admissible,rigid_isometry,1,
34,admissible,edge_order,1,
34,admissible,full_iso,1,
34,mutation,metric,1,typed_neighbor=G@1.25
34,mutation,edge_type,1,out_edge_type=G
34,mutation,boundary,1,boundary=open
34,mutation,warrant,1,warrant=definition
34,mutation,continuation,1,continuation=0
34,mutation,role,1,role=participant
35,admissible,rename,1,
35,admissible,rigid_isometry,1,
35,admissible,edge_order,1,
35,admissible,full_iso,1,
35,mutation,metric,1,exists_metric_le=3.0
35,mutation,edge_type,1,out_edge_type=G
35,mutation,boundary,1,boundary=open
35,mutation,warrant,1,warrant=definition
35,mutation,continuation,1,continuation=0
35,mutation,role,1,role=participant
36,admissible,rename,1,
36,admissible,rigid_isometry,1,
36,admissible,edge_order,1,
36,admissible,full_iso,1,
36,mutation,metric,1,out_edge_type=G
36,mutation,edge_type,1,out_edge_type=G
36,mutation,boundary,1,boundary=open
36,mutation,warrant,1,warrant=definition
36,mutation,continuation,1,continuation=0
36,mutation,role,1,role=participant
37,admissible,rename,1,
37,admissible,rigid_isometry,1,
37,admissible,edge_order,1,
37,admissible,full_iso,1,
37,mutation,metric,1,out_edge_type=G
37,mutation,edge_type,1,out_edge_type=G
37,mutation,boundary,1,boundary=open
37,mutation,warrant,1,warrant=definition
37,mutation,continuation,1,continuation=0
37,mutation,role,1,role=participant
38,admissible,rename,1,
38,admissible,rigid_isometry,1,
38,admissible,edge_order,1,
38,admissible,full_iso,1,
38,mutation,metric,1,out_edge_type=G
38,mutation,edge_type,1,out_edge_type=G
38,mutation,boundary,1,boundary=open
38,mutation,warrant,1,warrant=definition
38,mutation,continuation,1,continuation=0
38,mutation,role,1,role=participant
39,admissible,rename,1,
39,admissible,rigid_isometry,1,
39,admissible,edge_order,1,
39,admissible,full_iso,1,
39,mutation,metric,1,exists_metric_le=1.25
39,mutation,edge_type,1,out_edge_type=G
39,mutation,boundary,1,boundary=open
39,mutation,warrant,1,warrant=definition
39,mutation,continuation,1,continuation=0
39,mutation,role,1,role=participant
40,admissible,rename,1,
40,admissible,rigid_isometry,1,
40,admissible,edge_order,1,
40,admissible,full_iso,1,
40,mutation,metric,1,out_edge_type=G
40,mutation,edge_type,1,out_edge_type=G
40,mutation,boundary,1,boundary=open
40,mutation,warrant,1,warrant=definition
40,mutation,continuation,1,continuation=0
40,mutation,role,1,role=participant
41,admissible,rename,1,
41,admissible,rigid_isometry,1,
41,admissible,edge_order,1,
41,admissible,full_iso,1,
41,mutation,metric,1,out_edge_type=G
41,mutation,edge_type,1,out_edge_type=G
41,mutation,boundary,1,boundary=open
41,mutation,warrant,1,warrant=definition
41,mutation,continuation,1,continuation=0
41,mutation,role,1,role=participant
42,admissible,rename,1,
42,admissible,rigid_isometry,1,
42,admissible,edge_order,1,
42,admissible,full_iso,1,
42,mutation,metric,1,out_edge_type=G
42,mutation,edge_type,1,out_edge_type=G
42,mutation,boundary,1,boundary=open
42,mutation,warrant,1,warrant=definition
42,mutation,continuation,1,continuation=0
42,mutation,role,1,role=participant
43,admissible,rename,1,
43,admissible,rigid_isometry,1,
43,admissible,edge_order,1,
43,admissible,full_iso,1,
43,mutation,metric,1,out_edge_type=G
43,mutation,edge_type,1,out_edge_type=G
43,mutation,boundary,1,boundary=open
43,mutation,warrant,1,warrant=definition
43,mutation,continuation,1,continuation=0
43,mutation,role,1,role=participant
44,admissible,rename,1,
44,admissible,rigid_isometry,1,
44,admissible,edge_order,1,
44,admissible,full_iso,1,
44,mutation,metric,1,out_edge_type=G
44,mutation,edge_type,1,out_edge_type=G
44,mutation,boundary,1,boundary=open
44,mutation,warrant,1,warrant=definition
44,mutation,continuation,1,continuation=0
44,mutation,role,1,role=participant
45,admissible,rename,1,
45,admissible,rigid_isometry,1,
45,admissible,edge_order,1,
45,admissible,full_iso,1,
45,mutation,metric,1,out_edge_type=G
45,mutation,edge_type,1,out_edge_type=G
45,mutation,boundary,1,boundary=open
45,mutation,warrant,1,warrant=definition
45,mutation,continuation,1,continuation=0
45,mutation,role,1,role=participant
46,admissible,rename,1,
46,admissible,rigid_isometry,1,
46,admissible,edge_order,1,
46,admissible,full_iso,1,
46,mutation,metric,1,out_edge_type=G
46,mutation,edge_type,1,out_edge_type=G
46,mutation,boundary,1,boundary=open
46,mutation,warrant,1,warrant=definition
46,mutation,continuation,1,continuation=0
46,mutation,role,1,role=participant
47,admissible,rename,1,
47,admissible,rigid_isometry,1,
47,admissible,edge_order,1,
47,admissible,full_iso,1,
47,mutation,metric,1,out_edge_type=G
47,mutation,edge_type,1,out_edge_type=G
47,mutation,boundary,1,boundary=open
47,mutation,warrant,1,warrant=definition
47,mutation,continuation,1,continuation=0
47,mutation,role,1,role=participant
48,admissible,rename,1,
48,admissible,rigid_isometry,1,
48,admissible,edge_order,1,
48,admissible,full_iso,1,
48,mutation,metric,1,out_edge_type=G
48,mutation,edge_type,1,out_edge_type=G
48,mutation,boundary,1,boundary=open
48,mutation,warrant,1,warrant=definition
48,mutation,continuation,1,continuation=0
48,mutation,role,1,role=participant
49,admissible,rename,1,
49,admissible,rigid_isometry,1,
49,admissible,edge_order,1,
49,admissible,full_iso,1,
49,mutation,metric,1,out_edge_type=G
49,mutation,edge_type,1,out_edge_type=G
49,mutation,boundary,1,boundary=open
49,mutation,warrant,1,warrant=definition
49,mutation,continuation,1,continuation=0
49,mutation,role,1,role=participant
50,admissible,rename,1,
50,admissible,rigid_isometry,1,
50,admissible,edge_order,1,
50,admissible,full_iso,1,
50,mutation,metric,1,typed_neighbor=G@3.0
50,mutation,edge_type,1,out_edge_type=G
50,mutation,boundary,1,boundary=open
50,mutation,warrant,1,warrant=definition
50,mutation,continuation,1,continuation=0
50,mutation,role,1,role=participant
51,admissible,rename,1,
51,admissible,rigid_isometry,1,
51,admissible,edge_order,1,
51,admissible,full_iso,1,
51,mutation,metric,1,typed_neighbor=G@3.0
51,mutation,edge_type,1,out_edge_type=G
51,mutation,boundary,1,boundary=open
51,mutation,warrant,1,warrant=definition
51,mutation,continuation,1,continuation=0
51,mutation,role,1,role=participant
52,admissible,rename,1,
52,admissible,rigid_isometry,1,
52,admissible,edge_order,1,
52,admissible,full_iso,1,
52,mutation,metric,1,out_edge_type=G
52,mutation,edge_type,1,out_edge_type=G
52,mutation,boundary,1,boundary=open
52,mutation,warrant,1,warrant=definition
52,mutation,continuation,1,continuation=0
52,mutation,role,1,role=participant
53,admissible,rename,1,
53,admissible,rigid_isometry,1,
53,admissible,edge_order,1,
53,admissible,full_iso,1,
53,mutation,metric,1,out_edge_type=G
53,mutation,edge_type,1,out_edge_type=G
53,mutation,boundary,1,boundary=open
53,mutation,warrant,1,warrant=definition
53,mutation,continuation,1,continuation=0
53,mutation,role,1,role=participant
54,admissible,rename,1,
54,admissible,rigid_isometry,1,
54,admissible,edge_order,1,
54,admissible,full_iso,1,
54,mutation,metric,1,exists_same_type_metric_le=2.0
54,mutation,edge_type,1,out_edge_type=G
54,mutation,boundary,1,boundary=open
54,mutation,warrant,1,warrant=definition
54,mutation,continuation,1,continuation=0
54,mutation,role,1,role=participant
55,admissible,rename,1,
55,admissible,rigid_isometry,1,
55,admissible,edge_order,1,
55,admissible,full_iso,1,
55,mutation,metric,1,out_edge_type=G
55,mutation,edge_type,1,out_edge_type=G
55,mutation,boundary,1,boundary=open
55,mutation,warrant,1,warrant=definition
55,mutation,continuation,1,continuation=0
55,mutation,role,1,role=participant
56,admissible,rename,1,
56,admissible,rigid_isometry,1,
56,admissible,edge_order,1,
56,admissible,full_iso,1,
56,mutation,metric,1,out_edge_type=G
56,mutation,edge_type,1,out_edge_type=G
56,mutation,boundary,1,boundary=open
56,mutation,warrant,1,warrant=definition
56,mutation,continuation,1,continuation=0
56,mutation,role,1,role=participant
57,admissible,rename,1,
57,admissible,rigid_isometry,1,
57,admissible,edge_order,1,
57,admissible,full_iso,1,
57,mutation,metric,1,out_edge_type=G
57,mutation,edge_type,1,out_edge_type=G
57,mutation,boundary,1,boundary=open
57,mutation,warrant,1,warrant=definition
57,mutation,continuation,1,continuation=0
57,mutation,role,1,role=participant
58,admissible,rename,1,
58,admissible,rigid_isometry,1,
58,admissible,edge_order,1,
58,admissible,full_iso,1,
58,mutation,metric,1,out_edge_type=G
58,mutation,edge_type,1,out_edge_type=G
58,mutation,boundary,1,boundary=open
58,mutation,warrant,1,warrant=definition
58,mutation,continuation,1,continuation=0
58,mutation,role,1,role=participant
59,admissible,rename,1,
59,admissible,rigid_isometry,1,
59,admissible,edge_order,1,
59,admissible,full_iso,1,
59,mutation,metric,1,out_edge_type=G
59,mutation,edge_type,1,out_edge_type=G
59,mutation,boundary,1,boundary=open
59,mutation,warrant,1,warrant=definition
59,mutation,continuation,1,continuation=0
59,mutation,role,1,role=participant
60,admissible,rename,1,
60,admissible,rigid_isometry,1,
60,admissible,edge_order,1,
60,admissible,full_iso,1,
60,mutation,metric,1,out_edge_type=G
60,mutation,edge_type,1,out_edge_type=G
60,mutation,boundary,1,boundary=open
60,mutation,warrant,1,warrant=definition
60,mutation,continuation,1,continuation=0
60,mutation,role,1,role=participant
61,admissible,rename,1,
61,admissible,rigid_isometry,1,
61,admissible,edge_order,1,
61,admissible,full_iso,1,
61,mutation,metric,1,out_edge_type=G
61,mutation,edge_type,1,out_edge_type=G
61,mutation,boundary,1,boundary=open
61,mutation,warrant,1,warrant=definition
61,mutation,continuation,1,continuation=0
61,mutation,role,1,role=participant
62,admissible,rename,1,
62,admissible,rigid_isometry,1,
62,admissible,edge_order,1,
62,admissible,full_iso,1,
62,mutation,metric,1,out_edge_type=G
62,mutation,edge_type,1,out_edge_type=G
62,mutation,boundary,1,boundary=open
62,mutation,warrant,1,warrant=definition
62,mutation,continuation,1,continuation=0
62,mutation,role,1,role=participant
63,admissible,rename,1,
63,admissible,rigid_isometry,1,
63,admissible,edge_order,1,
63,admissible,full_iso,1,
63,mutation,metric,1,exists_metric_le=1.25
63,mutation,edge_type,1,out_edge_type=G
63,mutation,boundary,1,boundary=open
63,mutation,warrant,1,warrant=definition
63,mutation,continuation,1,continuation=0
63,mutation,role,1,role=participant
64,admissible,rename,1,
64,admissible,rigid_isometry,1,
64,admissible,edge_order,1,
64,admissible,full_iso,1,
64,mutation,metric,1,out_edge_type=G
64,mutation,edge_type,1,out_edge_type=G
64,mutation,boundary,1,boundary=open
64,mutation,warrant,1,warrant=definition
64,mutation,continuation,1,continuation=0
64,mutation,role,1,role=participant
65,admissible,rename,1,
65,admissible,rigid_isometry,1,
65,admissible,edge_order,1,
65,admissible,full_iso,1,
65,mutation,metric,1,exists_metric_le=1.25
65,mutation,edge_type,1,out_edge_type=G
65,mutation,boundary,1,boundary=open
65,mutation,warrant,1,warrant=definition
65,mutation,continuation,1,continuation=0
65,mutation,role,1,role=participant
66,admissible,rename,1,
66,admissible,rigid_isometry,1,
66,admissible,edge_order,1,
66,admissible,full_iso,1,
66,mutation,metric,1,typed_neighbor=G@1.25
66,mutation,edge_type,1,out_edge_type=G
66,mutation,boundary,1,boundary=open
66,mutation,warrant,1,warrant=definition
66,mutation,continuation,1,continuation=0
66,mutation,role,1,role=participant
67,admissible,rename,1,
67,admissible,rigid_isometry,1,
67,admissible,edge_order,1,
67,admissible,full_iso,1,
67,mutation,metric,1,out_edge_type=G
67,mutation,edge_type,1,out_edge_type=G
67,mutation,boundary,1,boundary=open
67,mutation,warrant,1,warrant=definition
67,mutation,continuation,1,continuation=0
67,mutation,role,1,role=participant
68,admissible,rename,1,
68,admissible,rigid_isometry,1,
68,admissible,edge_order,1,
68,admissible,full_iso,1,
68,mutation,metric,1,out_edge_type=G
68,mutation,edge_type,1,out_edge_type=G
68,mutation,boundary,1,boundary=open
68,mutation,warrant,1,warrant=definition
68,mutation,continuation,1,continuation=0
68,mutation,role,1,role=participant
69,admissible,rename,1,
69,admissible,rigid_isometry,1,
69,admissible,edge_order,1,
69,admissible,full_iso,1,
69,mutation,metric,1,out_edge_type=G
69,mutation,edge_type,1,out_edge_type=G
69,mutation,boundary,1,boundary=open
69,mutation,warrant,1,warrant=definition
69,mutation,continuation,1,continuation=0
69,mutation,role,1,role=participant
70,admissible,rename,1,
70,admissible,rigid_isometry,1,
70,admissible,edge_order,1,
70,admissible,full_iso,1,
70,mutation,metric,1,out_edge_type=G
70,mutation,edge_type,1,out_edge_type=G
70,mutation,boundary,1,boundary=open
70,mutation,warrant,1,warrant=definition
70,mutation,continuation,1,continuation=0
70,mutation,role,1,role=participant
71,admissible,rename,1,
71,admissible,rigid_isometry,1,
71,admissible,edge_order,1,
71,admissible,full_iso,1,
71,mutation,metric,1,out_edge_type=G
71,mutation,edge_type,1,out_edge_type=G
71,mutation,boundary,1,boundary=open
71,mutation,warrant,1,warrant=definition
71,mutation,continuation,1,continuation=0
71,mutation,role,1,role=participant
72,admissible,rename,1,
72,admissible,rigid_isometry,1,
72,admissible,edge_order,1,
72,admissible,full_iso,1,
72,mutation,metric,1,out_edge_type=G
72,mutation,edge_type,1,out_edge_type=G
72,mutation,boundary,1,boundary=open
72,mutation,warrant,1,warrant=definition
72,mutation,continuation,1,continuation=0
72,mutation,role,1,role=participant
73,admissible,rename,1,
73,admissible,rigid_isometry,1,
73,admissible,edge_order,1,
73,admissible,full_iso,1,
73,mutation,metric,1,exists_metric_le=1.25
73,mutation,edge_type,1,out_edge_type=G
73,mutation,boundary,1,boundary=open
73,mutation,warrant,1,warrant=definition
73,mutation,continuation,1,continuation=0
73,mutation,role,1,role=participant
74,admissible,rename,1,
74,admissible,rigid_isometry,1,
74,admissible,edge_order,1,
74,admissible,full_iso,1,
74,mutation,metric,1,out_edge_type=G
74,mutation,edge_type,1,out_edge_type=G
74,mutation,boundary,1,boundary=open
74,mutation,warrant,1,warrant=definition
74,mutation,continuation,1,continuation=0
74,mutation,role,1,role=participant
75,admissible,rename,1,
75,admissible,rigid_isometry,1,
75,admissible,edge_order,1,
75,admissible,full_iso,1,
75,mutation,metric,1,out_edge_type=G
75,mutation,edge_type,1,out_edge_type=G
75,mutation,boundary,1,boundary=open
75,mutation,warrant,1,warrant=definition
75,mutation,continuation,1,continuation=0
75,mutation,role,1,role=participant
76,admissible,rename,1,
76,admissible,rigid_isometry,1,
76,admissible,edge_order,1,
76,admissible,full_iso,1,
76,mutation,metric,1,out_edge_type=G
76,mutation,edge_type,1,out_edge_type=G
76,mutation,boundary,1,boundary=open
76,mutation,warrant,1,warrant=definition
76,mutation,continuation,1,continuation=0
76,mutation,role,1,role=participant
77,admissible,rename,1,
77,admissible,rigid_isometry,1,
77,admissible,edge_order,1,
77,admissible,full_iso,1,
77,mutation,metric,1,exists_metric_le=1.25
77,mutation,edge_type,1,out_edge_type=G
77,mutation,boundary,1,boundary=open
77,mutation,warrant,1,warrant=definition
77,mutation,continuation,1,continuation=0
77,mutation,role,1,role=participant
78,admissible,rename,1,
78,admissible,rigid_isometry,1,
78,admissible,edge_order,1,
78,admissible,full_iso,1,
78,mutation,metric,1,exists_same_type_metric_le=1.25
78,mutation,edge_type,1,out_edge_type=G
78,mutation,boundary,1,boundary=open
78,mutation,warrant,1,warrant=definition
78,mutation,continuation,1,continuation=0
78,mutation,role,1,role=participant
79,admissible,rename,1,
79,admissible,rigid_isometry,1,
79,admissible,edge_order,1,
79,admissible,full_iso,1,
79,mutation,metric,1,out_edge_type=G
79,mutation,edge_type,1,out_edge_type=G
79,mutation,boundary,1,boundary=open
79,mutation,warrant,1,warrant=definition
79,mutation,continuation,1,continuation=0
79,mutation,role,1,role=participant
80,admissible,rename,1,
80,admissible,rigid_isometry,1,
80,admissible,edge_order,1,
80,admissible,full_iso,1,
80,mutation,metric,1,out_edge_type=G
80,mutation,edge_type,1,out_edge_type=G
80,mutation,boundary,1,boundary=open
80,mutation,warrant,1,warrant=definition
80,mutation,continuation,1,continuation=0
80,mutation,role,1,role=participant
81,admissible,rename,1,
81,admissible,rigid_isometry,1,
81,admissible,edge_order,1,
81,admissible,full_iso,1,
81,mutation,metric,1,out_edge_type=G
81,mutation,edge_type,1,out_edge_type=G
81,mutation,boundary,1,boundary=open
81,mutation,warrant,1,warrant=definition
81,mutation,continuation,1,continuation=0
81,mutation,role,1,role=participant
82,admissible,rename,1,
82,admissible,rigid_isometry,1,
82,admissible,edge_order,1,
82,admissible,full_iso,1,
82,mutation,metric,1,out_edge_type=G
82,mutation,edge_type,1,out_edge_type=G
82,mutation,boundary,1,boundary=open
82,mutation,warrant,1,warrant=definition
82,mutation,continuation,1,continuation=0
82,mutation,role,1,role=participant
83,admissible,rename,1,
83,admissible,rigid_isometry,1,
83,admissible,edge_order,1,
83,admissible,full_iso,1,
83,mutation,metric,1,exists_metric_le=1.25
83,mutation,edge_type,1,out_edge_type=G
83,mutation,boundary,1,boundary=open
83,mutation,warrant,1,warrant=definition
83,mutation,continuation,1,continuation=0
83,mutation,role,1,role=participant
84,admissible,rename,1,
84,admissible,rigid_isometry,1,
84,admissible,edge_order,1,
84,admissible,full_iso,1,
84,mutation,metric,1,out_edge_type=G
84,mutation,edge_type,1,out_edge_type=G
84,mutation,boundary,1,boundary=open
84,mutation,warrant,1,warrant=definition
84,mutation,continuation,1,continuation=0
84,mutation,role,1,role=participant
85,admissible,rename,1,
85,admissible,rigid_isometry,1,
85,admissible,edge_order,1,
85,admissible,full_iso,1,
85,mutation,metric,1,out_edge_type=G
85,mutation,edge_type,1,out_edge_type=G
85,mutation,boundary,1,boundary=open
85,mutation,warrant,1,warrant=definition
85,mutation,continuation,1,continuation=0
85,mutation,role,1,role=participant
86,admissible,rename,1,
86,admissible,rigid_isometry,1,
86,admissible,edge_order,1,
86,admissible,full_iso,1,
86,mutation,metric,1,out_edge_type=G
86,mutation,edge_type,1,out_edge_type=G
86,mutation,boundary,1,boundary=open
86,mutation,warrant,1,warrant=definition
86,mutation,continuation,1,continuation=0
86,mutation,role,1,role=participant
87,admissible,rename,1,
87,admissible,rigid_isometry,1,
87,admissible,edge_order,1,
87,admissible,full_iso,1,
87,mutation,metric,1,out_edge_type=G
87,mutation,edge_type,1,out_edge_type=G
87,mutation,boundary,1,boundary=open
87,mutation,warrant,1,warrant=definition
87,mutation,continuation,1,continuation=0
87,mutation,role,1,role=participant
88,admissible,rename,1,
88,admissible,rigid_isometry,1,
88,admissible,edge_order,1,
88,admissible,full_iso,1,
88,mutation,metric,1,out_edge_type=G
88,mutation,edge_type,1,out_edge_type=G
88,mutation,boundary,1,boundary=open
88,mutation,warrant,1,warrant=definition
88,mutation,continuation,1,continuation=0
88,mutation,role,1,role=participant
89,admissible,rename,1,
89,admissible,rigid_isometry,1,
89,admissible,edge_order,1,
89,admissible,full_iso,1,
89,mutation,metric,1,out_edge_type=G
89,mutation,edge_type,1,out_edge_type=G
89,mutation,boundary,1,boundary=open
89,mutation,warrant,1,warrant=definition
89,mutation,continuation,1,continuation=0
89,mutation,role,1,role=participant
90,admissible,rename,1,
90,admissible,rigid_isometry,1,
90,admissible,edge_order,1,
90,admissible,full_iso,1,
90,mutation,metric,1,exists_metric_le=2.0
90,mutation,edge_type,1,out_edge_type=G
90,mutation,boundary,1,boundary=open
90,mutation,warrant,1,warrant=definition
90,mutation,continuation,1,continuation=0
90,mutation,role,1,role=participant
91,admissible,rename,1,
91,admissible,rigid_isometry,1,
91,admissible,edge_order,1,
91,admissible,full_iso,1,
91,mutation,metric,1,out_edge_type=G
91,mutation,edge_type,1,out_edge_type=G
91,mutation,boundary,1,boundary=open
91,mutation,warrant,1,warrant=definition
91,mutation,continuation,1,continuation=0
91,mutation,role,1,role=participant
92,admissible,rename,1,
92,admissible,rigid_isometry,1,
92,admissible,edge_order,1,
92,admissible,full_iso,1,
92,mutation,metric,1,out_edge_type=G
92,mutation,edge_type,1,out_edge_type=G
92,mutation,boundary,1,boundary=open
92,mutation,warrant,1,warrant=definition
92,mutation,continuation,1,continuation=0
92,mutation,role,1,role=participant
93,admissible,rename,1,
93,admissible,rigid_isometry,1,
93,admissible,edge_order,1,
93,admissible,full_iso,1,
93,mutation,metric,1,exists_metric_le=1.25
93,mutation,edge_type,1,out_edge_type=G
93,mutation,boundary,1,boundary=open
93,mutation,warrant,1,warrant=definition
93,mutation,continuation,1,continuation=0
93,mutation,role,1,role=participant
94,admissible,rename,1,
94,admissible,rigid_isometry,1,
94,admissible,edge_order,1,
94,admissible,full_iso,1,
94,mutation,metric,1,out_edge_type=G
94,mutation,edge_type,1,out_edge_type=G
94,mutation,boundary,1,boundary=open
94,mutation,warrant,1,warrant=definition
94,mutation,continuation,1,continuation=0
94,mutation,role,1,role=participant
95,admissible,rename,1,
95,admissible,rigid_isometry,1,
95,admissible,edge_order,1,
95,admissible,full_iso,1,
95,mutation,metric,1,exists_metric_le=1.25
95,mutation,edge_type,1,out_edge_type=G
95,mutation,boundary,1,boundary=open
95,mutation,warrant,1,warrant=definition
95,mutation,continuation,1,continuation=0
95,mutation,role,1,role=participant
96,admissible,rename,1,
96,admissible,rigid_isometry,1,
96,admissible,edge_order,1,
96,admissible,full_iso,1,
96,mutation,metric,1,out_edge_type=G
96,mutation,edge_type,1,out_edge_type=G
96,mutation,boundary,1,boundary=open
96,mutation,warrant,1,warrant=definition
96,mutation,continuation,1,continuation=0
96,mutation,role,1,role=participant
97,admissible,rename,1,
97,admissible,rigid_isometry,1,
97,admissible,edge_order,1,
97,admissible,full_iso,1,
97,mutation,metric,1,out_edge_type=G
97,mutation,edge_type,1,out_edge_type=G
97,mutation,boundary,1,boundary=open
97,mutation,warrant,1,warrant=definition
97,mutation,continuation,1,continuation=0
97,mutation,role,1,role=participant
98,admissible,rename,1,
98,admissible,rigid_isometry,1,
98,admissible,edge_order,1,
98,admissible,full_iso,1,
98,mutation,metric,1,out_edge_type=G
98,mutation,edge_type,1,out_edge_type=G
98,mutation,boundary,1,boundary=open
98,mutation,warrant,1,warrant=definition
98,mutation,continuation,1,continuation=0
98,mutation,role,1,role=participant
99,admissible,rename,1,
99,admissible,rigid_isometry,1,
99,admissible,edge_order,1,
99,admissible,full_iso,1,
99,mutation,metric,1,out_edge_type=G
99,mutation,edge_type,1,out_edge_type=G
99,mutation,boundary,1,boundary=open
99,mutation,warrant,1,warrant=definition
99,mutation,continuation,1,continuation=0
99,mutation,role,1,role=participant
100,admissible,rename,1,
100,admissible,rigid_isometry,1,
100,admissible,edge_order,1,
100,admissible,full_iso,1,
100,mutation,metric,1,out_edge_type=G
100,mutation,edge_type,1,out_edge_type=G
100,mutation,boundary,1,boundary=open
100,mutation,warrant,1,warrant=definition
100,mutation,continuation,1,continuation=0
100,mutation,role,1,role=participant
101,admissible,rename,1,
101,admissible,rigid_isometry,1,
101,admissible,edge_order,1,
101,admissible,full_iso,1,
101,mutation,metric,1,out_edge_type=G
101,mutation,edge_type,1,out_edge_type=G
101,mutation,boundary,1,boundary=open
101,mutation,warrant,1,warrant=definition
101,mutation,continuation,1,continuation=0
101,mutation,role,1,role=participant
102,admissible,rename,1,
102,admissible,rigid_isometry,1,
102,admissible,edge_order,1,
102,admissible,full_iso,1,
102,mutation,metric,1,exists_metric_le=1.25
102,mutation,edge_type,1,out_edge_type=G
102,mutation,boundary,1,boundary=open
102,mutation,warrant,1,warrant=definition
102,mutation,continuation,1,continuation=0
102,mutation,role,1,role=participant
103,admissible,rename,1,
103,admissible,rigid_isometry,1,
103,admissible,edge_order,1,
103,admissible,full_iso,1,
103,mutation,metric,1,exists_metric_le=1.25
103,mutation,edge_type,1,out_edge_type=G
103,mutation,boundary,1,boundary=open
103,mutation,warrant,1,warrant=definition
103,mutation,continuation,1,continuation=0
103,mutation,role,1,role=participant
104,admissible,rename,1,
104,admissible,rigid_isometry,1,
104,admissible,edge_order,1,
104,admissible,full_iso,1,
104,mutation,metric,1,exists_metric_le=1.25
104,mutation,edge_type,1,out_edge_type=G
104,mutation,boundary,1,boundary=open
104,mutation,warrant,1,warrant=definition
104,mutation,continuation,1,continuation=0
104,mutation,role,1,role=participant
105,admissible,rename,1,
105,admissible,rigid_isometry,1,
105,admissible,edge_order,1,
105,admissible,full_iso,1,
105,mutation,metric,1,typed_neighbor=G@1.25
105,mutation,edge_type,1,out_edge_type=G
105,mutation,boundary,1,boundary=open
105,mutation,warrant,1,warrant=definition
105,mutation,continuation,1,continuation=0
105,mutation,role,1,role=participant
106,admissible,rename,1,
106,admissible,rigid_isometry,1,
106,admissible,edge_order,1,
106,admissible,full_iso,1,
106,mutation,metric,1,out_edge_type=G
106,mutation,edge_type,1,out_edge_type=G
106,mutation,boundary,1,boundary=open
106,mutation,warrant,1,warrant=definition
106,mutation,continuation,1,continuation=0
106,mutation,role,1,role=participant
107,admissible,rename,1,
107,admissible,rigid_isometry,1,
107,admissible,edge_order,1,
107,admissible,full_iso,1,
107,mutation,metric,1,exists_metric_le=1.25
107,mutation,edge_type,1,out_edge_type=G
107,mutation,boundary,1,boundary=open
107,mutation,warrant,1,warrant=definition
107,mutation,continuation,1,continuation=0
107,mutation,role,1,role=participant
108,admissible,rename,1,
108,admissible,rigid_isometry,1,
108,admissible,edge_order,1,
108,admissible,full_iso,1,
108,mutation,metric,1,out_edge_type=G
108,mutation,edge_type,1,out_edge_type=G
108,mutation,boundary,1,boundary=open
108,mutation,warrant,1,warrant=definition
108,mutation,continuation,1,continuation=0
108,mutation,role,1,role=participant
109,admissible,rename,1,
109,admissible,rigid_isometry,1,
109,admissible,edge_order,1,
109,admissible,full_iso,1,
109,mutation,metric,1,out_edge_type=G
109,mutation,edge_type,1,out_edge_type=G
109,mutation,boundary,1,boundary=open
109,mutation,warrant,1,warrant=definition
109,mutation,continuation,1,continuation=0
109,mutation,role,1,role=participant
110,admissible,rename,1,
110,admissible,rigid_isometry,1,
110,admissible,edge_order,1,
110,admissible,full_iso,1,
110,mutation,metric,1,exists_metric_le=1.25
110,mutation,edge_type,1,out_edge_type=G
110,mutation,boundary,1,boundary=open
110,mutation,warrant,1,warrant=definition
110,mutation,continuation,1,continuation=0
110,mutation,role,1,role=participant
111,admissible,rename,1,
111,admissible,rigid_isometry,1,
111,admissible,edge_order,1,
111,admissible,full_iso,1,
111,mutation,metric,1,out_edge_type=G
111,mutation,edge_type,1,out_edge_type=G
111,mutation,boundary,1,boundary=open
111,mutation,warrant,1,warrant=definition
111,mutation,continuation,1,continuation=0
111,mutation,role,1,role=participant
112,admissible,rename,1,
112,admissible,rigid_isometry,1,
112,admissible,edge_order,1,
112,admissible,full_iso,1,
112,mutation,metric,1,out_edge_type=G
112,mutation,edge_type,1,out_edge_type=G
112,mutation,boundary,1,boundary=open
112,mutation,warrant,1,warrant=definition
112,mutation,continuation,1,continuation=0
112,mutation,role,1,role=participant
113,admissible,rename,1,
113,admissible,rigid_isometry,1,
113,admissible,edge_order,1,
113,admissible,full_iso,1,
113,mutation,metric,1,exists_metric_le=1.25
113,mutation,edge_type,1,out_edge_type=G
113,mutation,boundary,1,boundary=open
113,mutation,warrant,1,warrant=definition
113,mutation,continuation,1,continuation=0
113,mutation,role,1,role=participant
114,admissible,rename,1,
114,admissible,rigid_isometry,1,
114,admissible,edge_order,1,
114,admissible,full_iso,1,
114,mutation,metric,1,out_edge_type=G
114,mutation,edge_type,1,out_edge_type=G
114,mutation,boundary,1,boundary=open
114,mutation,warrant,1,warrant=definition
114,mutation,continuation,1,continuation=0
114,mutation,role,1,role=participant
115,admissible,rename,1,
115,admissible,rigid_isometry,1,
115,admissible,edge_order,1,
115,admissible,full_iso,1,
115,mutation,metric,1,exists_metric_le=1.25
115,mutation,edge_type,1,out_edge_type=G
115,mutation,boundary,1,boundary=open
115,mutation,warrant,1,warrant=definition
115,mutation,continuation,1,continuation=0
115,mutation,role,1,role=participant
116,admissible,rename,1,
116,admissible,rigid_isometry,1,
116,admissible,edge_order,1,
116,admissible,full_iso,1,
116,mutation,metric,1,out_edge_type=G
116,mutation,edge_type,1,out_edge_type=G
116,mutation,boundary,1,boundary=open
116,mutation,warrant,1,warrant=definition
116,mutation,continuation,1,continuation=0
116,mutation,role,1,role=participant
117,admissible,rename,1,
117,admissible,rigid_isometry,1,
117,admissible,edge_order,1,
117,admissible,full_iso,1,
117,mutation,metric,1,out_edge_type=G
117,mutation,edge_type,1,out_edge_type=G
117,mutation,boundary,1,boundary=open
117,mutation,warrant,1,warrant=definition
117,mutation,continuation,1,continuation=0
117,mutation,role,1,role=participant
118,admissible,rename,1,
118,admissible,rigid_isometry,1,
118,admissible,edge_order,1,
118,admissible,full_iso,1,
118,mutation,metric,1,exists_same_type_metric_le=1.25
118,mutation,edge_type,1,out_edge_type=G
118,mutation,boundary,1,boundary=open
118,mutation,warrant,1,warrant=definition
118,mutation,continuation,1,continuation=0
118,mutation,role,1,role=participant
119,admissible,rename,1,
119,admissible,rigid_isometry,1,
119,admissible,edge_order,1,
119,admissible,full_iso,1,
119,mutation,metric,1,exists_metric_le=1.25
119,mutation,edge_type,1,out_edge_type=G
119,mutation,boundary,1,boundary=open
119,mutation,warrant,1,warrant=definition
119,mutation,continuation,1,continuation=0
119,mutation,role,1,role=participant
120,admissible,rename,1,
120,admissible,rigid_isometry,1,
120,admissible,edge_order,1,
120,admissible,full_iso,1,
120,mutation,metric,1,out_edge_type=G
120,mutation,edge_type,1,out_edge_type=G
120,mutation,boundary,1,boundary=open
120,mutation,warrant,1,warrant=definition
120,mutation,continuation,1,continuation=0
120,mutation,role,1,role=participant
121,admissible,rename,1,
121,admissible,rigid_isometry,1,
121,admissible,edge_order,1,
121,admissible,full_iso,1,
121,mutation,metric,1,out_edge_type=G
121,mutation,edge_type,1,out_edge_type=G
121,mutation,boundary,1,boundary=open
121,mutation,warrant,1,warrant=definition
121,mutation,continuation,1,continuation=0
121,mutation,role,1,role=participant
122,admissible,rename,1,
122,admissible,rigid_isometry,1,
122,admissible,edge_order,1,
122,admissible,full_iso,1,
122,mutation,metric,1,out_edge_type=G
122,mutation,edge_type,1,out_edge_type=G
122,mutation,boundary,1,boundary=open
122,mutation,warrant,1,warrant=definition
122,mutation,continuation,1,continuation=0
122,mutation,role,1,role=participant
123,admissible,rename,1,
123,admissible,rigid_isometry,1,
123,admissible,edge_order,1,
123,admissible,full_iso,1,
123,mutation,metric,1,exists_metric_le=1.25
123,mutation,edge_type,1,out_edge_type=G
123,mutation,boundary,1,boundary=open
123,mutation,warrant,1,warrant=definition
123,mutation,continuation,1,continuation=0
123,mutation,role,1,role=participant
124,admissible,rename,1,
124,admissible,rigid_isometry,1,
124,admissible,edge_order,1,
124,admissible,full_iso,1,
124,mutation,metric,1,out_edge_type=G
124,mutation,edge_type,1,out_edge_type=G
124,mutation,boundary,1,boundary=open
124,mutation,warrant,1,warrant=definition
124,mutation,continuation,1,continuation=0
124,mutation,role,1,role=participant
125,admissible,rename,1,
125,admissible,rigid_isometry,1,
125,admissible,edge_order,1,
125,admissible,full_iso,1,
125,mutation,metric,1,exists_same_type_metric_le=1.25
125,mutation,edge_type,1,out_edge_type=G
125,mutation,boundary,1,boundary=open
125,mutation,warrant,1,warrant=definition
125,mutation,continuation,1,continuation=0
125,mutation,role,1,role=participant
126,admissible,rename,1,
126,admissible,rigid_isometry,1,
126,admissible,edge_order,1,
126,admissible,full_iso,1,
126,mutation,metric,1,out_edge_type=G
126,mutation,edge_type,1,out_edge_type=G
126,mutation,boundary,1,boundary=open
126,mutation,warrant,1,warrant=definition
126,mutation,continuation,1,continuation=0
126,mutation,role,1,role=participant
127,admissible,rename,1,
127,admissible,rigid_isometry,1,
127,admissible,edge_order,1,
127,admissible,full_iso,1,
127,mutation,metric,1,out_edge_type=G
127,mutation,edge_type,1,out_edge_type=G
127,mutation,boundary,1,boundary=open
127,mutation,warrant,1,warrant=definition
127,mutation,continuation,1,continuation=0
127,mutation,role,1,role=participant
128,admissible,rename,1,
128,admissible,rigid_isometry,1,
128,admissible,edge_order,1,
128,admissible,full_iso,1,
128,mutation,metric,1,out_edge_type=G
128,mutation,edge_type,1,out_edge_type=G
128,mutation,boundary,1,boundary=open
128,mutation,warrant,1,warrant=definition
128,mutation,continuation,1,continuation=0
128,mutation,role,1,role=participant
129,admissible,rename,1,
129,admissible,rigid_isometry,1,
129,admissible,edge_order,1,
129,admissible,full_iso,1,
129,mutation,metric,1,out_edge_type=G
129,mutation,edge_type,1,out_edge_type=G
129,mutation,boundary,1,boundary=open
129,mutation,warrant,1,warrant=definition
129,mutation,continuation,1,continuation=0
129,mutation,role,1,role=participant
130,admissible,rename,1,
130,admissible,rigid_isometry,1,
130,admissible,edge_order,1,
130,admissible,full_iso,1,
130,mutation,metric,1,out_edge_type=G
130,mutation,edge_type,1,out_edge_type=G
130,mutation,boundary,1,boundary=open
130,mutation,warrant,1,warrant=definition
130,mutation,continuation,1,continuation=0
130,mutation,role,1,role=participant
131,admissible,rename,1,
131,admissible,rigid_isometry,1,
131,admissible,edge_order,1,
131,admissible,full_iso,1,
131,mutation,metric,1,exists_metric_le=1.25
131,mutation,edge_type,1,out_edge_type=G
131,mutation,boundary,1,boundary=open
131,mutation,warrant,1,warrant=definition
131,mutation,continuation,1,continuation=0
131,mutation,role,1,role=participant
132,admissible,rename,1,
132,admissible,rigid_isometry,1,
132,admissible,edge_order,1,
132,admissible,full_iso,1,
132,mutation,metric,1,exists_same_type_metric_le=2.0
132,mutation,edge_type,1,out_edge_type=G
132,mutation,boundary,1,boundary=open
132,mutation,warrant,1,warrant=definition
132,mutation,continuation,1,continuation=0
132,mutation,role,1,role=participant
133,admissible,rename,1,
133,admissible,rigid_isometry,1,
133,admissible,edge_order,1,
133,admissible,full_iso,1,
133,mutation,metric,1,out_edge_type=G
133,mutation,edge_type,1,out_edge_type=G
133,mutation,boundary,1,boundary=open
133,mutation,warrant,1,warrant=definition
133,mutation,continuation,1,continuation=0
133,mutation,role,1,role=participant
134,admissible,rename,1,
134,admissible,rigid_isometry,1,
134,admissible,edge_order,1,
134,admissible,full_iso,1,
134,mutation,metric,1,out_edge_type=G
134,mutation,edge_type,1,out_edge_type=G
134,mutation,boundary,1,boundary=open
134,mutation,warrant,1,warrant=definition
134,mutation,continuation,1,continuation=0
134,mutation,role,1,role=participant
135,admissible,rename,1,
135,admissible,rigid_isometry,1,
135,admissible,edge_order,1,
135,admissible,full_iso,1,
135,mutation,metric,1,exists_metric_le=1.25
135,mutation,edge_type,1,out_edge_type=G
135,mutation,boundary,1,boundary=open
135,mutation,warrant,1,warrant=definition
135,mutation,continuation,1,continuation=0
135,mutation,role,1,role=participant
136,admissible,rename,1,
136,admissible,rigid_isometry,1,
136,admissible,edge_order,1,
136,admissible,full_iso,1,
136,mutation,metric,1,out_edge_type=G
136,mutation,edge_type,1,out_edge_type=G
136,mutation,boundary,1,boundary=open
136,mutation,warrant,1,warrant=definition
136,mutation,continuation,1,continuation=0
136,mutation,role,1,role=participant
137,admissible,rename,1,
137,admissible,rigid_isometry,1,
137,admissible,edge_order,1,
137,admissible,full_iso,1,
137,mutation,metric,1,out_edge_type=G
137,mutation,edge_type,1,out_edge_type=G
137,mutation,boundary,1,boundary=open
137,mutation,warrant,1,warrant=definition
137,mutation,continuation,1,continuation=0
137,mutation,role,1,role=participant
138,admissible,rename,1,
138,admissible,rigid_isometry,1,
138,admissible,edge_order,1,
138,admissible,full_iso,1,
138,mutation,metric,1,exists_metric_le=1.25
138,mutation,edge_type,1,out_edge_type=G
138,mutation,boundary,1,boundary=open
138,mutation,warrant,1,warrant=definition
138,mutation,continuation,1,continuation=0
138,mutation,role,1,role=participant
139,admissible,rename,1,
139,admissible,rigid_isometry,1,
139,admissible,edge_order,1,
139,admissible,full_iso,1,
139,mutation,metric,1,out_edge_type=G
139,mutation,edge_type,1,out_edge_type=G
139,mutation,boundary,1,boundary=open
139,mutation,warrant,1,warrant=definition
139,mutation,continuation,1,continuation=0
139,mutation,role,1,role=participant
140,admissible,rename,1,
140,admissible,rigid_isometry,1,
140,admissible,edge_order,1,
140,admissible,full_iso,1,
140,mutation,metric,1,typed_neighbor=G@1.25
140,mutation,edge_type,1,out_edge_type=G
140,mutation,boundary,1,boundary=open
140,mutation,warrant,1,warrant=definition
140,mutation,continuation,1,continuation=0
140,mutation,role,1,role=participant
141,admissible,rename,1,
141,admissible,rigid_isometry,1,
141,admissible,edge_order,1,
141,admissible,full_iso,1,
141,mutation,metric,1,exists_metric_le=1.25
141,mutation,edge_type,1,out_edge_type=G
141,mutation,boundary,1,boundary=open
141,mutation,warrant,1,warrant=definition
141,mutation,continuation,1,continuation=0
141,mutation,role,1,role=participant
142,admissible,rename,1,
142,admissible,rigid_isometry,1,
142,admissible,edge_order,1,
142,admissible,full_iso,1,
142,mutation,metric,1,typed_neighbor=G@1.25
142,mutation,edge_type,1,out_edge_type=G
142,mutation,boundary,1,boundary=open
142,mutation,warrant,1,warrant=definition
142,mutation,continuation,1,continuation=0
142,mutation,role,1,role=participant
143,admissible,rename,1,
143,admissible,rigid_isometry,1,
143,admissible,edge_order,1,
143,admissible,full_iso,1,
143,mutation,metric,1,typed_neighbor=G@3.0
143,mutation,edge_type,1,out_edge_type=G
143,mutation,boundary,1,boundary=open
143,mutation,warrant,1,warrant=definition
143,mutation,continuation,1,continuation=0
143,mutation,role,1,role=participant
144,admissible,rename,1,
144,admissible,rigid_isometry,1,
144,admissible,edge_order,1,
144,admissible,full_iso,1,
144,mutation,metric,1,exists_metric_le=1.25
144,mutation,edge_type,1,out_edge_type=G
144,mutation,boundary,1,boundary=open
144,mutation,warrant,1,warrant=definition
144,mutation,continuation,1,continuation=0
144,mutation,role,1,role=participant
145,admissible,rename,1,
145,admissible,rigid_isometry,1,
145,admissible,edge_order,1,
145,admissible,full_iso,1,
145,mutation,metric,1,out_edge_type=G
145,mutation,edge_type,1,out_edge_type=G
145,mutation,boundary,1,boundary=open
145,mutation,warrant,1,warrant=definition
145,mutation,continuation,1,continuation=0
145,mutation,role,1,role=participant
146,admissible,rename,1,
146,admissible,rigid_isometry,1,
146,admissible,edge_order,1,
146,admissible,full_iso,1,
146,mutation,metric,1,out_edge_type=G
146,mutation,edge_type,1,out_edge_type=G
146,mutation,boundary,1,boundary=open
146,mutation,warrant,1,warrant=definition
146,mutation,continuation,1,continuation=0
146,mutation,role,1,role=participant
147,admissible,rename,1,
147,admissible,rigid_isometry,1,
147,admissible,edge_order,1,
147,admissible,full_iso,1,
147,mutation,metric,1,exists_metric_le=1.25
147,mutation,edge_type,1,out_edge_type=G
147,mutation,boundary,1,boundary=open
147,mutation,warrant,1,warrant=definition
147,mutation,continuation,1,continuation=0
147,mutation,role,1,role=participant
148,admissible,rename,1,
148,admissible,rigid_isometry,1,
148,admissible,edge_order,1,
148,admissible,full_iso,1,
148,mutation,metric,1,out_edge_type=G
148,mutation,edge_type,1,out_edge_type=G
148,mutation,boundary,1,boundary=open
148,mutation,warrant,1,warrant=definition
148,mutation,continuation,1,continuation=0
148,mutation,role,1,role=participant
149,admissible,rename,1,
149,admissible,rigid_isometry,1,
149,admissible,edge_order,1,
149,admissible,full_iso,1,
149,mutation,metric,1,out_edge_type=G
149,mutation,edge_type,1,out_edge_type=G
149,mutation,boundary,1,boundary=open
149,mutation,warrant,1,warrant=definition
149,mutation,continuation,1,continuation=0
149,mutation,role,1,role=participant
150,admissible,rename,1,
150,admissible,rigid_isometry,1,
150,admissible,edge_order,1,
150,admissible,full_iso,1,
150,mutation,metric,1,typed_neighbor=G@1.25
150,mutation,edge_type,1,out_edge_type=G
150,mutation,boundary,1,boundary=open
150,mutation,warrant,1,warrant=definition
150,mutation,continuation,1,continuation=0
150,mutation,role,1,role=participant
151,admissible,rename,1,
151,admissible,rigid_isometry,1,
151,admissible,edge_order,1,
151,admissible,full_iso,1,
151,mutation,metric,1,out_edge_type=G
151,mutation,edge_type,1,out_edge_type=G
151,mutation,boundary,1,boundary=open
151,mutation,warrant,1,warrant=definition
151,mutation,continuation,1,continuation=0
151,mutation,role,1,role=participant
152,admissible,rename,1,
152,admissible,rigid_isometry,1,
152,admissible,edge_order,1,
152,admissible,full_iso,1,
152,mutation,metric,1,out_edge_type=G
152,mutation,edge_type,1,out_edge_type=G
152,mutation,boundary,1,boundary=open
152,mutation,warrant,1,warrant=definition
152,mutation,continuation,1,continuation=0
152,mutation,role,1,role=participant
153,admissible,rename,1,
153,admissible,rigid_isometry,1,
153,admissible,edge_order,1,
153,admissible,full_iso,1,
153,mutation,metric,1,exists_metric_le=2.0
153,mutation,edge_type,1,out_edge_type=G
153,mutation,boundary,1,boundary=open
153,mutation,warrant,1,warrant=definition
153,mutation,continuation,1,continuation=0
153,mutation,role,1,role=participant
154,admissible,rename,1,
154,admissible,rigid_isometry,1,
154,admissible,edge_order,1,
154,admissible,full_iso,1,
154,mutation,metric,1,out_edge_type=G
154,mutation,edge_type,1,out_edge_type=G
154,mutation,boundary,1,boundary=open
154,mutation,warrant,1,warrant=definition
154,mutation,continuation,1,continuation=0
154,mutation,role,1,role=participant
155,admissible,rename,1,
155,admissible,rigid_isometry,1,
155,admissible,edge_order,1,
155,admissible,full_iso,1,
155,mutation,metric,1,out_edge_type=G
155,mutation,edge_type,1,out_edge_type=G
155,mutation,boundary,1,boundary=open
155,mutation,warrant,1,warrant=definition
155,mutation,continuation,1,continuation=0
155,mutation,role,1,role=participant
156,admissible,rename,1,
156,admissible,rigid_isometry,1,
156,admissible,edge_order,1,
156,admissible,full_iso,1,
156,mutation,metric,1,out_edge_type=G
156,mutation,edge_type,1,out_edge_type=G
156,mutation,boundary,1,boundary=open
156,mutation,warrant,1,warrant=definition
156,mutation,continuation,1,continuation=0
156,mutation,role,1,role=participant
157,admissible,rename,1,
157,admissible,rigid_isometry,1,
157,admissible,edge_order,1,
157,admissible,full_iso,1,
157,mutation,metric,1,out_edge_type=G
157,mutation,edge_type,1,out_edge_type=G
157,mutation,boundary,1,boundary=open
157,mutation,warrant,1,warrant=definition
157,mutation,continuation,1,continuation=0
157,mutation,role,1,role=participant
158,admissible,rename,1,
158,admissible,rigid_isometry,1,
158,admissible,edge_order,1,
158,admissible,full_iso,1,
158,mutation,metric,1,out_edge_type=G
158,mutation,edge_type,1,out_edge_type=G
158,mutation,boundary,1,boundary=open
158,mutation,warrant,1,warrant=definition
158,mutation,continuation,1,continuation=0
158,mutation,role,1,role=participant
159,admissible,rename,1,
159,admissible,rigid_isometry,1,
159,admissible,edge_order,1,
159,admissible,full_iso,1,
159,mutation,metric,1,exists_metric_le=1.25
159,mutation,edge_type,1,out_edge_type=G
159,mutation,boundary,1,boundary=open
159,mutation,warrant,1,warrant=definition
159,mutation,continuation,1,continuation=0
159,mutation,role,1,role=participant
160,admissible,rename,1,
160,admissible,rigid_isometry,1,
160,admissible,edge_order,1,
160,admissible,full_iso,1,
160,mutation,metric,1,exists_metric_le=2.0
160,mutation,edge_type,1,out_edge_type=G
160,mutation,boundary,1,boundary=open
160,mutation,warrant,1,warrant=definition
160,mutation,continuation,1,continuation=0
160,mutation,role,1,role=participant
161,admissible,rename,1,
161,admissible,rigid_isometry,1,
161,admissible,edge_order,1,
161,admissible,full_iso,1,
161,mutation,metric,1,typed_neighbor=G@1.25
161,mutation,edge_type,1,out_edge_type=G
161,mutation,boundary,1,boundary=open
161,mutation,warrant,1,warrant=definition
161,mutation,continuation,1,continuation=0
161,mutation,role,1,role=participant
162,admissible,rename,1,
162,admissible,rigid_isometry,1,
162,admissible,edge_order,1,
162,admissible,full_iso,1,
162,mutation,metric,1,typed_neighbor=G@3.0
162,mutation,edge_type,1,out_edge_type=G
162,mutation,boundary,1,boundary=open
162,mutation,warrant,1,warrant=definition
162,mutation,continuation,1,continuation=0
162,mutation,role,1,role=participant
163,admissible,rename,1,
163,admissible,rigid_isometry,1,
163,admissible,edge_order,1,
163,admissible,full_iso,1,
163,mutation,metric,1,out_edge_type=G
163,mutation,edge_type,1,out_edge_type=G
163,mutation,boundary,1,boundary=open
163,mutation,warrant,1,warrant=definition
163,mutation,continuation,1,continuation=0
163,mutation,role,1,role=participant
164,admissible,rename,1,
164,admissible,rigid_isometry,1,
164,admissible,edge_order,1,
164,admissible,full_iso,1,
164,mutation,metric,1,out_edge_type=G
164,mutation,edge_type,1,out_edge_type=G
164,mutation,boundary,1,boundary=open
164,mutation,warrant,1,warrant=definition
164,mutation,continuation,1,continuation=0
164,mutation,role,1,role=participant
165,admissible,rename,1,
165,admissible,rigid_isometry,1,
165,admissible,edge_order,1,
165,admissible,full_iso,1,
165,mutation,metric,1,out_edge_type=G
165,mutation,edge_type,1,out_edge_type=G
165,mutation,boundary,1,boundary=open
165,mutation,warrant,1,warrant=definition
165,mutation,continuation,1,continuation=0
165,mutation,role,1,role=participant
166,admissible,rename,1,
166,admissible,rigid_isometry,1,
166,admissible,edge_order,1,
166,admissible,full_iso,1,
166,mutation,metric,1,out_edge_type=G
166,mutation,edge_type,1,out_edge_type=G
166,mutation,boundary,1,boundary=open
166,mutation,warrant,1,warrant=definition
166,mutation,continuation,1,continuation=0
166,mutation,role,1,role=participant
167,admissible,rename,1,
167,admissible,rigid_isometry,1,
167,admissible,edge_order,1,
167,admissible,full_iso,1,
167,mutation,metric,1,out_edge_type=G
167,mutation,edge_type,1,out_edge_type=G
167,mutation,boundary,1,boundary=open
167,mutation,warrant,1,warrant=definition
167,mutation,continuation,1,continuation=0
167,mutation,role,1,role=participant
168,admissible,rename,1,
168,admissible,rigid_isometry,1,
168,admissible,edge_order,1,
168,admissible,full_iso,1,
168,mutation,metric,1,out_edge_type=G
168,mutation,edge_type,1,out_edge_type=G
168,mutation,boundary,1,boundary=open
168,mutation,warrant,1,warrant=definition
168,mutation,continuation,1,continuation=0
168,mutation,role,1,role=participant
169,admissible,rename,1,
169,admissible,rigid_isometry,1,
169,admissible,edge_order,1,
169,admissible,full_iso,1,
169,mutation,metric,1,out_edge_type=G
169,mutation,edge_type,1,out_edge_type=G
169,mutation,boundary,1,boundary=open
169,mutation,warrant,1,warrant=definition
169,mutation,continuation,1,continuation=0
169,mutation,role,1,role=participant
170,admissible,rename,1,
170,admissible,rigid_isometry,1,
170,admissible,edge_order,1,
170,admissible,full_iso,1,
170,mutation,metric,1,exists_metric_le=1.25
170,mutation,edge_type,1,out_edge_type=G
170,mutation,boundary,1,boundary=open
170,mutation,warrant,1,warrant=definition
170,mutation,continuation,1,continuation=0
170,mutation,role,1,role=participant
171,admissible,rename,1,
171,admissible,rigid_isometry,1,
171,admissible,edge_order,1,
171,admissible,full_iso,1,
171,mutation,metric,1,out_edge_type=G
171,mutation,edge_type,1,out_edge_type=G
171,mutation,boundary,1,boundary=open
171,mutation,warrant,1,warrant=definition
171,mutation,continuation,1,continuation=0
171,mutation,role,1,role=participant
172,admissible,rename,1,
172,admissible,rigid_isometry,1,
172,admissible,edge_order,1,
172,admissible,full_iso,1,
172,mutation,metric,1,out_edge_type=G
172,mutation,edge_type,1,out_edge_type=G
172,mutation,boundary,1,boundary=open
172,mutation,warrant,1,warrant=definition
172,mutation,continuation,1,continuation=0
172,mutation,role,1,role=participant
173,admissible,rename,1,
173,admissible,rigid_isometry,1,
173,admissible,edge_order,1,
173,admissible,full_iso,1,
173,mutation,metric,1,out_edge_type=G
173,mutation,edge_type,1,out_edge_type=G
173,mutation,boundary,1,boundary=open
173,mutation,warrant,1,warrant=definition
173,mutation,continuation,1,continuation=0
173,mutation,role,1,role=participant
174,admissible,rename,1,
174,admissible,rigid_isometry,1,
174,admissible,edge_order,1,
174,admissible,full_iso,1,
174,mutation,metric,1,out_edge_type=G
174,mutation,edge_type,1,out_edge_type=G
174,mutation,boundary,1,boundary=open
174,mutation,warrant,1,warrant=definition
174,mutation,continuation,1,continuation=0
174,mutation,role,1,role=participant
175,admissible,rename,1,
175,admissible,rigid_isometry,1,
175,admissible,edge_order,1,
175,admissible,full_iso,1,
175,mutation,metric,1,out_edge_type=G
175,mutation,edge_type,1,out_edge_type=G
175,mutation,boundary,1,boundary=open
175,mutation,warrant,1,warrant=definition
175,mutation,continuation,1,continuation=0
175,mutation,role,1,role=participant
176,admissible,rename,1,
176,admissible,rigid_isometry,1,
176,admissible,edge_order,1,
176,admissible,full_iso,1,
176,mutation,metric,1,out_edge_type=G
176,mutation,edge_type,1,out_edge_type=G
176,mutation,boundary,1,boundary=open
176,mutation,warrant,1,warrant=definition
176,mutation,continuation,1,continuation=0
176,mutation,role,1,role=participant
177,admissible,rename,1,
177,admissible,rigid_isometry,1,
177,admissible,edge_order,1,
177,admissible,full_iso,1,
177,mutation,metric,1,out_edge_type=G
177,mutation,edge_type,1,out_edge_type=G
177,mutation,boundary,1,boundary=open
177,mutation,warrant,1,warrant=definition
177,mutation,continuation,1,continuation=0
177,mutation,role,1,role=participant
178,admissible,rename,1,
178,admissible,rigid_isometry,1,
178,admissible,edge_order,1,
178,admissible,full_iso,1,
178,mutation,metric,1,out_edge_type=G
178,mutation,edge_type,1,out_edge_type=G
178,mutation,boundary,1,boundary=open
178,mutation,warrant,1,warrant=definition
178,mutation,continuation,1,continuation=0
178,mutation,role,1,role=participant
179,admissible,rename,1,
179,admissible,rigid_isometry,1,
179,admissible,edge_order,1,
179,admissible,full_iso,1,
179,mutation,metric,1,out_edge_type=G
179,mutation,edge_type,1,out_edge_type=G
179,mutation,boundary,1,boundary=open
179,mutation,warrant,1,warrant=definition
179,mutation,continuation,1,continuation=0
179,mutation,role,1,role=participant
180,admissible,rename,1,
180,admissible,rigid_isometry,1,
180,admissible,edge_order,1,
180,admissible,full_iso,1,
180,mutation,metric,1,out_edge_type=G
180,mutation,edge_type,1,out_edge_type=G
180,mutation,boundary,1,boundary=open
180,mutation,warrant,1,warrant=definition
180,mutation,continuation,1,continuation=0
180,mutation,role,1,role=participant
181,admissible,rename,1,
181,admissible,rigid_isometry,1,
181,admissible,edge_order,1,
181,admissible,full_iso,1,
181,mutation,metric,1,exists_metric_le=1.25
181,mutation,edge_type,1,out_edge_type=G
181,mutation,boundary,1,boundary=open
181,mutation,warrant,1,warrant=definition
181,mutation,continuation,1,continuation=0
181,mutation,role,1,role=participant
182,admissible,rename,1,
182,admissible,rigid_isometry,1,
182,admissible,edge_order,1,
182,admissible,full_iso,1,
182,mutation,metric,1,typed_neighbor=G@3.0
182,mutation,edge_type,1,out_edge_type=G
182,mutation,boundary,1,boundary=open
182,mutation,warrant,1,warrant=definition
182,mutation,continuation,1,continuation=0
182,mutation,role,1,role=participant
183,admissible,rename,1,
183,admissible,rigid_isometry,1,
183,admissible,edge_order,1,
183,admissible,full_iso,1,
183,mutation,metric,1,out_edge_type=G
183,mutation,edge_type,1,out_edge_type=G
183,mutation,boundary,1,boundary=open
183,mutation,warrant,1,warrant=definition
183,mutation,continuation,1,continuation=0
183,mutation,role,1,role=participant
184,admissible,rename,1,
184,admissible,rigid_isometry,1,
184,admissible,edge_order,1,
184,admissible,full_iso,1,
184,mutation,metric,1,out_edge_type=G
184,mutation,edge_type,1,out_edge_type=G
184,mutation,boundary,1,boundary=open
184,mutation,warrant,1,warrant=definition
184,mutation,continuation,1,continuation=0
184,mutation,role,1,role=participant
185,admissible,rename,1,
185,admissible,rigid_isometry,1,
185,admissible,edge_order,1,
185,admissible,full_iso,1,
185,mutation,metric,1,out_edge_type=G
185,mutation,edge_type,1,out_edge_type=G
185,mutation,boundary,1,boundary=open
185,mutation,warrant,1,warrant=definition
185,mutation,continuation,1,continuation=0
185,mutation,role,1,role=participant
186,admissible,rename,1,
186,admissible,rigid_isometry,1,
186,admissible,edge_order,1,
186,admissible,full_iso,1,
186,mutation,metric,1,out_edge_type=G
186,mutation,edge_type,1,out_edge_type=G
186,mutation,boundary,1,boundary=open
186,mutation,warrant,1,warrant=definition
186,mutation,continuation,1,continuation=0
186,mutation,role,1,role=participant
187,admissible,rename,1,
187,admissible,rigid_isometry,1,
187,admissible,edge_order,1,
187,admissible,full_iso,1,
187,mutation,metric,1,out_edge_type=G
187,mutation,edge_type,1,out_edge_type=G
187,mutation,boundary,1,boundary=open
187,mutation,warrant,1,warrant=definition
187,mutation,continuation,1,continuation=0
187,mutation,role,1,role=participant
188,admissible,rename,1,
188,admissible,rigid_isometry,1,
188,admissible,edge_order,1,
188,admissible,full_iso,1,
188,mutation,metric,1,out_edge_type=G
188,mutation,edge_type,1,out_edge_type=G
188,mutation,boundary,1,boundary=open
188,mutation,warrant,1,warrant=definition
188,mutation,continuation,1,continuation=0
188,mutation,role,1,role=participant
189,admissible,rename,1,
189,admissible,rigid_isometry,1,
189,admissible,edge_order,1,
189,admissible,full_iso,1,
189,mutation,metric,1,out_edge_type=G
189,mutation,edge_type,1,out_edge_type=G
189,mutation,boundary,1,boundary=open
189,mutation,warrant,1,warrant=definition
189,mutation,continuation,1,continuation=0
189,mutation,role,1,role=participant
190,admissible,rename,1,
190,admissible,rigid_isometry,1,
190,admissible,edge_order,1,
190,admissible,full_iso,1,
190,mutation,metric,1,exists_metric_le=1.25
190,mutation,edge_type,1,out_edge_type=G
190,mutation,boundary,1,boundary=open
190,mutation,warrant,1,warrant=definition
190,mutation,continuation,1,continuation=0
190,mutation,role,1,role=participant
191,admissible,rename,1,
191,admissible,rigid_isometry,1,
191,admissible,edge_order,1,
191,admissible,full_iso,1,
191,mutation,metric,1,out_edge_type=G
191,mutation,edge_type,1,out_edge_type=G
191,mutation,boundary,1,boundary=open
191,mutation,warrant,1,warrant=definition
191,mutation,continuation,1,continuation=0
191,mutation,role,1,role=participant
192,admissible,rename,1,
192,admissible,rigid_isometry,1,
192,admissible,edge_order,1,
192,admissible,full_iso,1,
192,mutation,metric,1,out_edge_type=G
192,mutation,edge_type,1,out_edge_type=G
192,mutation,boundary,1,boundary=open
192,mutation,warrant,1,warrant=definition
192,mutation,continuation,1,continuation=0
192,mutation,role,1,role=participant
193,admissible,rename,1,
193,admissible,rigid_isometry,1,
193,admissible,edge_order,1,
193,admissible,full_iso,1,
193,mutation,metric,1,out_edge_type=G
193,mutation,edge_type,1,out_edge_type=G
193,mutation,boundary,1,boundary=open
193,mutation,warrant,1,warrant=definition
193,mutation,continuation,1,continuation=0
193,mutation,role,1,role=participant
194,admissible,rename,1,
194,admissible,rigid_isometry,1,
194,admissible,edge_order,1,
194,admissible,full_iso,1,
194,mutation,metric,1,out_edge_type=G
194,mutation,edge_type,1,out_edge_type=G
194,mutation,boundary,1,boundary=open
194,mutation,warrant,1,warrant=definition
194,mutation,continuation,1,continuation=0
194,mutation,role,1,role=participant
195,admissible,rename,1,
195,admissible,rigid_isometry,1,
195,admissible,edge_order,1,
195,admissible,full_iso,1,
195,mutation,metric,1,exists_metric_le=2.0
195,mutation,edge_type,1,out_edge_type=G
195,mutation,boundary,1,boundary=open
195,mutation,warrant,1,warrant=definition
195,mutation,continuation,1,continuation=0
195,mutation,role,1,role=participant
196,admissible,rename,1,
196,admissible,rigid_isometry,1,
196,admissible,edge_order,1,
196,admissible,full_iso,1,
196,mutation,metric,1,out_edge_type=G
196,mutation,edge_type,1,out_edge_type=G
196,mutation,boundary,1,boundary=open
196,mutation,warrant,1,warrant=definition
196,mutation,continuation,1,continuation=0
196,mutation,role,1,role=participant
197,admissible,rename,1,
197,admissible,rigid_isometry,1,
197,admissible,edge_order,1,
197,admissible,full_iso,1,
197,mutation,metric,1,out_edge_type=G
197,mutation,edge_type,1,out_edge_type=G
197,mutation,boundary,1,boundary=open
197,mutation,warrant,1,warrant=definition
197,mutation,continuation,1,continuation=0
197,mutation,role,1,role=participant
198,admissible,rename,1,
198,admissible,rigid_isometry,1,
198,admissible,edge_order,1,
198,admissible,full_iso,1,
198,mutation,metric,1,out_edge_type=G
198,mutation,edge_type,1,out_edge_type=G
198,mutation,boundary,1,boundary=open
198,mutation,warrant,1,warrant=definition
198,mutation,continuation,1,continuation=0
198,mutation,role,1,role=participant
199,admissible,rename,1,
199,admissible,rigid_isometry,1,
199,admissible,edge_order,1,
199,admissible,full_iso,1,
199,mutation,metric,1,out_edge_type=G
199,mutation,edge_type,1,out_edge_type=G
199,mutation,boundary,1,boundary=open
199,mutation,warrant,1,warrant=definition
199,mutation,continuation,1,continuation=0
199,mutation,role,1,role=participant
200,admissible,rename,1,
200,admissible,rigid_isometry,1,
200,admissible,edge_order,1,
200,admissible,full_iso,1,
200,mutation,metric,1,out_edge_type=G
200,mutation,edge_type,1,out_edge_type=G
200,mutation,boundary,1,boundary=open
200,mutation,warrant,1,warrant=definition
200,mutation,continuation,1,continuation=0
200,mutation,role,1,role=participant
201,admissible,rename,1,
201,admissible,rigid_isometry,1,
201,admissible,edge_order,1,
201,admissible,full_iso,1,
201,mutation,metric,1,out_edge_type=G
201,mutation,edge_type,1,out_edge_type=G
201,mutation,boundary,1,boundary=open
201,mutation,warrant,1,warrant=definition
201,mutation,continuation,1,continuation=0
201,mutation,role,1,role=participant
202,admissible,rename,1,
202,admissible,rigid_isometry,1,
202,admissible,edge_order,1,
202,admissible,full_iso,1,
202,mutation,metric,1,out_edge_type=G
202,mutation,edge_type,1,out_edge_type=G
202,mutation,boundary,1,boundary=open
202,mutation,warrant,1,warrant=definition
202,mutation,continuation,1,continuation=0
202,mutation,role,1,role=participant
203,admissible,rename,1,
203,admissible,rigid_isometry,1,
203,admissible,edge_order,1,
203,admissible,full_iso,1,
203,mutation,metric,1,out_edge_type=G
203,mutation,edge_type,1,out_edge_type=G
203,mutation,boundary,1,boundary=open
203,mutation,warrant,1,warrant=definition
203,mutation,continuation,1,continuation=0
203,mutation,role,1,role=participant
204,admissible,rename,1,
204,admissible,rigid_isometry,1,
204,admissible,edge_order,1,
204,admissible,full_iso,1,
204,mutation,metric,1,out_edge_type=G
204,mutation,edge_type,1,out_edge_type=G
204,mutation,boundary,1,boundary=open
204,mutation,warrant,1,warrant=definition
204,mutation,continuation,1,continuation=0
204,mutation,role,1,role=participant
205,admissible,rename,1,
205,admissible,rigid_isometry,1,
205,admissible,edge_order,1,
205,admissible,full_iso,1,
205,mutation,metric,1,out_edge_type=G
205,mutation,edge_type,1,out_edge_type=G
205,mutation,boundary,1,boundary=open
205,mutation,warrant,1,warrant=definition
205,mutation,continuation,1,continuation=0
205,mutation,role,1,role=participant
206,admissible,rename,1,
206,admissible,rigid_isometry,1,
206,admissible,edge_order,1,
206,admissible,full_iso,1,
206,mutation,metric,1,out_edge_type=G
206,mutation,edge_type,1,out_edge_type=G
206,mutation,boundary,1,boundary=open
206,mutation,warrant,1,warrant=definition
206,mutation,continuation,1,continuation=0
206,mutation,role,1,role=participant
207,admissible,rename,1,
207,admissible,rigid_isometry,1,
207,admissible,edge_order,1,
207,admissible,full_iso,1,
207,mutation,metric,1,out_edge_type=G
207,mutation,edge_type,1,out_edge_type=G
207,mutation,boundary,1,boundary=open
207,mutation,warrant,1,warrant=definition
207,mutation,continuation,1,continuation=0
207,mutation,role,1,role=participant
208,admissible,rename,1,
208,admissible,rigid_isometry,1,
208,admissible,edge_order,1,
208,admissible,full_iso,1,
208,mutation,metric,1,exists_metric_le=1.25
208,mutation,edge_type,1,out_edge_type=G
208,mutation,boundary,1,boundary=open
208,mutation,warrant,1,warrant=definition
208,mutation,continuation,1,continuation=0
208,mutation,role,1,role=participant
209,admissible,rename,1,
209,admissible,rigid_isometry,1,
209,admissible,edge_order,1,
209,admissible,full_iso,1,
209,mutation,metric,1,out_edge_type=G
209,mutation,edge_type,1,out_edge_type=G
209,mutation,boundary,1,boundary=open
209,mutation,warrant,1,warrant=definition
209,mutation,continuation,1,continuation=0
209,mutation,role,1,role=participant
210,admissible,rename,1,
210,admissible,rigid_isometry,1,
210,admissible,edge_order,1,
210,admissible,full_iso,1,
210,mutation,metric,1,exists_metric_le=1.25
210,mutation,edge_type,1,out_edge_type=G
210,mutation,boundary,1,boundary=open
210,mutation,warrant,1,warrant=definition
210,mutation,continuation,1,continuation=0
210,mutation,role,1,role=participant
211,admissible,rename,1,
211,admissible,rigid_isometry,1,
211,admissible,edge_order,1,
211,admissible,full_iso,1,
211,mutation,metric,1,exists_metric_le=1.25
211,mutation,edge_type,1,out_edge_type=G
211,mutation,boundary,1,boundary=open
211,mutation,warrant,1,warrant=definition
211,mutation,continuation,1,continuation=0
211,mutation,role,1,role=participant
212,admissible,rename,1,
212,admissible,rigid_isometry,1,
212,admissible,edge_order,1,
212,admissible,full_iso,1,
212,mutation,metric,1,out_edge_type=G
212,mutation,edge_type,1,out_edge_type=G
212,mutation,boundary,1,boundary=open
212,mutation,warrant,1,warrant=definition
212,mutation,continuation,1,continuation=0
212,mutation,role,1,role=participant
213,admissible,rename,1,
213,admissible,rigid_isometry,1,
213,admissible,edge_order,1,
213,admissible,full_iso,1,
213,mutation,metric,1,out_edge_type=G
213,mutation,edge_type,1,out_edge_type=G
213,mutation,boundary,1,boundary=open
213,mutation,warrant,1,warrant=definition
213,mutation,continuation,1,continuation=0
213,mutation,role,1,role=participant
214,admissible,rename,1,
214,admissible,rigid_isometry,1,
214,admissible,edge_order,1,
214,admissible,full_iso,1,
214,mutation,metric,1,out_edge_type=G
214,mutation,edge_type,1,out_edge_type=G
214,mutation,boundary,1,boundary=open
214,mutation,warrant,1,warrant=definition
214,mutation,continuation,1,continuation=0
214,mutation,role,1,role=participant
215,admissible,rename,1,
215,admissible,rigid_isometry,1,
215,admissible,edge_order,1,
215,admissible,full_iso,1,
215,mutation,metric,1,out_edge_type=G
215,mutation,edge_type,1,out_edge_type=G
215,mutation,boundary,1,boundary=open
215,mutation,warrant,1,warrant=definition
215,mutation,continuation,1,continuation=0
215,mutation,role,1,role=participant
216,admissible,rename,1,
216,admissible,rigid_isometry,1,
216,admissible,edge_order,1,
216,admissible,full_iso,1,
216,mutation,metric,1,typed_neighbor=L@3.0
216,mutation,edge_type,1,out_edge_type=G
216,mutation,boundary,1,boundary=open
216,mutation,warrant,1,warrant=definition
216,mutation,continuation,1,continuation=0
216,mutation,role,1,role=participant
217,admissible,rename,1,
217,admissible,rigid_isometry,1,
217,admissible,edge_order,1,
217,admissible,full_iso,1,
217,mutation,metric,1,out_edge_type=G
217,mutation,edge_type,1,out_edge_type=G
217,mutation,boundary,1,boundary=open
217,mutation,warrant,1,warrant=definition
217,mutation,continuation,1,continuation=0
217,mutation,role,1,role=participant
218,admissible,rename,1,
218,admissible,rigid_isometry,1,
218,admissible,edge_order,1,
218,admissible,full_iso,1,
218,mutation,metric,1,typed_neighbor=G@2.0
218,mutation,edge_type,1,out_edge_type=G
218,mutation,boundary,1,boundary=open
218,mutation,warrant,1,warrant=definition
218,mutation,continuation,1,continuation=0
218,mutation,role,1,role=participant
219,admissible,rename,1,
219,admissible,rigid_isometry,1,
219,admissible,edge_order,1,
219,admissible,full_iso,1,
219,mutation,metric,1,exists_metric_le=1.25
219,mutation,edge_type,1,out_edge_type=G
219,mutation,boundary,1,boundary=open
219,mutation,warrant,1,warrant=definition
219,mutation,continuation,1,continuation=0
219,mutation,role,1,role=participant
220,admissible,rename,1,
220,admissible,rigid_isometry,1,
220,admissible,edge_order,1,
220,admissible,full_iso,1,
220,mutation,metric,1,out_edge_type=G
220,mutation,edge_type,1,out_edge_type=G
220,mutation,boundary,1,boundary=open
220,mutation,warrant,1,warrant=definition
220,mutation,continuation,1,continuation=0
220,mutation,role,1,role=participant
221,admissible,rename,1,
221,admissible,rigid_isometry,1,
221,admissible,edge_order,1,
221,admissible,full_iso,1,
221,mutation,metric,1,exists_same_type_metric_le=2.0
221,mutation,edge_type,1,out_edge_type=G
221,mutation,boundary,1,boundary=open
221,mutation,warrant,1,warrant=definition
221,mutation,continuation,1,continuation=0
221,mutation,role,1,role=participant
222,admissible,rename,1,
222,admissible,rigid_isometry,1,
222,admissible,edge_order,1,
222,admissible,full_iso,1,
222,mutation,metric,1,out_edge_type=G
222,mutation,edge_type,1,out_edge_type=G
222,mutation,boundary,1,boundary=open
222,mutation,warrant,1,warrant=definition
222,mutation,continuation,1,continuation=0
222,mutation,role,1,role=participant
223,admissible,rename,1,
223,admissible,rigid_isometry,1,
223,admissible,edge_order,1,
223,admissible,full_iso,1,
223,mutation,metric,1,exists_metric_le=1.25
223,mutation,edge_type,1,out_edge_type=G
223,mutation,boundary,1,boundary=open
223,mutation,warrant,1,warrant=definition
223,mutation,continuation,1,continuation=0
223,mutation,role,1,role=participant
224,admissible,rename,1,
224,admissible,rigid_isometry,1,
224,admissible,edge_order,1,
224,admissible,full_iso,1,
224,mutation,metric,1,out_edge_type=G
224,mutation,edge_type,1,out_edge_type=G
224,mutation,boundary,1,boundary=open
224,mutation,warrant,1,warrant=definition
224,mutation,continuation,1,continuation=0
224,mutation,role,1,role=participant
225,admissible,rename,1,
225,admissible,rigid_isometry,1,
225,admissible,edge_order,1,
225,admissible,full_iso,1,
225,mutation,metric,1,out_edge_type=G
225,mutation,edge_type,1,out_edge_type=G
225,mutation,boundary,1,boundary=open
225,mutation,warrant,1,warrant=definition
225,mutation,continuation,1,continuation=0
225,mutation,role,1,role=participant
226,admissible,rename,1,
226,admissible,rigid_isometry,1,
226,admissible,edge_order,1,
226,admissible,full_iso,1,
226,mutation,metric,1,out_edge_type=G
226,mutation,edge_type,1,out_edge_type=G
226,mutation,boundary,1,boundary=open
226,mutation,warrant,1,warrant=definition
226,mutation,continuation,1,continuation=0
226,mutation,role,1,role=participant
227,admissible,rename,1,
227,admissible,rigid_isometry,1,
227,admissible,edge_order,1,
227,admissible,full_iso,1,
227,mutation,metric,1,out_edge_type=G
227,mutation,edge_type,1,out_edge_type=G
227,mutation,boundary,1,boundary=open
227,mutation,warrant,1,warrant=definition
227,mutation,continuation,1,continuation=0
227,mutation,role,1,role=participant
228,admissible,rename,1,
228,admissible,rigid_isometry,1,
228,admissible,edge_order,1,
228,admissible,full_iso,1,
228,mutation,metric,1,out_edge_type=G
228,mutation,edge_type,1,out_edge_type=G
228,mutation,boundary,1,boundary=open
228,mutation,warrant,1,warrant=definition
228,mutation,continuation,1,continuation=0
228,mutation,role,1,role=participant
229,admissible,rename,1,
229,admissible,rigid_isometry,1,
229,admissible,edge_order,1,
229,admissible,full_iso,1,
229,mutation,metric,1,out_edge_type=G
229,mutation,edge_type,1,out_edge_type=G
229,mutation,boundary,1,boundary=open
229,mutation,warrant,1,warrant=definition
229,mutation,continuation,1,continuation=0
229,mutation,role,1,role=participant
230,admissible,rename,1,
230,admissible,rigid_isometry,1,
230,admissible,edge_order,1,
230,admissible,full_iso,1,
230,mutation,metric,1,out_edge_type=G
230,mutation,edge_type,1,out_edge_type=G
230,mutation,boundary,1,boundary=open
230,mutation,warrant,1,warrant=definition
230,mutation,continuation,1,continuation=0
230,mutation,role,1,role=participant
231,admissible,rename,1,
231,admissible,rigid_isometry,1,
231,admissible,edge_order,1,
231,admissible,full_iso,1,
231,mutation,metric,1,out_edge_type=G
231,mutation,edge_type,1,out_edge_type=G
231,mutation,boundary,1,boundary=open
231,mutation,warrant,1,warrant=definition
231,mutation,continuation,1,continuation=0
231,mutation,role,1,role=participant
232,admissible,rename,1,
232,admissible,rigid_isometry,1,
232,admissible,edge_order,1,
232,admissible,full_iso,1,
232,mutation,metric,1,out_edge_type=G
232,mutation,edge_type,1,out_edge_type=G
232,mutation,boundary,1,boundary=open
232,mutation,warrant,1,warrant=definition
232,mutation,continuation,1,continuation=0
232,mutation,role,1,role=participant
233,admissible,rename,1,
233,admissible,rigid_isometry,1,
233,admissible,edge_order,1,
233,admissible,full_iso,1,
233,mutation,metric,1,typed_neighbor=G@1.25
233,mutation,edge_type,1,out_edge_type=G
233,mutation,boundary,1,boundary=open
233,mutation,warrant,1,warrant=definition
233,mutation,continuation,1,continuation=0
233,mutation,role,1,role=participant
234,admissible,rename,1,
234,admissible,rigid_isometry,1,
234,admissible,edge_order,1,
234,admissible,full_iso,1,
234,mutation,metric,1,out_edge_type=G
234,mutation,edge_type,1,out_edge_type=G
234,mutation,boundary,1,boundary=open
234,mutation,warrant,1,warrant=definition
234,mutation,continuation,1,continuation=0
234,mutation,role,1,role=participant
235,admissible,rename,1,
235,admissible,rigid_isometry,1,
235,admissible,edge_order,1,
235,admissible,full_iso,1,
235,mutation,metric,1,out_edge_type=G
235,mutation,edge_type,1,out_edge_type=G
235,mutation,boundary,1,boundary=open
235,mutation,warrant,1,warrant=definition
235,mutation,continuation,1,continuation=0
235,mutation,role,1,role=participant
236,admissible,rename,1,
236,admissible,rigid_isometry,1,
236,admissible,edge_order,1,
236,admissible,full_iso,1,
236,mutation,metric,1,typed_neighbor=G@3.0
236,mutation,edge_type,1,out_edge_type=G
236,mutation,boundary,1,boundary=open
236,mutation,warrant,1,warrant=definition
236,mutation,continuation,1,continuation=0
236,mutation,role,1,role=participant
237,admissible,rename,1,
237,admissible,rigid_isometry,1,
237,admissible,edge_order,1,
237,admissible,full_iso,1,
237,mutation,metric,1,exists_metric_le=1.25
237,mutation,edge_type,1,out_edge_type=G
237,mutation,boundary,1,boundary=open
237,mutation,warrant,1,warrant=definition
237,mutation,continuation,1,continuation=0
237,mutation,role,1,role=participant
238,admissible,rename,1,
238,admissible,rigid_isometry,1,
238,admissible,edge_order,1,
238,admissible,full_iso,1,
238,mutation,metric,1,exists_metric_le=1.25
238,mutation,edge_type,1,out_edge_type=G
238,mutation,boundary,1,boundary=open
238,mutation,warrant,1,warrant=definition
238,mutation,continuation,1,continuation=0
238,mutation,role,1,role=participant
239,admissible,rename,1,
239,admissible,rigid_isometry,1,
239,admissible,edge_order,1,
239,admissible,full_iso,1,
239,mutation,metric,1,out_edge_type=G
239,mutation,edge_type,1,out_edge_type=G
239,mutation,boundary,1,boundary=open
239,mutation,warrant,1,warrant=definition
239,mutation,continuation,1,continuation=0
239,mutation,role,1,role=participant
240,admissible,rename,1,
240,admissible,rigid_isometry,1,
240,admissible,edge_order,1,
240,admissible,full_iso,1,
240,mutation,metric,1,out_edge_type=G
240,mutation,edge_type,1,out_edge_type=G
240,mutation,boundary,1,boundary=open
240,mutation,warrant,1,warrant=definition
240,mutation,continuation,1,continuation=0
240,mutation,role,1,role=participant
241,admissible,rename,1,
241,admissible,rigid_isometry,1,
241,admissible,edge_order,1,
241,admissible,full_iso,1,
241,mutation,metric,1,out_edge_type=G
241,mutation,edge_type,1,out_edge_type=G
241,mutation,boundary,1,boundary=open
241,mutation,warrant,1,warrant=definition
241,mutation,continuation,1,continuation=0
241,mutation,role,1,role=participant
242,admissible,rename,1,
242,admissible,rigid_isometry,1,
242,admissible,edge_order,1,
242,admissible,full_iso,1,
242,mutation,metric,1,exists_metric_le=1.25
242,mutation,edge_type,1,out_edge_type=G
242,mutation,boundary,1,boundary=open
242,mutation,warrant,1,warrant=definition
242,mutation,continuation,1,continuation=0
242,mutation,role,1,role=participant
243,admissible,rename,1,
243,admissible,rigid_isometry,1,
243,admissible,edge_order,1,
243,admissible,full_iso,1,
243,mutation,metric,1,exists_metric_le=2.0
243,mutation,edge_type,1,out_edge_type=G
243,mutation,boundary,1,boundary=open
243,mutation,warrant,1,warrant=definition
243,mutation,continuation,1,continuation=0
243,mutation,role,1,role=participant
244,admissible,rename,1,
244,admissible,rigid_isometry,1,
244,admissible,edge_order,1,
244,admissible,full_iso,1,
244,mutation,metric,1,exists_metric_le=1.25
244,mutation,edge_type,1,out_edge_type=G
244,mutation,boundary,1,boundary=open
244,mutation,warrant,1,warrant=definition
244,mutation,continuation,1,continuation=0
244,mutation,role,1,role=participant
245,admissible,rename,1,
245,admissible,rigid_isometry,1,
245,admissible,edge_order,1,
245,admissible,full_iso,1,
245,mutation,metric,1,out_edge_type=G
245,mutation,edge_type,1,out_edge_type=G
245,mutation,boundary,1,boundary=open
245,mutation,warrant,1,warrant=definition
245,mutation,continuation,1,continuation=0
245,mutation,role,1,role=participant
246,admissible,rename,1,
246,admissible,rigid_isometry,1,
246,admissible,edge_order,1,
246,admissible,full_iso,1,
246,mutation,metric,1,out_edge_type=G
246,mutation,edge_type,1,out_edge_type=G
246,mutation,boundary,1,boundary=open
246,mutation,warrant,1,warrant=definition
246,mutation,continuation,1,continuation=0
246,mutation,role,1,role=participant
247,admissible,rename,1,
247,admissible,rigid_isometry,1,
247,admissible,edge_order,1,
247,admissible,full_iso,1,
247,mutation,metric,1,out_edge_type=G
247,mutation,edge_type,1,out_edge_type=G
247,mutation,boundary,1,boundary=open
247,mutation,warrant,1,warrant=definition
247,mutation,continuation,1,continuation=0
247,mutation,role,1,role=participant
248,admissible,rename,1,
248,admissible,rigid_isometry,1,
248,admissible,edge_order,1,
248,admissible,full_iso,1,
248,mutation,metric,1,exists_metric_le=1.25
248,mutation,edge_type,1,out_edge_type=G
248,mutation,boundary,1,boundary=open
248,mutation,warrant,1,warrant=definition
248,mutation,continuation,1,continuation=0
248,mutation,role,1,role=participant
249,admissible,rename,1,
249,admissible,rigid_isometry,1,
249,admissible,edge_order,1,
249,admissible,full_iso,1,
249,mutation,metric,1,out_edge_type=G
249,mutation,edge_type,1,out_edge_type=G
249,mutation,boundary,1,boundary=open
249,mutation,warrant,1,warrant=definition
249,mutation,continuation,1,continuation=0
249,mutation,role,1,role=participant
250,admissible,rename,1,
250,admissible,rigid_isometry,1,
250,admissible,edge_order,1,
250,admissible,full_iso,1,
250,mutation,metric,1,out_edge_type=G
250,mutation,edge_type,1,out_edge_type=G
250,mutation,boundary,1,boundary=open
250,mutation,warrant,1,warrant=definition
250,mutation,continuation,1,continuation=0
250,mutation,role,1,role=participant
251,admissible,rename,1,
251,admissible,rigid_isometry,1,
251,admissible,edge_order,1,
251,admissible,full_iso,1,
251,mutation,metric,1,typed_neighbor=G@1.25
251,mutation,edge_type,1,out_edge_type=G
251,mutation,boundary,1,boundary=open
251,mutation,warrant,1,warrant=definition
251,mutation,continuation,1,continuation=0
251,mutation,role,1,role=participant
252,admissible,rename,1,
252,admissible,rigid_isometry,1,
252,admissible,edge_order,1,
252,admissible,full_iso,1,
252,mutation,metric,1,out_edge_type=G
252,mutation,edge_type,1,out_edge_type=G
252,mutation,boundary,1,boundary=open
252,mutation,warrant,1,warrant=definition
252,mutation,continuation,1,continuation=0
252,mutation,role,1,role=participant
253,admissible,rename,1,
253,admissible,rigid_isometry,1,
253,admissible,edge_order,1,
253,admissible,full_iso,1,
253,mutation,metric,1,out_edge_type=G
253,mutation,edge_type,1,out_edge_type=G
253,mutation,boundary,1,boundary=open
253,mutation,warrant,1,warrant=definition
253,mutation,continuation,1,continuation=0
253,mutation,role,1,role=participant
254,admissible,rename,1,
254,admissible,rigid_isometry,1,
254,admissible,edge_order,1,
254,admissible,full_iso,1,
254,mutation,metric,1,out_edge_type=G
254,mutation,edge_type,1,out_edge_type=G
254,mutation,boundary,1,boundary=open
254,mutation,warrant,1,warrant=definition
254,mutation,continuation,1,continuation=0
254,mutation,role,1,role=participant
255,admissible,rename,1,
255,admissible,rigid_isometry,1,
255,admissible,edge_order,1,
255,admissible,full_iso,1,
255,mutation,metric,1,typed_neighbor=G@1.25
255,mutation,edge_type,1,out_edge_type=G
255,mutation,boundary,1,boundary=open
255,mutation,warrant,1,warrant=definition
255,mutation,continuation,1,continuation=0
255,mutation,role,1,role=participant
256,admissible,rename,1,
256,admissible,rigid_isometry,1,
256,admissible,edge_order,1,
256,admissible,full_iso,1,
256,mutation,metric,1,out_edge_type=G
256,mutation,edge_type,1,out_edge_type=G
256,mutation,boundary,1,boundary=open
256,mutation,warrant,1,warrant=definition
256,mutation,continuation,1,continuation=0
256,mutation,role,1,role=participant
257,admissible,rename,1,
257,admissible,rigid_isometry,1,
257,admissible,edge_order,1,
257,admissible,full_iso,1,
257,mutation,metric,1,exists_metric_le=1.25
257,mutation,edge_type,1,out_edge_type=G
257,mutation,boundary,1,boundary=open
257,mutation,warrant,1,warrant=definition
257,mutation,continuation,1,continuation=0
257,mutation,role,1,role=participant
258,admissible,rename,1,
258,admissible,rigid_isometry,1,
258,admissible,edge_order,1,
258,admissible,full_iso,1,
258,mutation,metric,1,out_edge_type=G
258,mutation,edge_type,1,out_edge_type=G
258,mutation,boundary,1,boundary=open
258,mutation,warrant,1,warrant=definition
258,mutation,continuation,1,continuation=0
258,mutation,role,1,role=participant
259,admissible,rename,1,
259,admissible,rigid_isometry,1,
259,admissible,edge_order,1,
259,admissible,full_iso,1,
259,mutation,metric,1,exists_metric_le=1.25
259,mutation,edge_type,1,out_edge_type=G
259,mutation,boundary,1,boundary=open
259,mutation,warrant,1,warrant=definition
259,mutation,continuation,1,continuation=0
259,mutation,role,1,role=participant
260,admissible,rename,1,
260,admissible,rigid_isometry,1,
260,admissible,edge_order,1,
260,admissible,full_iso,1,
260,mutation,metric,1,out_edge_type=G
260,mutation,edge_type,1,out_edge_type=G
260,mutation,boundary,1,boundary=open
260,mutation,warrant,1,warrant=definition
260,mutation,continuation,1,continuation=0
260,mutation,role,1,role=participant
261,admissible,rename,1,
261,admissible,rigid_isometry,1,
261,admissible,edge_order,1,
261,admissible,full_iso,1,
261,mutation,metric,1,out_edge_type=G
261,mutation,edge_type,1,out_edge_type=G
261,mutation,boundary,1,boundary=open
261,mutation,warrant,1,warrant=definition
261,mutation,continuation,1,continuation=0
261,mutation,role,1,role=participant
262,admissible,rename,1,
262,admissible,rigid_isometry,1,
262,admissible,edge_order,1,
262,admissible,full_iso,1,
262,mutation,metric,1,out_edge_type=G
262,mutation,edge_type,1,out_edge_type=G
262,mutation,boundary,1,boundary=open
262,mutation,warrant,1,warrant=definition
262,mutation,continuation,1,continuation=0
262,mutation,role,1,role=participant
263,admissible,rename,1,
263,admissible,rigid_isometry,1,
263,admissible,edge_order,1,
263,admissible,full_iso,1,
263,mutation,metric,1,out_edge_type=G
263,mutation,edge_type,1,out_edge_type=G
263,mutation,boundary,1,boundary=open
263,mutation,warrant,1,warrant=definition
263,mutation,continuation,1,continuation=0
263,mutation,role,1,role=participant
264,admissible,rename,1,
264,admissible,rigid_isometry,1,
264,admissible,edge_order,1,
264,admissible,full_iso,1,
264,mutation,metric,1,exists_metric_le=1.25
264,mutation,edge_type,1,out_edge_type=G
264,mutation,boundary,1,boundary=open
264,mutation,warrant,1,warrant=definition
264,mutation,continuation,1,continuation=0
264,mutation,role,1,role=participant
265,admissible,rename,1,
265,admissible,rigid_isometry,1,
265,admissible,edge_order,1,
265,admissible,full_iso,1,
265,mutation,metric,1,typed_neighbor=G@1.25
265,mutation,edge_type,1,out_edge_type=G
265,mutation,boundary,1,boundary=open
265,mutation,warrant,1,warrant=definition
265,mutation,continuation,1,continuation=0
265,mutation,role,1,role=participant
266,admissible,rename,1,
266,admissible,rigid_isometry,1,
266,admissible,edge_order,1,
266,admissible,full_iso,1,
266,mutation,metric,1,exists_metric_le=2.0
266,mutation,edge_type,1,out_edge_type=G
266,mutation,boundary,1,boundary=open
266,mutation,warrant,1,warrant=definition
266,mutation,continuation,1,continuation=0
266,mutation,role,1,role=participant
267,admissible,rename,1,
267,admissible,rigid_isometry,1,
267,admissible,edge_order,1,
267,admissible,full_iso,1,
267,mutation,metric,1,out_edge_type=G
267,mutation,edge_type,1,out_edge_type=G
267,mutation,boundary,1,boundary=open
267,mutation,warrant,1,warrant=definition
267,mutation,continuation,1,continuation=0
267,mutation,role,1,role=participant
268,admissible,rename,1,
268,admissible,rigid_isometry,1,
268,admissible,edge_order,1,
268,admissible,full_iso,1,
268,mutation,metric,1,out_edge_type=G
268,mutation,edge_type,1,out_edge_type=G
268,mutation,boundary,1,boundary=open
268,mutation,warrant,1,warrant=definition
268,mutation,continuation,1,continuation=0
268,mutation,role,1,role=participant
269,admissible,rename,1,
269,admissible,rigid_isometry,1,
269,admissible,edge_order,1,
269,admissible,full_iso,1,
269,mutation,metric,1,exists_same_type_metric_le=3.0
269,mutation,edge_type,1,out_edge_type=G
269,mutation,boundary,1,boundary=open
269,mutation,warrant,1,warrant=definition
269,mutation,continuation,1,continuation=0
269,mutation,role,1,role=participant
270,admissible,rename,1,
270,admissible,rigid_isometry,1,
270,admissible,edge_order,1,
270,admissible,full_iso,1,
270,mutation,metric,1,exists_metric_le=1.25
270,mutation,edge_type,1,out_edge_type=G
270,mutation,boundary,1,boundary=open
270,mutation,warrant,1,warrant=definition
270,mutation,continuation,1,continuation=0
270,mutation,role,1,role=participant
271,admissible,rename,1,
271,admissible,rigid_isometry,1,
271,admissible,edge_order,1,
271,admissible,full_iso,1,
271,mutation,metric,1,out_edge_type=G
271,mutation,edge_type,1,out_edge_type=G
271,mutation,boundary,1,boundary=open
271,mutation,warrant,1,warrant=definition
271,mutation,continuation,1,continuation=0
271,mutation,role,1,role=participant
272,admissible,rename,1,
272,admissible,rigid_isometry,1,
272,admissible,edge_order,1,
272,admissible,full_iso,1,
272,mutation,metric,1,out_edge_type=G
272,mutation,edge_type,1,out_edge_type=G
272,mutation,boundary,1,boundary=open
272,mutation,warrant,1,warrant=definition
272,mutation,continuation,1,continuation=0
272,mutation,role,1,role=participant
273,admissible,rename,1,
273,admissible,rigid_isometry,1,
273,admissible,edge_order,1,
273,admissible,full_iso,1,
273,mutation,metric,1,exists_metric_le=1.25
273,mutation,edge_type,1,out_edge_type=G
273,mutation,boundary,1,boundary=open
273,mutation,warrant,1,warrant=definition
273,mutation,continuation,1,continuation=0
273,mutation,role,1,role=participant
274,admissible,rename,1,
274,admissible,rigid_isometry,1,
274,admissible,edge_order,1,
274,admissible,full_iso,1,
274,mutation,metric,1,out_edge_type=G
274,mutation,edge_type,1,out_edge_type=G
274,mutation,boundary,1,boundary=open
274,mutation,warrant,1,warrant=definition
274,mutation,continuation,1,continuation=0
274,mutation,role,1,role=participant
275,admissible,rename,1,
275,admissible,rigid_isometry,1,
275,admissible,edge_order,1,
275,admissible,full_iso,1,
275,mutation,metric,1,out_edge_type=G
275,mutation,edge_type,1,out_edge_type=G
275,mutation,boundary,1,boundary=open
275,mutation,warrant,1,warrant=definition
275,mutation,continuation,1,continuation=0
275,mutation,role,1,role=participant
276,admissible,rename,1,
276,admissible,rigid_isometry,1,
276,admissible,edge_order,1,
276,admissible,full_iso,1,
276,mutation,metric,1,exists_metric_le=1.25
276,mutation,edge_type,1,out_edge_type=G
276,mutation,boundary,1,boundary=open
276,mutation,warrant,1,warrant=definition
276,mutation,continuation,1,continuation=0
276,mutation,role,1,role=participant
277,admissible,rename,1,
277,admissible,rigid_isometry,1,
277,admissible,edge_order,1,
277,admissible,full_iso,1,
277,mutation,metric,1,out_edge_type=G
277,mutation,edge_type,1,out_edge_type=G
277,mutation,boundary,1,boundary=open
277,mutation,warrant,1,warrant=definition
277,mutation,continuation,1,continuation=0
277,mutation,role,1,role=participant
278,admissible,rename,1,
278,admissible,rigid_isometry,1,
278,admissible,edge_order,1,
278,admissible,full_iso,1,
278,mutation,metric,1,out_edge_type=G
278,mutation,edge_type,1,out_edge_type=G
278,mutation,boundary,1,boundary=open
278,mutation,warrant,1,warrant=definition
278,mutation,continuation,1,continuation=0
278,mutation,role,1,role=participant
279,admissible,rename,1,
279,admissible,rigid_isometry,1,
279,admissible,edge_order,1,
279,admissible,full_iso,1,
279,mutation,metric,1,out_edge_type=G
279,mutation,edge_type,1,out_edge_type=G
279,mutation,boundary,1,boundary=open
279,mutation,warrant,1,warrant=definition
279,mutation,continuation,1,continuation=0
279,mutation,role,1,role=participant
280,admissible,rename,1,
280,admissible,rigid_isometry,1,
280,admissible,edge_order,1,
280,admissible,full_iso,1,
280,mutation,metric,1,exists_same_type_metric_le=2.0
280,mutation,edge_type,1,out_edge_type=G
280,mutation,boundary,1,boundary=open
280,mutation,warrant,1,warrant=definition
280,mutation,continuation,1,continuation=0
280,mutation,role,1,role=participant
281,admissible,rename,1,
281,admissible,rigid_isometry,1,
281,admissible,edge_order,1,
281,admissible,full_iso,1,
281,mutation,metric,1,typed_neighbor=G@2.0
281,mutation,edge_type,1,out_edge_type=G
281,mutation,boundary,1,boundary=open
281,mutation,warrant,1,warrant=definition
281,mutation,continuation,1,continuation=0
281,mutation,role,1,role=participant
282,admissible,rename,1,
282,admissible,rigid_isometry,1,
282,admissible,edge_order,1,
282,admissible,full_iso,1,
282,mutation,metric,1,out_edge_type=G
282,mutation,edge_type,1,out_edge_type=G
282,mutation,boundary,1,boundary=open
282,mutation,warrant,1,warrant=definition
282,mutation,continuation,1,continuation=0
282,mutation,role,1,role=participant
283,admissible,rename,1,
283,admissible,rigid_isometry,1,
283,admissible,edge_order,1,
283,admissible,full_iso,1,
283,mutation,metric,1,typed_neighbor=G@3.0
283,mutation,edge_type,1,out_edge_type=G
283,mutation,boundary,1,boundary=open
283,mutation,warrant,1,warrant=definition
283,mutation,continuation,1,continuation=0
283,mutation,role,1,role=participant
284,admissible,rename,1,
284,admissible,rigid_isometry,1,
284,admissible,edge_order,1,
284,admissible,full_iso,1,
284,mutation,metric,1,exists_metric_le=1.25
284,mutation,edge_type,1,out_edge_type=G
284,mutation,boundary,1,boundary=open
284,mutation,warrant,1,warrant=definition
284,mutation,continuation,1,continuation=0
284,mutation,role,1,role=participant
285,admissible,rename,1,
285,admissible,rigid_isometry,1,
285,admissible,edge_order,1,
285,admissible,full_iso,1,
285,mutation,metric,1,out_edge_type=G
285,mutation,edge_type,1,out_edge_type=G
285,mutation,boundary,1,boundary=open
285,mutation,warrant,1,warrant=definition
285,mutation,continuation,1,continuation=0
285,mutation,role,1,role=participant
286,admissible,rename,1,
286,admissible,rigid_isometry,1,
286,admissible,edge_order,1,
286,admissible,full_iso,1,
286,mutation,metric,1,out_edge_type=G
286,mutation,edge_type,1,out_edge_type=G
286,mutation,boundary,1,boundary=open
286,mutation,warrant,1,warrant=definition
286,mutation,continuation,1,continuation=0
286,mutation,role,1,role=participant
287,admissible,rename,1,
287,admissible,rigid_isometry,1,
287,admissible,edge_order,1,
287,admissible,full_iso,1,
287,mutation,metric,1,exists_metric_le=1.25
287,mutation,edge_type,1,out_edge_type=G
287,mutation,boundary,1,boundary=open
287,mutation,warrant,1,warrant=definition
287,mutation,continuation,1,continuation=0
287,mutation,role,1,role=participant
288,admissible,rename,1,
288,admissible,rigid_isometry,1,
288,admissible,edge_order,1,
288,admissible,full_iso,1,
288,mutation,metric,1,out_edge_type=G
288,mutation,edge_type,1,out_edge_type=G
288,mutation,boundary,1,boundary=open
288,mutation,warrant,1,warrant=definition
288,mutation,continuation,1,continuation=0
288,mutation,role,1,role=participant
289,admissible,rename,1,
289,admissible,rigid_isometry,1,
289,admissible,edge_order,1,
289,admissible,full_iso,1,
289,mutation,metric,1,exists_metric_le=2.0
289,mutation,edge_type,1,out_edge_type=G
289,mutation,boundary,1,boundary=open
289,mutation,warrant,1,warrant=definition
289,mutation,continuation,1,continuation=0
289,mutation,role,1,role=participant
290,admissible,rename,1,
290,admissible,rigid_isometry,1,
290,admissible,edge_order,1,
290,admissible,full_iso,1,
290,mutation,metric,1,out_edge_type=G
290,mutation,edge_type,1,out_edge_type=G
290,mutation,boundary,1,boundary=open
290,mutation,warrant,1,warrant=definition
290,mutation,continuation,1,continuation=0
290,mutation,role,1,role=participant
291,admissible,rename,1,
291,admissible,rigid_isometry,1,
291,admissible,edge_order,1,
291,admissible,full_iso,1,
291,mutation,metric,1,out_edge_type=G
291,mutation,edge_type,1,out_edge_type=G
291,mutation,boundary,1,boundary=open
291,mutation,warrant,1,warrant=definition
291,mutation,continuation,1,continuation=0
291,mutation,role,1,role=participant
292,admissible,rename,1,
292,admissible,rigid_isometry,1,
292,admissible,edge_order,1,
292,admissible,full_iso,1,
292,mutation,metric,1,out_edge_type=G
292,mutation,edge_type,1,out_edge_type=G
292,mutation,boundary,1,boundary=open
292,mutation,warrant,1,warrant=definition
292,mutation,continuation,1,continuation=0
292,mutation,role,1,role=participant
293,admissible,rename,1,
293,admissible,rigid_isometry,1,
293,admissible,edge_order,1,
293,admissible,full_iso,1,
293,mutation,metric,1,out_edge_type=G
293,mutation,edge_type,1,out_edge_type=G
293,mutation,boundary,1,boundary=open
293,mutation,warrant,1,warrant=definition
293,mutation,continuation,1,continuation=0
293,mutation,role,1,role=participant
294,admissible,rename,1,
294,admissible,rigid_isometry,1,
294,admissible,edge_order,1,
294,admissible,full_iso,1,
294,mutation,metric,1,out_edge_type=G
294,mutation,edge_type,1,out_edge_type=G
294,mutation,boundary,1,boundary=open
294,mutation,warrant,1,warrant=definition
294,mutation,continuation,1,continuation=0
294,mutation,role,1,role=participant
295,admissible,rename,1,
295,admissible,rigid_isometry,1,
295,admissible,edge_order,1,
295,admissible,full_iso,1,
295,mutation,metric,1,out_edge_type=G
295,mutation,edge_type,1,out_edge_type=G
295,mutation,boundary,1,boundary=open
295,mutation,warrant,1,warrant=definition
295,mutation,continuation,1,continuation=0
295,mutation,role,1,role=participant
296,admissible,rename,1,
296,admissible,rigid_isometry,1,
296,admissible,edge_order,1,
296,admissible,full_iso,1,
296,mutation,metric,1,out_edge_type=G
296,mutation,edge_type,1,out_edge_type=G
296,mutation,boundary,1,boundary=open
296,mutation,warrant,1,warrant=definition
296,mutation,continuation,1,continuation=0
296,mutation,role,1,role=participant
297,admissible,rename,1,
297,admissible,rigid_isometry,1,
297,admissible,edge_order,1,
297,admissible,full_iso,1,
297,mutation,metric,1,exists_metric_le=1.25
297,mutation,edge_type,1,out_edge_type=G
297,mutation,boundary,1,boundary=open
297,mutation,warrant,1,warrant=definition
297,mutation,continuation,1,continuation=0
297,mutation,role,1,role=participant
298,admissible,rename,1,
298,admissible,rigid_isometry,1,
298,admissible,edge_order,1,
298,admissible,full_iso,1,
298,mutation,metric,1,typed_neighbor=G@1.25
298,mutation,edge_type,1,out_edge_type=G
298,mutation,boundary,1,boundary=open
298,mutation,warrant,1,warrant=definition
298,mutation,continuation,1,continuation=0
298,mutation,role,1,role=participant
299,admissible,rename,1,
299,admissible,rigid_isometry,1,
299,admissible,edge_order,1,
299,admissible,full_iso,1,
299,mutation,metric,1,out_edge_type=G
299,mutation,edge_type,1,out_edge_type=G
299,mutation,boundary,1,boundary=open
299,mutation,warrant,1,warrant=definition
299,mutation,continuation,1,continuation=0
299,mutation,role,1,role=participant
300,admissible,rename,1,
300,admissible,rigid_isometry,1,
300,admissible,edge_order,1,
300,admissible,full_iso,1,
300,mutation,metric,1,typed_neighbor=G@1.25
300,mutation,edge_type,1,out_edge_type=G
300,mutation,boundary,1,boundary=open
300,mutation,warrant,1,warrant=definition
300,mutation,continuation,1,continuation=0
300,mutation,role,1,role=participant
301,admissible,rename,1,
301,admissible,rigid_isometry,1,
301,admissible,edge_order,1,
301,admissible,full_iso,1,
301,mutation,metric,1,out_edge_type=G
301,mutation,edge_type,1,out_edge_type=G
301,mutation,boundary,1,boundary=open
301,mutation,warrant,1,warrant=definition
301,mutation,continuation,1,continuation=0
301,mutation,role,1,role=participant
302,admissible,rename,1,
302,admissible,rigid_isometry,1,
302,admissible,edge_order,1,
302,admissible,full_iso,1,
302,mutation,metric,1,out_edge_type=G
302,mutation,edge_type,1,out_edge_type=G
302,mutation,boundary,1,boundary=open
302,mutation,warrant,1,warrant=definition
302,mutation,continuation,1,continuation=0
302,mutation,role,1,role=participant
303,admissible,rename,1,
303,admissible,rigid_isometry,1,
303,admissible,edge_order,1,
303,admissible,full_iso,1,
303,mutation,metric,1,typed_neighbor=G@3.0
303,mutation,edge_type,1,out_edge_type=G
303,mutation,boundary,1,boundary=open
303,mutation,warrant,1,warrant=definition
303,mutation,continuation,1,continuation=0
303,mutation,role,1,role=participant
304,admissible,rename,1,
304,admissible,rigid_isometry,1,
304,admissible,edge_order,1,
304,admissible,full_iso,1,
304,mutation,metric,1,exists_metric_le=1.25
304,mutation,edge_type,1,out_edge_type=G
304,mutation,boundary,1,boundary=open
304,mutation,warrant,1,warrant=definition
304,mutation,continuation,1,continuation=0
304,mutation,role,1,role=participant
305,admissible,rename,1,
305,admissible,rigid_isometry,1,
305,admissible,edge_order,1,
305,admissible,full_iso,1,
305,mutation,metric,1,out_edge_type=G
305,mutation,edge_type,1,out_edge_type=G
305,mutation,boundary,1,boundary=open
305,mutation,warrant,1,warrant=definition
305,mutation,continuation,1,continuation=0
305,mutation,role,1,role=participant
306,admissible,rename,1,
306,admissible,rigid_isometry,1,
306,admissible,edge_order,1,
306,admissible,full_iso,1,
306,mutation,metric,1,exists_metric_le=1.25
306,mutation,edge_type,1,out_edge_type=G
306,mutation,boundary,1,boundary=open
306,mutation,warrant,1,warrant=definition
306,mutation,continuation,1,continuation=0
306,mutation,role,1,role=participant
307,admissible,rename,1,
307,admissible,rigid_isometry,1,
307,admissible,edge_order,1,
307,admissible,full_iso,1,
307,mutation,metric,1,out_edge_type=G
307,mutation,edge_type,1,out_edge_type=G
307,mutation,boundary,1,boundary=open
307,mutation,warrant,1,warrant=definition
307,mutation,continuation,1,continuation=0
307,mutation,role,1,role=participant
308,admissible,rename,1,
308,admissible,rigid_isometry,1,
308,admissible,edge_order,1,
308,admissible,full_iso,1,
308,mutation,metric,1,out_edge_type=G
308,mutation,edge_type,1,out_edge_type=G
308,mutation,boundary,1,boundary=open
308,mutation,warrant,1,warrant=definition
308,mutation,continuation,1,continuation=0
308,mutation,role,1,role=participant
309,admissible,rename,1,
309,admissible,rigid_isometry,1,
309,admissible,edge_order,1,
309,admissible,full_iso,1,
309,mutation,metric,1,exists_metric_le=1.25
309,mutation,edge_type,1,out_edge_type=G
309,mutation,boundary,1,boundary=open
309,mutation,warrant,1,warrant=definition
309,mutation,continuation,1,continuation=0
309,mutation,role,1,role=participant
310,admissible,rename,1,
310,admissible,rigid_isometry,1,
310,admissible,edge_order,1,
310,admissible,full_iso,1,
310,mutation,metric,1,out_edge_type=G
310,mutation,edge_type,1,out_edge_type=G
310,mutation,boundary,1,boundary=open
310,mutation,warrant,1,warrant=definition
310,mutation,continuation,1,continuation=0
310,mutation,role,1,role=participant
311,admissible,rename,1,
311,admissible,rigid_isometry,1,
311,admissible,edge_order,1,
311,admissible,full_iso,1,
311,mutation,metric,1,out_edge_type=G
311,mutation,edge_type,1,out_edge_type=G
311,mutation,boundary,1,boundary=open
311,mutation,warrant,1,warrant=definition
311,mutation,continuation,1,continuation=0
311,mutation,role,1,role=participant
312,admissible,rename,1,
312,admissible,rigid_isometry,1,
312,admissible,edge_order,1,
312,admissible,full_iso,1,
312,mutation,metric,1,out_edge_type=G
312,mutation,edge_type,1,out_edge_type=G
312,mutation,boundary,1,boundary=open
312,mutation,warrant,1,warrant=definition
312,mutation,continuation,1,continuation=0
312,mutation,role,1,role=participant
313,admissible,rename,1,
313,admissible,rigid_isometry,1,
313,admissible,edge_order,1,
313,admissible,full_iso,1,
313,mutation,metric,1,out_edge_type=G
313,mutation,edge_type,1,out_edge_type=G
313,mutation,boundary,1,boundary=open
313,mutation,warrant,1,warrant=definition
313,mutation,continuation,1,continuation=0
313,mutation,role,1,role=participant
314,admissible,rename,1,
314,admissible,rigid_isometry,1,
314,admissible,edge_order,1,
314,admissible,full_iso,1,
314,mutation,metric,1,out_edge_type=G
314,mutation,edge_type,1,out_edge_type=G
314,mutation,boundary,1,boundary=open
314,mutation,warrant,1,warrant=definition
314,mutation,continuation,1,continuation=0
314,mutation,role,1,role=participant
315,admissible,rename,1,
315,admissible,rigid_isometry,1,
315,admissible,edge_order,1,
315,admissible,full_iso,1,
315,mutation,metric,1,exists_metric_le=3.0
315,mutation,edge_type,1,out_edge_type=G
315,mutation,boundary,1,boundary=open
315,mutation,warrant,1,warrant=definition
315,mutation,continuation,1,continuation=0
315,mutation,role,1,role=participant
316,admissible,rename,1,
316,admissible,rigid_isometry,1,
316,admissible,edge_order,1,
316,admissible,full_iso,1,
316,mutation,metric,1,out_edge_type=G
316,mutation,edge_type,1,out_edge_type=G
316,mutation,boundary,1,boundary=open
316,mutation,warrant,1,warrant=definition
316,mutation,continuation,1,continuation=0
316,mutation,role,1,role=participant
317,admissible,rename,1,
317,admissible,rigid_isometry,1,
317,admissible,edge_order,1,
317,admissible,full_iso,1,
317,mutation,metric,1,typed_neighbor=G@3.0
317,mutation,edge_type,1,out_edge_type=G
317,mutation,boundary,1,boundary=open
317,mutation,warrant,1,warrant=definition
317,mutation,continuation,1,continuation=0
317,mutation,role,1,role=participant
318,admissible,rename,1,
318,admissible,rigid_isometry,1,
318,admissible,edge_order,1,
318,admissible,full_iso,1,
318,mutation,metric,1,out_edge_type=G
318,mutation,edge_type,1,out_edge_type=G
318,mutation,boundary,1,boundary=open
318,mutation,warrant,1,warrant=definition
318,mutation,continuation,1,continuation=0
318,mutation,role,1,role=participant
319,admissible,rename,1,
319,admissible,rigid_isometry,1,
319,admissible,edge_order,1,
319,admissible,full_iso,1,
319,mutation,metric,1,out_edge_type=G
319,mutation,edge_type,1,out_edge_type=G
319,mutation,boundary,1,boundary=open
319,mutation,warrant,1,warrant=definition
319,mutation,continuation,1,continuation=0
319,mutation,role,1,role=participant
320,admissible,rename,1,
320,admissible,rigid_isometry,1,
320,admissible,edge_order,1,
320,admissible,full_iso,1,
320,mutation,metric,1,out_edge_type=G
320,mutation,edge_type,1,out_edge_type=G
320,mutation,boundary,1,boundary=open
320,mutation,warrant,1,warrant=definition
320,mutation,continuation,1,continuation=0
320,mutation,role,1,role=participant
321,admissible,rename,1,
321,admissible,rigid_isometry,1,
321,admissible,edge_order,1,
321,admissible,full_iso,1,
321,mutation,metric,1,exists_metric_le=1.25
321,mutation,edge_type,1,out_edge_type=G
321,mutation,boundary,1,boundary=open
321,mutation,warrant,1,warrant=definition
321,mutation,continuation,1,continuation=0
321,mutation,role,1,role=participant
322,admissible,rename,1,
322,admissible,rigid_isometry,1,
322,admissible,edge_order,1,
322,admissible,full_iso,1,
322,mutation,metric,1,out_edge_type=G
322,mutation,edge_type,1,out_edge_type=G
322,mutation,boundary,1,boundary=open
322,mutation,warrant,1,warrant=definition
322,mutation,continuation,1,continuation=0
322,mutation,role,1,role=participant
323,admissible,rename,1,
323,admissible,rigid_isometry,1,
323,admissible,edge_order,1,
323,admissible,full_iso,1,
323,mutation,metric,1,exists_metric_le=1.25
323,mutation,edge_type,1,out_edge_type=G
323,mutation,boundary,1,boundary=open
323,mutation,warrant,1,warrant=definition
323,mutation,continuation,1,continuation=0
323,mutation,role,1,role=participant
324,admissible,rename,1,
324,admissible,rigid_isometry,1,
324,admissible,edge_order,1,
324,admissible,full_iso,1,
324,mutation,metric,1,exists_metric_le=2.0
324,mutation,edge_type,1,out_edge_type=G
324,mutation,boundary,1,boundary=open
324,mutation,warrant,1,warrant=definition
324,mutation,continuation,1,continuation=0
324,mutation,role,1,role=participant
325,admissible,rename,1,
325,admissible,rigid_isometry,1,
325,admissible,edge_order,1,
325,admissible,full_iso,1,
325,mutation,metric,1,exists_metric_le=1.25
325,mutation,edge_type,1,out_edge_type=G
325,mutation,boundary,1,boundary=open
325,mutation,warrant,1,warrant=definition
325,mutation,continuation,1,continuation=0
325,mutation,role,1,role=participant
326,admissible,rename,1,
326,admissible,rigid_isometry,1,
326,admissible,edge_order,1,
326,admissible,full_iso,1,
326,mutation,metric,1,out_edge_type=G
326,mutation,edge_type,1,out_edge_type=G
326,mutation,boundary,1,boundary=open
326,mutation,warrant,1,warrant=definition
326,mutation,continuation,1,continuation=0
326,mutation,role,1,role=participant
327,admissible,rename,1,
327,admissible,rigid_isometry,1,
327,admissible,edge_order,1,
327,admissible,full_iso,1,
327,mutation,metric,1,out_edge_type=G
327,mutation,edge_type,1,out_edge_type=G
327,mutation,boundary,1,boundary=open
327,mutation,warrant,1,warrant=definition
327,mutation,continuation,1,continuation=0
327,mutation,role,1,role=participant
328,admissible,rename,1,
328,admissible,rigid_isometry,1,
328,admissible,edge_order,1,
328,admissible,full_iso,1,
328,mutation,metric,1,out_edge_type=G
328,mutation,edge_type,1,out_edge_type=G
328,mutation,boundary,1,boundary=open
328,mutation,warrant,1,warrant=definition
328,mutation,continuation,1,continuation=0
328,mutation,role,1,role=participant
329,admissible,rename,1,
329,admissible,rigid_isometry,1,
329,admissible,edge_order,1,
329,admissible,full_iso,1,
329,mutation,metric,1,out_edge_type=G
329,mutation,edge_type,1,out_edge_type=G
329,mutation,boundary,1,boundary=open
329,mutation,warrant,1,warrant=definition
329,mutation,continuation,1,continuation=0
329,mutation,role,1,role=participant
330,admissible,rename,1,
330,admissible,rigid_isometry,1,
330,admissible,edge_order,1,
330,admissible,full_iso,1,
330,mutation,metric,1,out_edge_type=G
330,mutation,edge_type,1,out_edge_type=G
330,mutation,boundary,1,boundary=open
330,mutation,warrant,1,warrant=definition
330,mutation,continuation,1,continuation=0
330,mutation,role,1,role=participant
331,admissible,rename,1,
331,admissible,rigid_isometry,1,
331,admissible,edge_order,1,
331,admissible,full_iso,1,
331,mutation,metric,1,exists_metric_le=1.25
331,mutation,edge_type,1,out_edge_type=G
331,mutation,boundary,1,boundary=open
331,mutation,warrant,1,warrant=definition
331,mutation,continuation,1,continuation=0
331,mutation,role,1,role=participant
332,admissible,rename,1,
332,admissible,rigid_isometry,1,
332,admissible,edge_order,1,
332,admissible,full_iso,1,
332,mutation,metric,1,out_edge_type=G
332,mutation,edge_type,1,out_edge_type=G
332,mutation,boundary,1,boundary=open
332,mutation,warrant,1,warrant=definition
332,mutation,continuation,1,continuation=0
332,mutation,role,1,role=participant
333,admissible,rename,1,
333,admissible,rigid_isometry,1,
333,admissible,edge_order,1,
333,admissible,full_iso,1,
333,mutation,metric,1,out_edge_type=G
333,mutation,edge_type,1,out_edge_type=G
333,mutation,boundary,1,boundary=open
333,mutation,warrant,1,warrant=definition
333,mutation,continuation,1,continuation=0
333,mutation,role,1,role=participant
334,admissible,rename,1,
334,admissible,rigid_isometry,1,
334,admissible,edge_order,1,
334,admissible,full_iso,1,
334,mutation,metric,1,out_edge_type=G
334,mutation,edge_type,1,out_edge_type=G
334,mutation,boundary,1,boundary=open
334,mutation,warrant,1,warrant=definition
334,mutation,continuation,1,continuation=0
334,mutation,role,1,role=participant
335,admissible,rename,1,
335,admissible,rigid_isometry,1,
335,admissible,edge_order,1,
335,admissible,full_iso,1,
335,mutation,metric,1,out_edge_type=G
335,mutation,edge_type,1,out_edge_type=G
335,mutation,boundary,1,boundary=open
335,mutation,warrant,1,warrant=definition
335,mutation,continuation,1,continuation=0
335,mutation,role,1,role=participant
336,admissible,rename,1,
336,admissible,rigid_isometry,1,
336,admissible,edge_order,1,
336,admissible,full_iso,1,
336,mutation,metric,1,out_edge_type=G
336,mutation,edge_type,1,out_edge_type=G
336,mutation,boundary,1,boundary=open
336,mutation,warrant,1,warrant=definition
336,mutation,continuation,1,continuation=0
336,mutation,role,1,role=participant
337,admissible,rename,1,
337,admissible,rigid_isometry,1,
337,admissible,edge_order,1,
337,admissible,full_iso,1,
337,mutation,metric,1,out_edge_type=G
337,mutation,edge_type,1,out_edge_type=G
337,mutation,boundary,1,boundary=open
337,mutation,warrant,1,warrant=definition
337,mutation,continuation,1,continuation=0
337,mutation,role,1,role=participant
338,admissible,rename,1,
338,admissible,rigid_isometry,1,
338,admissible,edge_order,1,
338,admissible,full_iso,1,
338,mutation,metric,1,out_edge_type=G
338,mutation,edge_type,1,out_edge_type=G
338,mutation,boundary,1,boundary=open
338,mutation,warrant,1,warrant=definition
338,mutation,continuation,1,continuation=0
338,mutation,role,1,role=participant
339,admissible,rename,1,
339,admissible,rigid_isometry,1,
339,admissible,edge_order,1,
339,admissible,full_iso,1,
339,mutation,metric,1,typed_neighbor=Register@2.0
339,mutation,edge_type,1,out_edge_type=G
339,mutation,boundary,1,boundary=open
339,mutation,warrant,1,warrant=definition
339,mutation,continuation,1,continuation=0
339,mutation,role,1,role=participant
340,admissible,rename,1,
340,admissible,rigid_isometry,1,
340,admissible,edge_order,1,
340,admissible,full_iso,1,
340,mutation,metric,1,out_edge_type=G
340,mutation,edge_type,1,out_edge_type=G
340,mutation,boundary,1,boundary=open
340,mutation,warrant,1,warrant=definition
340,mutation,continuation,1,continuation=0
340,mutation,role,1,role=participant
341,admissible,rename,1,
341,admissible,rigid_isometry,1,
341,admissible,edge_order,1,
341,admissible,full_iso,1,
341,mutation,metric,1,out_edge_type=G
341,mutation,edge_type,1,out_edge_type=G
341,mutation,boundary,1,boundary=open
341,mutation,warrant,1,warrant=definition
341,mutation,continuation,1,continuation=0
341,mutation,role,1,role=participant
342,admissible,rename,1,
342,admissible,rigid_isometry,1,
342,admissible,edge_order,1,
342,admissible,full_iso,1,
342,mutation,metric,1,out_edge_type=G
342,mutation,edge_type,1,out_edge_type=G
342,mutation,boundary,1,boundary=open
342,mutation,warrant,1,warrant=definition
342,mutation,continuation,1,continuation=0
342,mutation,role,1,role=participant
343,admissible,rename,1,
343,admissible,rigid_isometry,1,
343,admissible,edge_order,1,
343,admissible,full_iso,1,
343,mutation,metric,1,exists_metric_le=1.25
343,mutation,edge_type,1,out_edge_type=G
343,mutation,boundary,1,boundary=open
343,mutation,warrant,1,warrant=definition
343,mutation,continuation,1,continuation=0
343,mutation,role,1,role=participant
344,admissible,rename,1,
344,admissible,rigid_isometry,1,
344,admissible,edge_order,1,
344,admissible,full_iso,1,
344,mutation,metric,1,exists_metric_le=1.25
344,mutation,edge_type,1,out_edge_type=G
344,mutation,boundary,1,boundary=open
344,mutation,warrant,1,warrant=definition
344,mutation,continuation,1,continuation=0
344,mutation,role,1,role=participant
345,admissible,rename,1,
345,admissible,rigid_isometry,1,
345,admissible,edge_order,1,
345,admissible,full_iso,1,
345,mutation,metric,1,typed_neighbor=G@1.25
345,mutation,edge_type,1,out_edge_type=G
345,mutation,boundary,1,boundary=open
345,mutation,warrant,1,warrant=definition
345,mutation,continuation,1,continuation=0
345,mutation,role,1,role=participant
346,admissible,rename,1,
346,admissible,rigid_isometry,1,
346,admissible,edge_order,1,
346,admissible,full_iso,1,
346,mutation,metric,1,out_edge_type=G
346,mutation,edge_type,1,out_edge_type=G
346,mutation,boundary,1,boundary=open
346,mutation,warrant,1,warrant=definition
346,mutation,continuation,1,continuation=0
346,mutation,role,1,role=participant
347,admissible,rename,1,
347,admissible,rigid_isometry,1,
347,admissible,edge_order,1,
347,admissible,full_iso,1,
347,mutation,metric,1,out_edge_type=G
347,mutation,edge_type,1,out_edge_type=G
347,mutation,boundary,1,boundary=open
347,mutation,warrant,1,warrant=definition
347,mutation,continuation,1,continuation=0
347,mutation,role,1,role=participant
348,admissible,rename,1,
348,admissible,rigid_isometry,1,
348,admissible,edge_order,1,
348,admissible,full_iso,1,
348,mutation,metric,1,out_edge_type=G
348,mutation,edge_type,1,out_edge_type=G
348,mutation,boundary,1,boundary=open
348,mutation,warrant,1,warrant=definition
348,mutation,continuation,1,continuation=0
348,mutation,role,1,role=participant
349,admissible,rename,1,
349,admissible,rigid_isometry,1,
349,admissible,edge_order,1,
349,admissible,full_iso,1,
349,mutation,metric,1,out_edge_type=G
349,mutation,edge_type,1,out_edge_type=G
349,mutation,boundary,1,boundary=open
349,mutation,warrant,1,warrant=definition
349,mutation,continuation,1,continuation=0
349,mutation,role,1,role=participant
350,admissible,rename,1,
350,admissible,rigid_isometry,1,
350,admissible,edge_order,1,
350,admissible,full_iso,1,
350,mutation,metric,1,out_edge_type=G
350,mutation,edge_type,1,out_edge_type=G
350,mutation,boundary,1,boundary=open
350,mutation,warrant,1,warrant=definition
350,mutation,continuation,1,continuation=0
350,mutation,role,1,role=participant
351,admissible,rename,1,
351,admissible,rigid_isometry,1,
351,admissible,edge_order,1,
351,admissible,full_iso,1,
351,mutation,metric,1,typed_neighbor=G@1.25
351,mutation,edge_type,1,out_edge_type=G
351,mutation,boundary,1,boundary=open
351,mutation,warrant,1,warrant=definition
351,mutation,continuation,1,continuation=0
351,mutation,role,1,role=participant
352,admissible,rename,1,
352,admissible,rigid_isometry,1,
352,admissible,edge_order,1,
352,admissible,full_iso,1,
352,mutation,metric,1,typed_neighbor=G@1.25
352,mutation,edge_type,1,out_edge_type=G
352,mutation,boundary,1,boundary=open
352,mutation,warrant,1,warrant=definition
352,mutation,continuation,1,continuation=0
352,mutation,role,1,role=participant
353,admissible,rename,1,
353,admissible,rigid_isometry,1,
353,admissible,edge_order,1,
353,admissible,full_iso,1,
353,mutation,metric,1,exists_metric_le=1.25
353,mutation,edge_type,1,out_edge_type=G
353,mutation,boundary,1,boundary=open
353,mutation,warrant,1,warrant=definition
353,mutation,continuation,1,continuation=0
353,mutation,role,1,role=participant
354,admissible,rename,1,
354,admissible,rigid_isometry,1,
354,admissible,edge_order,1,
354,admissible,full_iso,1,
354,mutation,metric,1,out_edge_type=G
354,mutation,edge_type,1,out_edge_type=G
354,mutation,boundary,1,boundary=open
354,mutation,warrant,1,warrant=definition
354,mutation,continuation,1,continuation=0
354,mutation,role,1,role=participant
355,admissible,rename,1,
355,admissible,rigid_isometry,1,
355,admissible,edge_order,1,
355,admissible,full_iso,1,
355,mutation,metric,1,exists_metric_le=1.25
355,mutation,edge_type,1,out_edge_type=G
355,mutation,boundary,1,boundary=open
355,mutation,warrant,1,warrant=definition
355,mutation,continuation,1,continuation=0
355,mutation,role,1,role=participant
356,admissible,rename,1,
356,admissible,rigid_isometry,1,
356,admissible,edge_order,1,
356,admissible,full_iso,1,
356,mutation,metric,1,out_edge_type=G
356,mutation,edge_type,1,out_edge_type=G
356,mutation,boundary,1,boundary=open
356,mutation,warrant,1,warrant=definition
356,mutation,continuation,1,continuation=0
356,mutation,role,1,role=participant
357,admissible,rename,1,
357,admissible,rigid_isometry,1,
357,admissible,edge_order,1,
357,admissible,full_iso,1,
357,mutation,metric,1,exists_metric_le=2.0
357,mutation,edge_type,1,out_edge_type=G
357,mutation,boundary,1,boundary=open
357,mutation,warrant,1,warrant=definition
357,mutation,continuation,1,continuation=0
357,mutation,role,1,role=participant
358,admissible,rename,1,
358,admissible,rigid_isometry,1,
358,admissible,edge_order,1,
358,admissible,full_iso,1,
358,mutation,metric,1,out_edge_type=G
358,mutation,edge_type,1,out_edge_type=G
358,mutation,boundary,1,boundary=open
358,mutation,warrant,1,warrant=definition
358,mutation,continuation,1,continuation=0
358,mutation,role,1,role=participant
359,admissible,rename,1,
359,admissible,rigid_isometry,1,
359,admissible,edge_order,1,
359,admissible,full_iso,1,
359,mutation,metric,1,exists_metric_le=1.25
359,mutation,edge_type,1,out_edge_type=G
359,mutation,boundary,1,boundary=open
359,mutation,warrant,1,warrant=definition
359,mutation,continuation,1,continuation=0
359,mutation,role,1,role=participant
360,admissible,rename,1,
360,admissible,rigid_isometry,1,
360,admissible,edge_order,1,
360,admissible,full_iso,1,
360,mutation,metric,1,exists_metric_le=3.0
360,mutation,edge_type,1,out_edge_type=G
360,mutation,boundary,1,boundary=open
360,mutation,warrant,1,warrant=definition
360,mutation,continuation,1,continuation=0
360,mutation,role,1,role=participant
361,admissible,rename,1,
361,admissible,rigid_isometry,1,
361,admissible,edge_order,1,
361,admissible,full_iso,1,
361,mutation,metric,1,exists_same_type_metric_le=2.0
361,mutation,edge_type,1,out_edge_type=G
361,mutation,boundary,1,boundary=open
361,mutation,warrant,1,warrant=definition
361,mutation,continuation,1,continuation=0
361,mutation,role,1,role=participant
362,admissible,rename,1,
362,admissible,rigid_isometry,1,
362,admissible,edge_order,1,
362,admissible,full_iso,1,
362,mutation,metric,1,exists_metric_le=1.25
362,mutation,edge_type,1,out_edge_type=G
362,mutation,boundary,1,boundary=open
362,mutation,warrant,1,warrant=definition
362,mutation,continuation,1,continuation=0
362,mutation,role,1,role=participant
363,admissible,rename,1,
363,admissible,rigid_isometry,1,
363,admissible,edge_order,1,
363,admissible,full_iso,1,
363,mutation,metric,1,exists_metric_le=1.25
363,mutation,edge_type,1,out_edge_type=G
363,mutation,boundary,1,boundary=open
363,mutation,warrant,1,warrant=definition
363,mutation,continuation,1,continuation=0
363,mutation,role,1,role=participant
364,admissible,rename,1,
364,admissible,rigid_isometry,1,
364,admissible,edge_order,1,
364,admissible,full_iso,1,
364,mutation,metric,1,out_edge_type=G
364,mutation,edge_type,1,out_edge_type=G
364,mutation,boundary,1,boundary=open
364,mutation,warrant,1,warrant=definition
364,mutation,continuation,1,continuation=0
364,mutation,role,1,role=participant
365,admissible,rename,1,
365,admissible,rigid_isometry,1,
365,admissible,edge_order,1,
365,admissible,full_iso,1,
365,mutation,metric,1,out_edge_type=G
365,mutation,edge_type,1,out_edge_type=G
365,mutation,boundary,1,boundary=open
365,mutation,warrant,1,warrant=definition
365,mutation,continuation,1,continuation=0
365,mutation,role,1,role=participant
366,admissible,rename,1,
366,admissible,rigid_isometry,1,
366,admissible,edge_order,1,
366,admissible,full_iso,1,
366,mutation,metric,1,exists_metric_le=1.25
366,mutation,edge_type,1,out_edge_type=G
366,mutation,boundary,1,boundary=open
366,mutation,warrant,1,warrant=definition
366,mutation,continuation,1,continuation=0
366,mutation,role,1,role=participant
367,admissible,rename,1,
367,admissible,rigid_isometry,1,
367,admissible,edge_order,1,
367,admissible,full_iso,1,
367,mutation,metric,1,exists_metric_le=1.25
367,mutation,edge_type,1,out_edge_type=G
367,mutation,boundary,1,boundary=open
367,mutation,warrant,1,warrant=definition
367,mutation,continuation,1,continuation=0
367,mutation,role,1,role=participant
368,admissible,rename,1,
368,admissible,rigid_isometry,1,
368,admissible,edge_order,1,
368,admissible,full_iso,1,
368,mutation,metric,1,out_edge_type=G
368,mutation,edge_type,1,out_edge_type=G
368,mutation,boundary,1,boundary=open
368,mutation,warrant,1,warrant=definition
368,mutation,continuation,1,continuation=0
368,mutation,role,1,role=participant
369,admissible,rename,1,
369,admissible,rigid_isometry,1,
369,admissible,edge_order,1,
369,admissible,full_iso,1,
369,mutation,metric,1,out_edge_type=G
369,mutation,edge_type,1,out_edge_type=G
369,mutation,boundary,1,boundary=open
369,mutation,warrant,1,warrant=definition
369,mutation,continuation,1,continuation=0
369,mutation,role,1,role=participant
370,admissible,rename,1,
370,admissible,rigid_isometry,1,
370,admissible,edge_order,1,
370,admissible,full_iso,1,
370,mutation,metric,1,out_edge_type=G
370,mutation,edge_type,1,out_edge_type=G
370,mutation,boundary,1,boundary=open
370,mutation,warrant,1,warrant=definition
370,mutation,continuation,1,continuation=0
370,mutation,role,1,role=participant
371,admissible,rename,1,
371,admissible,rigid_isometry,1,
371,admissible,edge_order,1,
371,admissible,full_iso,1,
371,mutation,metric,1,out_edge_type=G
371,mutation,edge_type,1,out_edge_type=G
371,mutation,boundary,1,boundary=open
371,mutation,warrant,1,warrant=definition
371,mutation,continuation,1,continuation=0
371,mutation,role,1,role=participant
372,admissible,rename,1,
372,admissible,rigid_isometry,1,
372,admissible,edge_order,1,
372,admissible,full_iso,1,
372,mutation,metric,1,exists_metric_le=1.25
372,mutation,edge_type,1,out_edge_type=G
372,mutation,boundary,1,boundary=open
372,mutation,warrant,1,warrant=definition
372,mutation,continuation,1,continuation=0
372,mutation,role,1,role=participant
373,admissible,rename,1,
373,admissible,rigid_isometry,1,
373,admissible,edge_order,1,
373,admissible,full_iso,1,
373,mutation,metric,1,out_edge_type=G
373,mutation,edge_type,1,out_edge_type=G
373,mutation,boundary,1,boundary=open
373,mutation,warrant,1,warrant=definition
373,mutation,continuation,1,continuation=0
373,mutation,role,1,role=participant
374,admissible,rename,1,
374,admissible,rigid_isometry,1,
374,admissible,edge_order,1,
374,admissible,full_iso,1,
374,mutation,metric,1,out_edge_type=G
374,mutation,edge_type,1,out_edge_type=G
374,mutation,boundary,1,boundary=open
374,mutation,warrant,1,warrant=definition
374,mutation,continuation,1,continuation=0
374,mutation,role,1,role=participant
375,admissible,rename,1,
375,admissible,rigid_isometry,1,
375,admissible,edge_order,1,
375,admissible,full_iso,1,
375,mutation,metric,1,out_edge_type=G
375,mutation,edge_type,1,out_edge_type=G
375,mutation,boundary,1,boundary=open
375,mutation,warrant,1,warrant=definition
375,mutation,continuation,1,continuation=0
375,mutation,role,1,role=participant
376,admissible,rename,1,
376,admissible,rigid_isometry,1,
376,admissible,edge_order,1,
376,admissible,full_iso,1,
376,mutation,metric,1,out_edge_type=G
376,mutation,edge_type,1,out_edge_type=G
376,mutation,boundary,1,boundary=open
376,mutation,warrant,1,warrant=definition
376,mutation,continuation,1,continuation=0
376,mutation,role,1,role=participant
377,admissible,rename,1,
377,admissible,rigid_isometry,1,
377,admissible,edge_order,1,
377,admissible,full_iso,1,
377,mutation,metric,1,out_edge_type=G
377,mutation,edge_type,1,out_edge_type=G
377,mutation,boundary,1,boundary=open
377,mutation,warrant,1,warrant=definition
377,mutation,continuation,1,continuation=0
377,mutation,role,1,role=participant
378,admissible,rename,1,
378,admissible,rigid_isometry,1,
378,admissible,edge_order,1,
378,admissible,full_iso,1,
378,mutation,metric,1,exists_metric_le=1.25
378,mutation,edge_type,1,out_edge_type=G
378,mutation,boundary,1,boundary=open
378,mutation,warrant,1,warrant=definition
378,mutation,continuation,1,continuation=0
378,mutation,role,1,role=participant
379,admissible,rename,1,
379,admissible,rigid_isometry,1,
379,admissible,edge_order,1,
379,admissible,full_iso,1,
379,mutation,metric,1,out_edge_type=G
379,mutation,edge_type,1,out_edge_type=G
379,mutation,boundary,1,boundary=open
379,mutation,warrant,1,warrant=definition
379,mutation,continuation,1,continuation=0
379,mutation,role,1,role=participant
380,admissible,rename,1,
380,admissible,rigid_isometry,1,
380,admissible,edge_order,1,
380,admissible,full_iso,1,
380,mutation,metric,1,out_edge_type=G
380,mutation,edge_type,1,out_edge_type=G
380,mutation,boundary,1,boundary=open
380,mutation,warrant,1,warrant=definition
380,mutation,continuation,1,continuation=0
380,mutation,role,1,role=participant
381,admissible,rename,1,
381,admissible,rigid_isometry,1,
381,admissible,edge_order,1,
381,admissible,full_iso,1,
381,mutation,metric,1,exists_same_type_metric_le=3.0
381,mutation,edge_type,1,out_edge_type=G
381,mutation,boundary,1,boundary=open
381,mutation,warrant,1,warrant=definition
381,mutation,continuation,1,continuation=0
381,mutation,role,1,role=participant
382,admissible,rename,1,
382,admissible,rigid_isometry,1,
382,admissible,edge_order,1,
382,admissible,full_iso,1,
382,mutation,metric,1,exists_metric_le=2.0
382,mutation,edge_type,1,out_edge_type=G
382,mutation,boundary,1,boundary=open
382,mutation,warrant,1,warrant=definition
382,mutation,continuation,1,continuation=0
382,mutation,role,1,role=participant
383,admissible,rename,1,
383,admissible,rigid_isometry,1,
383,admissible,edge_order,1,
383,admissible,full_iso,1,
383,mutation,metric,1,out_edge_type=G
383,mutation,edge_type,1,out_edge_type=G
383,mutation,boundary,1,boundary=open
383,mutation,warrant,1,warrant=definition
383,mutation,continuation,1,continuation=0
383,mutation,role,1,role=participant
384,admissible,rename,1,
384,admissible,rigid_isometry,1,
384,admissible,edge_order,1,
384,admissible,full_iso,1,
384,mutation,metric,1,out_edge_type=G
384,mutation,edge_type,1,out_edge_type=G
384,mutation,boundary,1,boundary=open
384,mutation,warrant,1,warrant=definition
384,mutation,continuation,1,continuation=0
384,mutation,role,1,role=participant
385,admissible,rename,1,
385,admissible,rigid_isometry,1,
385,admissible,edge_order,1,
385,admissible,full_iso,1,
385,mutation,metric,1,out_edge_type=G
385,mutation,edge_type,1,out_edge_type=G
385,mutation,boundary,1,boundary=open
385,mutation,warrant,1,warrant=definition
385,mutation,continuation,1,continuation=0
385,mutation,role,1,role=participant
386,admissible,rename,1,
386,admissible,rigid_isometry,1,
386,admissible,edge_order,1,
386,admissible,full_iso,1,
386,mutation,metric,1,out_edge_type=G
386,mutation,edge_type,1,out_edge_type=G
386,mutation,boundary,1,boundary=open
386,mutation,warrant,1,warrant=definition
386,mutation,continuation,1,continuation=0
386,mutation,role,1,role=participant
387,admissible,rename,1,
387,admissible,rigid_isometry,1,
387,admissible,edge_order,1,
387,admissible,full_iso,1,
387,mutation,metric,1,out_edge_type=G
387,mutation,edge_type,1,out_edge_type=G
387,mutation,boundary,1,boundary=open
387,mutation,warrant,1,warrant=definition
387,mutation,continuation,1,continuation=0
387,mutation,role,1,role=participant
388,admissible,rename,1,
388,admissible,rigid_isometry,1,
388,admissible,edge_order,1,
388,admissible,full_iso,1,
388,mutation,metric,1,out_edge_type=G
388,mutation,edge_type,1,out_edge_type=G
388,mutation,boundary,1,boundary=open
388,mutation,warrant,1,warrant=definition
388,mutation,continuation,1,continuation=0
388,mutation,role,1,role=participant
389,admissible,rename,1,
389,admissible,rigid_isometry,1,
389,admissible,edge_order,1,
389,admissible,full_iso,1,
389,mutation,metric,1,exists_metric_le=1.25
389,mutation,edge_type,1,out_edge_type=G
389,mutation,boundary,1,boundary=open
389,mutation,warrant,1,warrant=definition
389,mutation,continuation,1,continuation=0
389,mutation,role,1,role=participant
390,admissible,rename,1,
390,admissible,rigid_isometry,1,
390,admissible,edge_order,1,
390,admissible,full_iso,1,
390,mutation,metric,1,exists_metric_le=1.25
390,mutation,edge_type,1,out_edge_type=G
390,mutation,boundary,1,boundary=open
390,mutation,warrant,1,warrant=definition
390,mutation,continuation,1,continuation=0
390,mutation,role,1,role=participant
391,admissible,rename,1,
391,admissible,rigid_isometry,1,
391,admissible,edge_order,1,
391,admissible,full_iso,1,
391,mutation,metric,1,exists_metric_le=1.25
391,mutation,edge_type,1,out_edge_type=G
391,mutation,boundary,1,boundary=open
391,mutation,warrant,1,warrant=definition
391,mutation,continuation,1,continuation=0
391,mutation,role,1,role=participant
392,admissible,rename,1,
392,admissible,rigid_isometry,1,
392,admissible,edge_order,1,
392,admissible,full_iso,1,
392,mutation,metric,1,out_edge_type=G
392,mutation,edge_type,1,out_edge_type=G
392,mutation,boundary,1,boundary=open
392,mutation,warrant,1,warrant=definition
392,mutation,continuation,1,continuation=0
392,mutation,role,1,role=participant
393,admissible,rename,1,
393,admissible,rigid_isometry,1,
393,admissible,edge_order,1,
393,admissible,full_iso,1,
393,mutation,metric,1,exists_metric_le=1.25
393,mutation,edge_type,1,out_edge_type=G
393,mutation,boundary,1,boundary=open
393,mutation,warrant,1,warrant=definition
393,mutation,continuation,1,continuation=0
393,mutation,role,1,role=participant
394,admissible,rename,1,
394,admissible,rigid_isometry,1,
394,admissible,edge_order,1,
394,admissible,full_iso,1,
394,mutation,metric,1,exists_metric_le=1.25
394,mutation,edge_type,1,out_edge_type=G
394,mutation,boundary,1,boundary=open
394,mutation,warrant,1,warrant=definition
394,mutation,continuation,1,continuation=0
394,mutation,role,1,role=participant
395,admissible,rename,1,
395,admissible,rigid_isometry,1,
395,admissible,edge_order,1,
395,admissible,full_iso,1,
395,mutation,metric,1,exists_metric_le=2.0
395,mutation,edge_type,1,out_edge_type=G
395,mutation,boundary,1,boundary=open
395,mutation,warrant,1,warrant=definition
395,mutation,continuation,1,continuation=0
395,mutation,role,1,role=participant
396,admissible,rename,1,
396,admissible,rigid_isometry,1,
396,admissible,edge_order,1,
396,admissible,full_iso,1,
396,mutation,metric,1,out_edge_type=G
396,mutation,edge_type,1,out_edge_type=G
396,mutation,boundary,1,boundary=open
396,mutation,warrant,1,warrant=definition
396,mutation,continuation,1,continuation=0
396,mutation,role,1,role=participant
397,admissible,rename,1,
397,admissible,rigid_isometry,1,
397,admissible,edge_order,1,
397,admissible,full_iso,1,
397,mutation,metric,1,out_edge_type=G
397,mutation,edge_type,1,out_edge_type=G
397,mutation,boundary,1,boundary=open
397,mutation,warrant,1,warrant=definition
397,mutation,continuation,1,continuation=0
397,mutation,role,1,role=participant
398,admissible,rename,1,
398,admissible,rigid_isometry,1,
398,admissible,edge_order,1,
398,admissible,full_iso,1,
398,mutation,metric,1,out_edge_type=G
398,mutation,edge_type,1,out_edge_type=G
398,mutation,boundary,1,boundary=open
398,mutation,warrant,1,warrant=definition
398,mutation,continuation,1,continuation=0
398,mutation,role,1,role=participant
399,admissible,rename,1,
399,admissible,rigid_isometry,1,
399,admissible,edge_order,1,
399,admissible,full_iso,1,
399,mutation,metric,1,typed_neighbor=G@1.25
399,mutation,edge_type,1,out_edge_type=G
399,mutation,boundary,1,boundary=open
399,mutation,warrant,1,warrant=definition
399,mutation,continuation,1,continuation=0
399,mutation,role,1,role=participant
400,admissible,rename,1,
400,admissible,rigid_isometry,1,
400,admissible,edge_order,1,
400,admissible,full_iso,1,
400,mutation,metric,1,exists_metric_le=1.25
400,mutation,edge_type,1,out_edge_type=G
400,mutation,boundary,1,boundary=open
400,mutation,warrant,1,warrant=definition
400,mutation,continuation,1,continuation=0
400,mutation,role,1,role=participant
401,admissible,rename,1,
401,admissible,rigid_isometry,1,
401,admissible,edge_order,1,
401,admissible,full_iso,1,
401,mutation,metric,1,exists_metric_le=1.25
401,mutation,edge_type,1,out_edge_type=G
401,mutation,boundary,1,boundary=open
401,mutation,warrant,1,warrant=definition
401,mutation,continuation,1,continuation=0
401,mutation,role,1,role=participant
402,admissible,rename,1,
402,admissible,rigid_isometry,1,
402,admissible,edge_order,1,
402,admissible,full_iso,1,
402,mutation,metric,1,out_edge_type=G
402,mutation,edge_type,1,out_edge_type=G
402,mutation,boundary,1,boundary=open
402,mutation,warrant,1,warrant=definition
402,mutation,continuation,1,continuation=0
402,mutation,role,1,role=participant
403,admissible,rename,1,
403,admissible,rigid_isometry,1,
403,admissible,edge_order,1,
403,admissible,full_iso,1,
403,mutation,metric,1,typed_neighbor=G@1.25
403,mutation,edge_type,1,out_edge_type=G
403,mutation,boundary,1,boundary=open
403,mutation,warrant,1,warrant=definition
403,mutation,continuation,1,continuation=0
403,mutation,role,1,role=participant
404,admissible,rename,1,
404,admissible,rigid_isometry,1,
404,admissible,edge_order,1,
404,admissible,full_iso,1,
404,mutation,metric,1,out_edge_type=G
404,mutation,edge_type,1,out_edge_type=G
404,mutation,boundary,1,boundary=open
404,mutation,warrant,1,warrant=definition
404,mutation,continuation,1,continuation=0
404,mutation,role,1,role=participant
405,admissible,rename,1,
405,admissible,rigid_isometry,1,
405,admissible,edge_order,1,
405,admissible,full_iso,1,
405,mutation,metric,1,out_edge_type=G
405,mutation,edge_type,1,out_edge_type=G
405,mutation,boundary,1,boundary=open
405,mutation,warrant,1,warrant=definition
405,mutation,continuation,1,continuation=0
405,mutation,role,1,role=participant
406,admissible,rename,1,
406,admissible,rigid_isometry,1,
406,admissible,edge_order,1,
406,admissible,full_iso,1,
406,mutation,metric,1,out_edge_type=G
406,mutation,edge_type,1,out_edge_type=G
406,mutation,boundary,1,boundary=open
406,mutation,warrant,1,warrant=definition
406,mutation,continuation,1,continuation=0
406,mutation,role,1,role=participant
407,admissible,rename,1,
407,admissible,rigid_isometry,1,
407,admissible,edge_order,1,
407,admissible,full_iso,1,
407,mutation,metric,1,out_edge_type=G
407,mutation,edge_type,1,out_edge_type=G
407,mutation,boundary,1,boundary=open
407,mutation,warrant,1,warrant=definition
407,mutation,continuation,1,continuation=0
407,mutation,role,1,role=participant
408,admissible,rename,1,
408,admissible,rigid_isometry,1,
408,admissible,edge_order,1,
408,admissible,full_iso,1,
408,mutation,metric,1,out_edge_type=G
408,mutation,edge_type,1,out_edge_type=G
408,mutation,boundary,1,boundary=open
408,mutation,warrant,1,warrant=definition
408,mutation,continuation,1,continuation=0
408,mutation,role,1,role=participant
409,admissible,rename,1,
409,admissible,rigid_isometry,1,
409,admissible,edge_order,1,
409,admissible,full_iso,1,
409,mutation,metric,1,typed_neighbor=G@2.0
409,mutation,edge_type,1,out_edge_type=G
409,mutation,boundary,1,boundary=open
409,mutation,warrant,1,warrant=definition
409,mutation,continuation,1,continuation=0
409,mutation,role,1,role=participant
410,admissible,rename,1,
410,admissible,rigid_isometry,1,
410,admissible,edge_order,1,
410,admissible,full_iso,1,
410,mutation,metric,1,out_edge_type=G
410,mutation,edge_type,1,out_edge_type=G
410,mutation,boundary,1,boundary=open
410,mutation,warrant,1,warrant=definition
410,mutation,continuation,1,continuation=0
410,mutation,role,1,role=participant
411,admissible,rename,1,
411,admissible,rigid_isometry,1,
411,admissible,edge_order,1,
411,admissible,full_iso,1,
411,mutation,metric,1,exists_metric_le=1.25
411,mutation,edge_type,1,out_edge_type=G
411,mutation,boundary,1,boundary=open
411,mutation,warrant,1,warrant=definition
411,mutation,continuation,1,continuation=0
411,mutation,role,1,role=participant
412,admissible,rename,1,
412,admissible,rigid_isometry,1,
412,admissible,edge_order,1,
412,admissible,full_iso,1,
412,mutation,metric,1,out_edge_type=G
412,mutation,edge_type,1,out_edge_type=G
412,mutation,boundary,1,boundary=open
412,mutation,warrant,1,warrant=definition
412,mutation,continuation,1,continuation=0
412,mutation,role,1,role=participant
413,admissible,rename,1,
413,admissible,rigid_isometry,1,
413,admissible,edge_order,1,
413,admissible,full_iso,1,
413,mutation,metric,1,typed_neighbor=G@1.25
413,mutation,edge_type,1,out_edge_type=G
413,mutation,boundary,1,boundary=open
413,mutation,warrant,1,warrant=definition
413,mutation,continuation,1,continuation=0
413,mutation,role,1,role=participant
414,admissible,rename,1,
414,admissible,rigid_isometry,1,
414,admissible,edge_order,1,
414,admissible,full_iso,1,
414,mutation,metric,1,out_edge_type=G
414,mutation,edge_type,1,out_edge_type=G
414,mutation,boundary,1,boundary=open
414,mutation,warrant,1,warrant=definition
414,mutation,continuation,1,continuation=0
414,mutation,role,1,role=participant
415,admissible,rename,1,
415,admissible,rigid_isometry,1,
415,admissible,edge_order,1,
415,admissible,full_iso,1,
415,mutation,metric,1,out_edge_type=G
415,mutation,edge_type,1,out_edge_type=G
415,mutation,boundary,1,boundary=open
415,mutation,warrant,1,warrant=definition
415,mutation,continuation,1,continuation=0
415,mutation,role,1,role=participant
416,admissible,rename,1,
416,admissible,rigid_isometry,1,
416,admissible,edge_order,1,
416,admissible,full_iso,1,
416,mutation,metric,1,out_edge_type=G
416,mutation,edge_type,1,out_edge_type=G
416,mutation,boundary,1,boundary=open
416,mutation,warrant,1,warrant=definition
416,mutation,continuation,1,continuation=0
416,mutation,role,1,role=participant
417,admissible,rename,1,
417,admissible,rigid_isometry,1,
417,admissible,edge_order,1,
417,admissible,full_iso,1,
417,mutation,metric,1,out_edge_type=G
417,mutation,edge_type,1,out_edge_type=G
417,mutation,boundary,1,boundary=open
417,mutation,warrant,1,warrant=definition
417,mutation,continuation,1,continuation=0
417,mutation,role,1,role=participant
418,admissible,rename,1,
418,admissible,rigid_isometry,1,
418,admissible,edge_order,1,
418,admissible,full_iso,1,
418,mutation,metric,1,exists_metric_le=1.25
418,mutation,edge_type,1,out_edge_type=G
418,mutation,boundary,1,boundary=open
418,mutation,warrant,1,warrant=definition
418,mutation,continuation,1,continuation=0
418,mutation,role,1,role=participant
419,admissible,rename,1,
419,admissible,rigid_isometry,1,
419,admissible,edge_order,1,
419,admissible,full_iso,1,
419,mutation,metric,1,typed_neighbor=G@1.25
419,mutation,edge_type,1,out_edge_type=G
419,mutation,boundary,1,boundary=open
419,mutation,warrant,1,warrant=definition
419,mutation,continuation,1,continuation=0
419,mutation,role,1,role=participant
420,admissible,rename,1,
420,admissible,rigid_isometry,1,
420,admissible,edge_order,1,
420,admissible,full_iso,1,
420,mutation,metric,1,out_edge_type=G
420,mutation,edge_type,1,out_edge_type=G
420,mutation,boundary,1,boundary=open
420,mutation,warrant,1,warrant=definition
420,mutation,continuation,1,continuation=0
420,mutation,role,1,role=participant
421,admissible,rename,1,
421,admissible,rigid_isometry,1,
421,admissible,edge_order,1,
421,admissible,full_iso,1,
421,mutation,metric,1,out_edge_type=G
421,mutation,edge_type,1,out_edge_type=G
421,mutation,boundary,1,boundary=open
421,mutation,warrant,1,warrant=definition
421,mutation,continuation,1,continuation=0
421,mutation,role,1,role=participant
422,admissible,rename,1,
422,admissible,rigid_isometry,1,
422,admissible,edge_order,1,
422,admissible,full_iso,1,
422,mutation,metric,1,out_edge_type=G
422,mutation,edge_type,1,out_edge_type=G
422,mutation,boundary,1,boundary=open
422,mutation,warrant,1,warrant=definition
422,mutation,continuation,1,continuation=0
422,mutation,role,1,role=participant
423,admissible,rename,1,
423,admissible,rigid_isometry,1,
423,admissible,edge_order,1,
423,admissible,full_iso,1,
423,mutation,metric,1,exists_metric_le=1.25
423,mutation,edge_type,1,out_edge_type=G
423,mutation,boundary,1,boundary=open
423,mutation,warrant,1,warrant=definition
423,mutation,continuation,1,continuation=0
423,mutation,role,1,role=participant
424,admissible,rename,1,
424,admissible,rigid_isometry,1,
424,admissible,edge_order,1,
424,admissible,full_iso,1,
424,mutation,metric,1,exists_metric_le=1.25
424,mutation,edge_type,1,out_edge_type=G
424,mutation,boundary,1,boundary=open
424,mutation,warrant,1,warrant=definition
424,mutation,continuation,1,continuation=0
424,mutation,role,1,role=participant
425,admissible,rename,1,
425,admissible,rigid_isometry,1,
425,admissible,edge_order,1,
425,admissible,full_iso,1,
425,mutation,metric,1,out_edge_type=G
425,mutation,edge_type,1,out_edge_type=G
425,mutation,boundary,1,boundary=open
425,mutation,warrant,1,warrant=definition
425,mutation,continuation,1,continuation=0
425,mutation,role,1,role=participant
426,admissible,rename,1,
426,admissible,rigid_isometry,1,
426,admissible,edge_order,1,
426,admissible,full_iso,1,
426,mutation,metric,1,out_edge_type=G
426,mutation,edge_type,1,out_edge_type=G
426,mutation,boundary,1,boundary=open
426,mutation,warrant,1,warrant=definition
426,mutation,continuation,1,continuation=0
426,mutation,role,1,role=participant
427,admissible,rename,1,
427,admissible,rigid_isometry,1,
427,admissible,edge_order,1,
427,admissible,full_iso,1,
427,mutation,metric,1,out_edge_type=G
427,mutation,edge_type,1,out_edge_type=G
427,mutation,boundary,1,boundary=open
427,mutation,warrant,1,warrant=definition
427,mutation,continuation,1,continuation=0
427,mutation,role,1,role=participant
428,admissible,rename,1,
428,admissible,rigid_isometry,1,
428,admissible,edge_order,1,
428,admissible,full_iso,1,
428,mutation,metric,1,out_edge_type=G
428,mutation,edge_type,1,out_edge_type=G
428,mutation,boundary,1,boundary=open
428,mutation,warrant,1,warrant=definition
428,mutation,continuation,1,continuation=0
428,mutation,role,1,role=participant
429,admissible,rename,1,
429,admissible,rigid_isometry,1,
429,admissible,edge_order,1,
429,admissible,full_iso,1,
429,mutation,metric,1,exists_metric_le=1.25
429,mutation,edge_type,1,out_edge_type=G
429,mutation,boundary,1,boundary=open
429,mutation,warrant,1,warrant=definition
429,mutation,continuation,1,continuation=0
429,mutation,role,1,role=participant
430,admissible,rename,1,
430,admissible,rigid_isometry,1,
430,admissible,edge_order,1,
430,admissible,full_iso,1,
430,mutation,metric,1,out_edge_type=G
430,mutation,edge_type,1,out_edge_type=G
430,mutation,boundary,1,boundary=open
430,mutation,warrant,1,warrant=definition
430,mutation,continuation,1,continuation=0
430,mutation,role,1,role=participant
431,admissible,rename,1,
431,admissible,rigid_isometry,1,
431,admissible,edge_order,1,
431,admissible,full_iso,1,
431,mutation,metric,1,out_edge_type=G
431,mutation,edge_type,1,out_edge_type=G
431,mutation,boundary,1,boundary=open
431,mutation,warrant,1,warrant=definition
431,mutation,continuation,1,continuation=0
431,mutation,role,1,role=participant
432,admissible,rename,1,
432,admissible,rigid_isometry,1,
432,admissible,edge_order,1,
432,admissible,full_iso,1,
432,mutation,metric,1,exists_metric_le=1.25
432,mutation,edge_type,1,out_edge_type=G
432,mutation,boundary,1,boundary=open
432,mutation,warrant,1,warrant=definition
432,mutation,continuation,1,continuation=0
432,mutation,role,1,role=participant
433,admissible,rename,1,
433,admissible,rigid_isometry,1,
433,admissible,edge_order,1,
433,admissible,full_iso,1,
433,mutation,metric,1,out_edge_type=G
433,mutation,edge_type,1,out_edge_type=G
433,mutation,boundary,1,boundary=open
433,mutation,warrant,1,warrant=definition
433,mutation,continuation,1,continuation=0
433,mutation,role,1,role=participant
434,admissible,rename,1,
434,admissible,rigid_isometry,1,
434,admissible,edge_order,1,
434,admissible,full_iso,1,
434,mutation,metric,1,out_edge_type=G
434,mutation,edge_type,1,out_edge_type=G
434,mutation,boundary,1,boundary=open
434,mutation,warrant,1,warrant=definition
434,mutation,continuation,1,continuation=0
434,mutation,role,1,role=participant
435,admissible,rename,1,
435,admissible,rigid_isometry,1,
435,admissible,edge_order,1,
435,admissible,full_iso,1,
435,mutation,metric,1,exists_metric_le=1.25
435,mutation,edge_type,1,out_edge_type=G
435,mutation,boundary,1,boundary=open
435,mutation,warrant,1,warrant=definition
435,mutation,continuation,1,continuation=0
435,mutation,role,1,role=participant
436,admissible,rename,1,
436,admissible,rigid_isometry,1,
436,admissible,edge_order,1,
436,admissible,full_iso,1,
436,mutation,metric,1,out_edge_type=G
436,mutation,edge_type,1,out_edge_type=G
436,mutation,boundary,1,boundary=open
436,mutation,warrant,1,warrant=definition
436,mutation,continuation,1,continuation=0
436,mutation,role,1,role=participant
437,admissible,rename,1,
437,admissible,rigid_isometry,1,
437,admissible,edge_order,1,
437,admissible,full_iso,1,
437,mutation,metric,1,out_edge_type=G
437,mutation,edge_type,1,out_edge_type=G
437,mutation,boundary,1,boundary=open
437,mutation,warrant,1,warrant=definition
437,mutation,continuation,1,continuation=0
437,mutation,role,1,role=participant
438,admissible,rename,1,
438,admissible,rigid_isometry,1,
438,admissible,edge_order,1,
438,admissible,full_iso,1,
438,mutation,metric,1,exists_metric_le=1.25
438,mutation,edge_type,1,out_edge_type=G
438,mutation,boundary,1,boundary=open
438,mutation,warrant,1,warrant=definition
438,mutation,continuation,1,continuation=0
438,mutation,role,1,role=participant
439,admissible,rename,1,
439,admissible,rigid_isometry,1,
439,admissible,edge_order,1,
439,admissible,full_iso,1,
439,mutation,metric,1,out_edge_type=G
439,mutation,edge_type,1,out_edge_type=G
439,mutation,boundary,1,boundary=open
439,mutation,warrant,1,warrant=definition
439,mutation,continuation,1,continuation=0
439,mutation,role,1,role=participant
440,admissible,rename,1,
440,admissible,rigid_isometry,1,
440,admissible,edge_order,1,
440,admissible,full_iso,1,
440,mutation,metric,1,out_edge_type=G
440,mutation,edge_type,1,out_edge_type=G
440,mutation,boundary,1,boundary=open
440,mutation,warrant,1,warrant=definition
440,mutation,continuation,1,continuation=0
440,mutation,role,1,role=participant
441,admissible,rename,1,
441,admissible,rigid_isometry,1,
441,admissible,edge_order,1,
441,admissible,full_iso,1,
441,mutation,metric,1,out_edge_type=G
441,mutation,edge_type,1,out_edge_type=G
441,mutation,boundary,1,boundary=open
441,mutation,warrant,1,warrant=definition
441,mutation,continuation,1,continuation=0
441,mutation,role,1,role=participant
442,admissible,rename,1,
442,admissible,rigid_isometry,1,
442,admissible,edge_order,1,
442,admissible,full_iso,1,
442,mutation,metric,1,exists_same_type_metric_le=1.25
442,mutation,edge_type,1,out_edge_type=G
442,mutation,boundary,1,boundary=open
442,mutation,warrant,1,warrant=definition
442,mutation,continuation,1,continuation=0
442,mutation,role,1,role=participant
443,admissible,rename,1,
443,admissible,rigid_isometry,1,
443,admissible,edge_order,1,
443,admissible,full_iso,1,
443,mutation,metric,1,out_edge_type=G
443,mutation,edge_type,1,out_edge_type=G
443,mutation,boundary,1,boundary=open
443,mutation,warrant,1,warrant=definition
443,mutation,continuation,1,continuation=0
443,mutation,role,1,role=participant
444,admissible,rename,1,
444,admissible,rigid_isometry,1,
444,admissible,edge_order,1,
444,admissible,full_iso,1,
444,mutation,metric,1,out_edge_type=G
444,mutation,edge_type,1,out_edge_type=G
444,mutation,boundary,1,boundary=open
444,mutation,warrant,1,warrant=definition
444,mutation,continuation,1,continuation=0
444,mutation,role,1,role=participant
445,admissible,rename,1,
445,admissible,rigid_isometry,1,
445,admissible,edge_order,1,
445,admissible,full_iso,1,
445,mutation,metric,1,out_edge_type=G
445,mutation,edge_type,1,out_edge_type=G
445,mutation,boundary,1,boundary=open
445,mutation,warrant,1,warrant=definition
445,mutation,continuation,1,continuation=0
445,mutation,role,1,role=participant
446,admissible,rename,1,
446,admissible,rigid_isometry,1,
446,admissible,edge_order,1,
446,admissible,full_iso,1,
446,mutation,metric,1,typed_neighbor=G@1.25
446,mutation,edge_type,1,out_edge_type=G
446,mutation,boundary,1,boundary=open
446,mutation,warrant,1,warrant=definition
446,mutation,continuation,1,continuation=0
446,mutation,role,1,role=participant
447,admissible,rename,1,
447,admissible,rigid_isometry,1,
447,admissible,edge_order,1,
447,admissible,full_iso,1,
447,mutation,metric,1,exists_metric_le=1.25
447,mutation,edge_type,1,out_edge_type=G
447,mutation,boundary,1,boundary=open
447,mutation,warrant,1,warrant=definition
447,mutation,continuation,1,continuation=0
447,mutation,role,1,role=participant
448,admissible,rename,1,
448,admissible,rigid_isometry,1,
448,admissible,edge_order,1,
448,admissible,full_iso,1,
448,mutation,metric,1,out_edge_type=G
448,mutation,edge_type,1,out_edge_type=G
448,mutation,boundary,1,boundary=open
448,mutation,warrant,1,warrant=definition
448,mutation,continuation,1,continuation=0
448,mutation,role,1,role=participant
449,admissible,rename,1,
449,admissible,rigid_isometry,1,
449,admissible,edge_order,1,
449,admissible,full_iso,1,
449,mutation,metric,1,exists_metric_le=1.25
449,mutation,edge_type,1,out_edge_type=G
449,mutation,boundary,1,boundary=open
449,mutation,warrant,1,warrant=definition
449,mutation,continuation,1,continuation=0
449,mutation,role,1,role=participant
450,admissible,rename,1,
450,admissible,rigid_isometry,1,
450,admissible,edge_order,1,
450,admissible,full_iso,1,
450,mutation,metric,1,out_edge_type=G
450,mutation,edge_type,1,out_edge_type=G
450,mutation,boundary,1,boundary=open
450,mutation,warrant,1,warrant=definition
450,mutation,continuation,1,continuation=0
450,mutation,role,1,role=participant
451,admissible,rename,1,
451,admissible,rigid_isometry,1,
451,admissible,edge_order,1,
451,admissible,full_iso,1,
451,mutation,metric,1,out_edge_type=G
451,mutation,edge_type,1,out_edge_type=G
451,mutation,boundary,1,boundary=open
451,mutation,warrant,1,warrant=definition
451,mutation,continuation,1,continuation=0
451,mutation,role,1,role=participant
452,admissible,rename,1,
452,admissible,rigid_isometry,1,
452,admissible,edge_order,1,
452,admissible,full_iso,1,
452,mutation,metric,1,out_edge_type=G
452,mutation,edge_type,1,out_edge_type=G
452,mutation,boundary,1,boundary=open
452,mutation,warrant,1,warrant=definition
452,mutation,continuation,1,continuation=0
452,mutation,role,1,role=participant
453,admissible,rename,1,
453,admissible,rigid_isometry,1,
453,admissible,edge_order,1,
453,admissible,full_iso,1,
453,mutation,metric,1,exists_metric_le=1.25
453,mutation,edge_type,1,out_edge_type=G
453,mutation,boundary,1,boundary=open
453,mutation,warrant,1,warrant=definition
453,mutation,continuation,1,continuation=0
453,mutation,role,1,role=participant
454,admissible,rename,1,
454,admissible,rigid_isometry,1,
454,admissible,edge_order,1,
454,admissible,full_iso,1,
454,mutation,metric,1,out_edge_type=G
454,mutation,edge_type,1,out_edge_type=G
454,mutation,boundary,1,boundary=open
454,mutation,warrant,1,warrant=definition
454,mutation,continuation,1,continuation=0
454,mutation,role,1,role=participant
455,admissible,rename,1,
455,admissible,rigid_isometry,1,
455,admissible,edge_order,1,
455,admissible,full_iso,1,
455,mutation,metric,1,exists_metric_le=1.25
455,mutation,edge_type,1,out_edge_type=G
455,mutation,boundary,1,boundary=open
455,mutation,warrant,1,warrant=definition
455,mutation,continuation,1,continuation=0
455,mutation,role,1,role=participant
456,admissible,rename,1,
456,admissible,rigid_isometry,1,
456,admissible,edge_order,1,
456,admissible,full_iso,1,
456,mutation,metric,1,out_edge_type=G
456,mutation,edge_type,1,out_edge_type=G
456,mutation,boundary,1,boundary=open
456,mutation,warrant,1,warrant=definition
456,mutation,continuation,1,continuation=0
456,mutation,role,1,role=participant
457,admissible,rename,1,
457,admissible,rigid_isometry,1,
457,admissible,edge_order,1,
457,admissible,full_iso,1,
457,mutation,metric,1,out_edge_type=G
457,mutation,edge_type,1,out_edge_type=G
457,mutation,boundary,1,boundary=open
457,mutation,warrant,1,warrant=definition
457,mutation,continuation,1,continuation=0
457,mutation,role,1,role=participant
458,admissible,rename,1,
458,admissible,rigid_isometry,1,
458,admissible,edge_order,1,
458,admissible,full_iso,1,
458,mutation,metric,1,exists_metric_le=1.25
458,mutation,edge_type,1,out_edge_type=G
458,mutation,boundary,1,boundary=open
458,mutation,warrant,1,warrant=definition
458,mutation,continuation,1,continuation=0
458,mutation,role,1,role=participant
459,admissible,rename,1,
459,admissible,rigid_isometry,1,
459,admissible,edge_order,1,
459,admissible,full_iso,1,
459,mutation,metric,1,out_edge_type=G
459,mutation,edge_type,1,out_edge_type=G
459,mutation,boundary,1,boundary=open
459,mutation,warrant,1,warrant=definition
459,mutation,continuation,1,continuation=0
459,mutation,role,1,role=participant
460,admissible,rename,1,
460,admissible,rigid_isometry,1,
460,admissible,edge_order,1,
460,admissible,full_iso,1,
460,mutation,metric,1,out_edge_type=G
460,mutation,edge_type,1,out_edge_type=G
460,mutation,boundary,1,boundary=open
460,mutation,warrant,1,warrant=definition
460,mutation,continuation,1,continuation=0
460,mutation,role,1,role=participant
461,admissible,rename,1,
461,admissible,rigid_isometry,1,
461,admissible,edge_order,1,
461,admissible,full_iso,1,
461,mutation,metric,1,out_edge_type=G
461,mutation,edge_type,1,out_edge_type=G
461,mutation,boundary,1,boundary=open
461,mutation,warrant,1,warrant=definition
461,mutation,continuation,1,continuation=0
461,mutation,role,1,role=participant
462,admissible,rename,1,
462,admissible,rigid_isometry,1,
462,admissible,edge_order,1,
462,admissible,full_iso,1,
462,mutation,metric,1,out_edge_type=G
462,mutation,edge_type,1,out_edge_type=G
462,mutation,boundary,1,boundary=open
462,mutation,warrant,1,warrant=definition
462,mutation,continuation,1,continuation=0
462,mutation,role,1,role=participant
463,admissible,rename,1,
463,admissible,rigid_isometry,1,
463,admissible,edge_order,1,
463,admissible,full_iso,1,
463,mutation,metric,1,exists_same_type_metric_le=3.0
463,mutation,edge_type,1,out_edge_type=G
463,mutation,boundary,1,boundary=open
463,mutation,warrant,1,warrant=definition
463,mutation,continuation,1,continuation=0
463,mutation,role,1,role=participant
464,admissible,rename,1,
464,admissible,rigid_isometry,1,
464,admissible,edge_order,1,
464,admissible,full_iso,1,
464,mutation,metric,1,out_edge_type=G
464,mutation,edge_type,1,out_edge_type=G
464,mutation,boundary,1,boundary=open
464,mutation,warrant,1,warrant=definition
464,mutation,continuation,1,continuation=0
464,mutation,role,1,role=participant
465,admissible,rename,1,
465,admissible,rigid_isometry,1,
465,admissible,edge_order,1,
465,admissible,full_iso,1,
465,mutation,metric,1,out_edge_type=G
465,mutation,edge_type,1,out_edge_type=G
465,mutation,boundary,1,boundary=open
465,mutation,warrant,1,warrant=definition
465,mutation,continuation,1,continuation=0
465,mutation,role,1,role=participant
466,admissible,rename,1,
466,admissible,rigid_isometry,1,
466,admissible,edge_order,1,
466,admissible,full_iso,1,
466,mutation,metric,1,out_edge_type=G
466,mutation,edge_type,1,out_edge_type=G
466,mutation,boundary,1,boundary=open
466,mutation,warrant,1,warrant=definition
466,mutation,continuation,1,continuation=0
466,mutation,role,1,role=participant
467,admissible,rename,1,
467,admissible,rigid_isometry,1,
467,admissible,edge_order,1,
467,admissible,full_iso,1,
467,mutation,metric,1,out_edge_type=G
467,mutation,edge_type,1,out_edge_type=G
467,mutation,boundary,1,boundary=open
467,mutation,warrant,1,warrant=definition
467,mutation,continuation,1,continuation=0
467,mutation,role,1,role=participant
468,admissible,rename,1,
468,admissible,rigid_isometry,1,
468,admissible,edge_order,1,
468,admissible,full_iso,1,
468,mutation,metric,1,exists_metric_le=2.0
468,mutation,edge_type,1,out_edge_type=G
468,mutation,boundary,1,boundary=open
468,mutation,warrant,1,warrant=definition
468,mutation,continuation,1,continuation=0
468,mutation,role,1,role=participant
469,admissible,rename,1,
469,admissible,rigid_isometry,1,
469,admissible,edge_order,1,
469,admissible,full_iso,1,
469,mutation,metric,1,out_edge_type=G
469,mutation,edge_type,1,out_edge_type=G
469,mutation,boundary,1,boundary=open
469,mutation,warrant,1,warrant=definition
469,mutation,continuation,1,continuation=0
469,mutation,role,1,role=participant
470,admissible,rename,1,
470,admissible,rigid_isometry,1,
470,admissible,edge_order,1,
470,admissible,full_iso,1,
470,mutation,metric,1,exists_metric_le=1.25
470,mutation,edge_type,1,out_edge_type=G
470,mutation,boundary,1,boundary=open
470,mutation,warrant,1,warrant=definition
470,mutation,continuation,1,continuation=0
470,mutation,role,1,role=participant
471,admissible,rename,1,
471,admissible,rigid_isometry,1,
471,admissible,edge_order,1,
471,admissible,full_iso,1,
471,mutation,metric,1,typed_neighbor=G@2.0
471,mutation,edge_type,1,out_edge_type=G
471,mutation,boundary,1,boundary=open
471,mutation,warrant,1,warrant=definition
471,mutation,continuation,1,continuation=0
471,mutation,role,1,role=participant
472,admissible,rename,1,
472,admissible,rigid_isometry,1,
472,admissible,edge_order,1,
472,admissible,full_iso,1,
472,mutation,metric,1,out_edge_type=G
472,mutation,edge_type,1,out_edge_type=G
472,mutation,boundary,1,boundary=open
472,mutation,warrant,1,warrant=definition
472,mutation,continuation,1,continuation=0
472,mutation,role,1,role=participant
473,admissible,rename,1,
473,admissible,rigid_isometry,1,
473,admissible,edge_order,1,
473,admissible,full_iso,1,
473,mutation,metric,1,out_edge_type=G
473,mutation,edge_type,1,out_edge_type=G
473,mutation,boundary,1,boundary=open
473,mutation,warrant,1,warrant=definition
473,mutation,continuation,1,continuation=0
473,mutation,role,1,role=participant
474,admissible,rename,1,
474,admissible,rigid_isometry,1,
474,admissible,edge_order,1,
474,admissible,full_iso,1,
474,mutation,metric,1,out_edge_type=G
474,mutation,edge_type,1,out_edge_type=G
474,mutation,boundary,1,boundary=open
474,mutation,warrant,1,warrant=definition
474,mutation,continuation,1,continuation=0
474,mutation,role,1,role=participant
475,admissible,rename,1,
475,admissible,rigid_isometry,1,
475,admissible,edge_order,1,
475,admissible,full_iso,1,
475,mutation,metric,1,typed_neighbor=L@1.25
475,mutation,edge_type,1,out_edge_type=G
475,mutation,boundary,1,boundary=open
475,mutation,warrant,1,warrant=definition
475,mutation,continuation,1,continuation=0
475,mutation,role,1,role=participant
476,admissible,rename,1,
476,admissible,rigid_isometry,1,
476,admissible,edge_order,1,
476,admissible,full_iso,1,
476,mutation,metric,1,out_edge_type=G
476,mutation,edge_type,1,out_edge_type=G
476,mutation,boundary,1,boundary=open
476,mutation,warrant,1,warrant=definition
476,mutation,continuation,1,continuation=0
476,mutation,role,1,role=participant
477,admissible,rename,1,
477,admissible,rigid_isometry,1,
477,admissible,edge_order,1,
477,admissible,full_iso,1,
477,mutation,metric,1,out_edge_type=G
477,mutation,edge_type,1,out_edge_type=G
477,mutation,boundary,1,boundary=open
477,mutation,warrant,1,warrant=definition
477,mutation,continuation,1,continuation=0
477,mutation,role,1,role=participant
478,admissible,rename,1,
478,admissible,rigid_isometry,1,
478,admissible,edge_order,1,
478,admissible,full_iso,1,
478,mutation,metric,1,exists_metric_le=1.25
478,mutation,edge_type,1,out_edge_type=G
478,mutation,boundary,1,boundary=open
478,mutation,warrant,1,warrant=definition
478,mutation,continuation,1,continuation=0
478,mutation,role,1,role=participant
479,admissible,rename,1,
479,admissible,rigid_isometry,1,
479,admissible,edge_order,1,
479,admissible,full_iso,1,
479,mutation,metric,1,out_edge_type=G
479,mutation,edge_type,1,out_edge_type=G
479,mutation,boundary,1,boundary=open
479,mutation,warrant,1,warrant=definition
479,mutation,continuation,1,continuation=0
479,mutation,role,1,role=participant
480,admissible,rename,1,
480,admissible,rigid_isometry,1,
480,admissible,edge_order,1,
480,admissible,full_iso,1,
480,mutation,metric,1,out_edge_type=G
480,mutation,edge_type,1,out_edge_type=G
480,mutation,boundary,1,boundary=open
480,mutation,warrant,1,warrant=definition
480,mutation,continuation,1,continuation=0
480,mutation,role,1,role=participant
481,admissible,rename,1,
481,admissible,rigid_isometry,1,
481,admissible,edge_order,1,
481,admissible,full_iso,1,
481,mutation,metric,1,out_edge_type=G
481,mutation,edge_type,1,out_edge_type=G
481,mutation,boundary,1,boundary=open
481,mutation,warrant,1,warrant=definition
481,mutation,continuation,1,continuation=0
481,mutation,role,1,role=participant
482,admissible,rename,1,
482,admissible,rigid_isometry,1,
482,admissible,edge_order,1,
482,admissible,full_iso,1,
482,mutation,metric,1,typed_neighbor=G@3.0
482,mutation,edge_type,1,out_edge_type=G
482,mutation,boundary,1,boundary=open
482,mutation,warrant,1,warrant=definition
482,mutation,continuation,1,continuation=0
482,mutation,role,1,role=participant
483,admissible,rename,1,
483,admissible,rigid_isometry,1,
483,admissible,edge_order,1,
483,admissible,full_iso,1,
483,mutation,metric,1,out_edge_type=G
483,mutation,edge_type,1,out_edge_type=G
483,mutation,boundary,1,boundary=open
483,mutation,warrant,1,warrant=definition
483,mutation,continuation,1,continuation=0
483,mutation,role,1,role=participant
484,admissible,rename,1,
484,admissible,rigid_isometry,1,
484,admissible,edge_order,1,
484,admissible,full_iso,1,
484,mutation,metric,1,out_edge_type=G
484,mutation,edge_type,1,out_edge_type=G
484,mutation,boundary,1,boundary=open
484,mutation,warrant,1,warrant=definition
484,mutation,continuation,1,continuation=0
484,mutation,role,1,role=participant
485,admissible,rename,1,
485,admissible,rigid_isometry,1,
485,admissible,edge_order,1,
485,admissible,full_iso,1,
485,mutation,metric,1,out_edge_type=G
485,mutation,edge_type,1,out_edge_type=G
485,mutation,boundary,1,boundary=open
485,mutation,warrant,1,warrant=definition
485,mutation,continuation,1,continuation=0
485,mutation,role,1,role=participant
486,admissible,rename,1,
486,admissible,rigid_isometry,1,
486,admissible,edge_order,1,
486,admissible,full_iso,1,
486,mutation,metric,1,out_edge_type=G
486,mutation,edge_type,1,out_edge_type=G
486,mutation,boundary,1,boundary=open
486,mutation,warrant,1,warrant=definition
486,mutation,continuation,1,continuation=0
486,mutation,role,1,role=participant
487,admissible,rename,1,
487,admissible,rigid_isometry,1,
487,admissible,edge_order,1,
487,admissible,full_iso,1,
487,mutation,metric,1,out_edge_type=G
487,mutation,edge_type,1,out_edge_type=G
487,mutation,boundary,1,boundary=open
487,mutation,warrant,1,warrant=definition
487,mutation,continuation,1,continuation=0
487,mutation,role,1,role=participant
488,admissible,rename,1,
488,admissible,rigid_isometry,1,
488,admissible,edge_order,1,
488,admissible,full_iso,1,
488,mutation,metric,1,out_edge_type=G
488,mutation,edge_type,1,out_edge_type=G
488,mutation,boundary,1,boundary=open
488,mutation,warrant,1,warrant=definition
488,mutation,continuation,1,continuation=0
488,mutation,role,1,role=participant
489,admissible,rename,1,
489,admissible,rigid_isometry,1,
489,admissible,edge_order,1,
489,admissible,full_iso,1,
489,mutation,metric,1,typed_neighbor=G@2.0
489,mutation,edge_type,1,out_edge_type=G
489,mutation,boundary,1,boundary=open
489,mutation,warrant,1,warrant=definition
489,mutation,continuation,1,continuation=0
489,mutation,role,1,role=participant
490,admissible,rename,1,
490,admissible,rigid_isometry,1,
490,admissible,edge_order,1,
490,admissible,full_iso,1,
490,mutation,metric,1,out_edge_type=G
490,mutation,edge_type,1,out_edge_type=G
490,mutation,boundary,1,boundary=open
490,mutation,warrant,1,warrant=definition
490,mutation,continuation,1,continuation=0
490,mutation,role,1,role=participant
491,admissible,rename,1,
491,admissible,rigid_isometry,1,
491,admissible,edge_order,1,
491,admissible,full_iso,1,
491,mutation,metric,1,out_edge_type=G
491,mutation,edge_type,1,out_edge_type=G
491,mutation,boundary,1,boundary=open
491,mutation,warrant,1,warrant=definition
491,mutation,continuation,1,continuation=0
491,mutation,role,1,role=participant
492,admissible,rename,1,
492,admissible,rigid_isometry,1,
492,admissible,edge_order,1,
492,admissible,full_iso,1,
492,mutation,metric,1,exists_metric_le=2.0
492,mutation,edge_type,1,out_edge_type=G
492,mutation,boundary,1,boundary=open
492,mutation,warrant,1,warrant=definition
492,mutation,continuation,1,continuation=0
492,mutation,role,1,role=participant
493,admissible,rename,1,
493,admissible,rigid_isometry,1,
493,admissible,edge_order,1,
493,admissible,full_iso,1,
493,mutation,metric,1,out_edge_type=G
493,mutation,edge_type,1,out_edge_type=G
493,mutation,boundary,1,boundary=open
493,mutation,warrant,1,warrant=definition
493,mutation,continuation,1,continuation=0
493,mutation,role,1,role=participant
494,admissible,rename,1,
494,admissible,rigid_isometry,1,
494,admissible,edge_order,1,
494,admissible,full_iso,1,
494,mutation,metric,1,out_edge_type=G
494,mutation,edge_type,1,out_edge_type=G
494,mutation,boundary,1,boundary=open
494,mutation,warrant,1,warrant=definition
494,mutation,continuation,1,continuation=0
494,mutation,role,1,role=participant
495,admissible,rename,1,
495,admissible,rigid_isometry,1,
495,admissible,edge_order,1,
495,admissible,full_iso,1,
495,mutation,metric,1,exists_metric_le=1.25
495,mutation,edge_type,1,out_edge_type=G
495,mutation,boundary,1,boundary=open
495,mutation,warrant,1,warrant=definition
495,mutation,continuation,1,continuation=0
495,mutation,role,1,role=participant
496,admissible,rename,1,
496,admissible,rigid_isometry,1,
496,admissible,edge_order,1,
496,admissible,full_iso,1,
496,mutation,metric,1,exists_metric_le=1.25
496,mutation,edge_type,1,out_edge_type=G
496,mutation,boundary,1,boundary=open
496,mutation,warrant,1,warrant=definition
496,mutation,continuation,1,continuation=0
496,mutation,role,1,role=participant
497,admissible,rename,1,
497,admissible,rigid_isometry,1,
497,admissible,edge_order,1,
497,admissible,full_iso,1,
497,mutation,metric,1,out_edge_type=G
497,mutation,edge_type,1,out_edge_type=G
497,mutation,boundary,1,boundary=open
497,mutation,warrant,1,warrant=definition
497,mutation,continuation,1,continuation=0
497,mutation,role,1,role=participant
498,admissible,rename,1,
498,admissible,rigid_isometry,1,
498,admissible,edge_order,1,
498,admissible,full_iso,1,
498,mutation,metric,1,out_edge_type=G
498,mutation,edge_type,1,out_edge_type=G
498,mutation,boundary,1,boundary=open
498,mutation,warrant,1,warrant=definition
498,mutation,continuation,1,continuation=0
498,mutation,role,1,role=participant
499,admissible,rename,1,
499,admissible,rigid_isometry,1,
499,admissible,edge_order,1,
499,admissible,full_iso,1,
499,mutation,metric,1,out_edge_type=G
499,mutation,edge_type,1,out_edge_type=G
499,mutation,boundary,1,boundary=open
499,mutation,warrant,1,warrant=definition
499,mutation,continuation,1,continuation=0
499,mutation,role,1,role=participant
